video_id,label,elbow_L_mean,elbow_L_std,elbow_L_min,elbow_L_max,elbow_L_ptp,elbow_L_d_mean,elbow_L_d_max,elbow_R_mean,elbow_R_std,elbow_R_min,elbow_R_max,elbow_R_ptp,elbow_R_d_mean,elbow_R_d_max,shoulder_L_mean,shoulder_L_std,shoulder_L_min,shoulder_L_max,shoulder_L_ptp,shoulder_L_d_mean,shoulder_L_d_max,shoulder_R_mean,shoulder_R_std,shoulder_R_min,shoulder_R_max,shoulder_R_ptp,shoulder_R_d_mean,shoulder_R_d_max,hip_L_mean,hip_L_std,hip_L_min,hip_L_max,hip_L_ptp,hip_L_d_mean,hip_L_d_max,hip_R_mean,hip_R_std,hip_R_min,hip_R_max,hip_R_ptp,hip_R_d_mean,hip_R_d_max,knee_L_mean,knee_L_std,knee_L_min,knee_L_max,knee_L_ptp,knee_L_d_mean,knee_L_d_max,knee_R_mean,knee_R_std,knee_R_min,knee_R_max,knee_R_ptp,knee_R_d_mean,knee_R_d_max,wrist_y_rel_L_mean,wrist_y_rel_L_std,wrist_y_rel_L_min,wrist_y_rel_L_max,wrist_y_rel_L_ptp,wrist_y_rel_L_d_mean,wrist_y_rel_L_d_max,wrist_y_rel_R_mean,wrist_y_rel_R_std,wrist_y_rel_R_min,wrist_y_rel_R_max,wrist_y_rel_R_ptp,wrist_y_rel_R_d_mean,wrist_y_rel_R_d_max,hip_y_mean,hip_y_std,hip_y_min,hip_y_max,hip_y_ptp,hip_y_d_mean,hip_y_d_max,motion_ratio_upper_lower
biceps_curl_01,biceps_curl,161.79662449993972,40.933617207863755,10.81260919992887,179.84894126021126,169.0363320602824,10.032176635452139,97.97958839524048,166.04209008620498,29.284965357404456,31.259825085668258,179.2799006224221,148.02007553675384,9.501129866843014,68.57474094778955,8.99748109006749,2.6030388499881236,0.057266640831844386,13.78833082832856,13.731064187496715,1.372796941791062,8.446911382710796,9.973270471225026,2.3538569535697813,0.17993740172048123,12.950551824132079,12.770614422411597,1.5388269839810382,8.844533819239123,173.8022522899879,2.4167523474093944,169.0425025181368,178.9694243816541,9.926921863517293,2.0072706948379855,6.160656718594794,172.87830222560913,2.02772208919463,169.56364489333723,178.43140711125844,8.86776221792121,1.2838176514511734,8.114794836888052,177.06482679385684,3.1798889844364004,161.48946765766453,179.9507361144733,18.461268456808767,1.6750102364224968,17.34117640734962,176.62824491085001,2.411134520561811,167.34066510802384,179.81019163246458,12.469526524440738,1.228647411775164,12.168489221942394,0.9010744881839462,0.19027592889086867,0.36507479892395567,1.178882155319758,0.8138073563958023,0.03159236531114606,0.17192229198860254,0.9167119833833774,0.17612572233086923,0.4141094327451642,1.194425520843009,0.7803160880978448,0.03292562615354971,0.13471397355878745,0.0,0.0,0.0,0.0,0.0,0.0,0.0,3.6232204594091058
biceps_curl_01,biceps_curl,100.2189553553878,79.6836489071984,5.414414494258282,179.84894126021126,174.43452676595297,14.612001419333444,144.14439871678098,111.78616052289898,73.16965622736379,11.776073373457217,179.2799006224221,167.50382724896488,14.575043672243321,103.78637746783397,9.67335652741738,2.7082023068227326,0.057266640831844386,13.78833082832856,13.731064187496715,1.083959117577843,8.446911382710796,9.651954020539646,2.19846590840704,0.17993740172048123,12.206910505815298,12.026973104094816,1.3168503404341294,8.844533819239123,175.4041643981039,1.531698121290936,171.69072390154886,178.9694243816541,7.278700480105243,1.0015604338014599,6.160656718594794,173.83206186041573,1.9486552906788501,169.56364489333723,178.43140711125844,8.86776221792121,0.8004775865392093,8.114794836888052,178.63820321884572,1.0879157291547947,176.0093742457221,179.99378041075482,3.984406165032709,0.5242971459558144,2.74846427505463,177.44685786184658,1.6117437321455632,174.33465746586643,179.85308534386854,5.5184278780021145,0.45973785979581233,1.8815688673524846,0.61615187367494,0.2839705801503291,0.24144063008008942,0.9811904731458901,0.7397498430658007,0.04889336510125764,0.17192229198860254,0.6441693201399813,0.2694735085289681,0.27218977546223366,0.9675715428244751,0.6953817673622414,0.047853174161562415,0.16397580237538012,0.0,0.0,0.0,0.0,0.0,0.0,0.0,11.337769776226358
biceps_curl_01,biceps_curl,83.90648019428839,83.29731650802765,2.521954297156744,179.27197905482092,176.75002475766416,12.482655821777282,144.14439871678098,97.58713885609652,76.93389989602449,11.322035562044084,179.1107718513127,167.78873628926863,11.771599482437617,103.78637746783397,9.79693735714668,1.2608398045088687,7.441274790136939,11.342851764353453,3.901576974216514,0.37291268467344696,2.0750708169253187,9.657530688850727,0.6472075912213204,8.49799741156781,10.600937379282351,2.1029399677145406,0.34858156699898507,1.309900404923921,176.264727548919,0.505581057275374,175.51704548399042,177.21049486660291,1.6934493826124992,0.19767035847144732,0.7013719802037883,175.06002707220838,0.6543959370595849,173.65308909972526,176.38946016348152,2.736371063756252,0.2331532526966012,0.9575876945011714,179.42435186129703,0.3717216737500069,178.62939968188488,179.99378041075482,1.3643807288699463,0.1949029137995063,0.7496440887846916,178.4332346050859,0.9987293947281426,176.97607126565498,179.85308534386854,2.8770140782135627,0.24337550725668922,0.8694204152131135,0.5463144935872976,0.26959204757779176,0.24144063008008942,0.9141806361130702,0.6727400060329808,0.04967436663033811,0.1998888432474698,0.5828093496986858,0.2641143331676291,0.27218977546223366,0.9405484160089415,0.6683586405467078,0.04852030178002817,0.17047602569911602,0.0,0.0,0.0,0.0,0.0,0.0,0.0,28.737419347609055
biceps_curl_01,biceps_curl,99.11226991331327,84.61142966028554,2.0148426450613033,179.619558552902,177.6047159078407,12.500338482737089,162.041124140821,109.09764689643076,76.29953786368858,7.659940598125305,179.1107718513127,171.4508312531874,11.831004074157216,104.17111557027938,9.635222785286299,1.269880678989375,7.441274790136939,11.464947335329146,4.023672545192207,0.3822515728391141,2.0750708169253187,9.714186673147676,0.6906175343093668,8.49799741156781,10.94449480685192,2.4464973952841085,0.29386761776877013,1.309900404923921,176.17718449268688,0.7631341453867012,174.49121710128546,177.21049486660291,2.7192777653174574,0.22775399915461542,1.3009812068428346,174.7842808567134,0.7553994506373527,173.76874062622693,176.38946016348152,2.620719537254587,0.21281410497002087,0.9575876945011714,179.48450194243068,0.43775627448634946,178.5811996961887,179.995131572448,1.413931876259312,0.2255141891995514,0.7960991114011335,178.1458312007579,1.2924022181397696,176.16363883715684,179.79118730497808,3.627548467821242,0.29272164828559205,2.2776680629743,0.588190431476718,0.2786381691930428,0.2179588448992571,0.9141806361130702,0.6962217912138131,0.04808327603982749,0.1998888432474698,0.6274307524421096,0.2658838745786112,0.285289198833221,0.9405484160089415,0.6552592171757204,0.04624997516269794,0.17047602569911602,0.0,0.0,0.0,0.0,0.0,0.0,0.0,26.08193465028525
biceps_curl_01,biceps_curl,111.12867670913482,81.13196554041455,2.0148426450613033,179.619558552902,177.6047159078407,12.163368486643021,162.041124140821,120.43249008511694,73.11552687209351,7.659940598125305,179.47083847544488,171.81089787731958,11.556605701762923,104.17111557027938,9.6159694705241,1.2483217587597972,7.9140148469354346,11.698805720118601,3.7847908731831668,0.35400802772798534,1.3837806684364846,10.003157417077006,0.6911146850600044,8.003312596086028,10.94449480685192,2.9411822107658914,0.27480960198883175,1.5825002354755107,175.3819307457992,0.7979329904382798,174.14525880498846,176.64651162481087,2.5012528198224118,0.31393475603799315,1.3009812068428346,174.08585945212042,0.39402875221601463,172.82035439427455,174.5333905813709,1.7130361870963497,0.2590071505410153,1.1592130154218125,179.1748090006077,0.5765978462585521,178.18727764772632,179.995131572448,1.8078539247216838,0.1794182252952255,0.7960991114011335,177.85583141248887,1.2363190239114383,176.0381817826629,179.35844820790663,3.3202664252437444,0.38855085569326087,2.2776680629743,0.6266838791494483,0.26881682602257767,0.2179588448992571,0.9130806697130163,0.6951218248137592,0.044959236155347485,0.18379130008539746,0.6646630928536631,0.26255731576194413,0.285289198833221,0.948139800648751,0.66285060181553,0.044800796391953404,0.16784374905587662,0.0,0.0,0.0,0.0,0.0,0.0,0.0,21.34153503950046
biceps_curl_01,biceps_curl,87.78591974994619,83.24835419630567,2.5380403484041834,178.91422104952812,176.37618070112393,12.22628217569939,160.21388595169591,101.22614869205005,76.52191370432449,8.402750960529348,179.47083847544488,171.06808751491553,11.732915750830221,79.8223343786247,9.839764384032257,1.236397909398764,7.9140148469354346,11.698805720118601,3.7847908731831668,0.2609422558671481,1.3837806684364846,9.805460664681783,0.7433957602834917,8.003312596086028,11.627546979347969,3.624234383261941,0.37009241487920197,1.5825002354755107,175.33692527499272,0.7387967945686653,173.484545026822,176.41205835535771,2.927513328535724,0.3212428256844381,1.4448007357907784,174.2843264789579,0.5532792080173261,172.82035439427455,174.86494288024105,2.0445884859665,0.2652897103105555,1.194807545094136,179.2634408909331,0.6140455989982841,178.1059667462638,179.98762264548802,1.8816558992242278,0.16675255343152026,1.0214167479149978,177.67353606521954,1.1658781708652728,176.0381817826629,179.44376109019964,3.4055793075367546,0.34893522046149295,2.0974801252431234,0.5497755939355568,0.2734404105713106,0.21691844757394585,0.9130806697130163,0.6961622221390704,0.04551555008362192,0.17565510911104298,0.5912497548159796,0.27077614290936936,0.26891348046439734,0.948139800648751,0.6792263201843537,0.044453154462112024,0.15163435279020365,0.0,0.0,0.0,0.0,0.0,0.0,0.0,22.30972553914788
biceps_curl_02,biceps_curl,148.74521255118515,47.39319047076513,35.48951274290563,179.6096711911696,144.12015844826396,5.070853135650567,28.0120384528078,145.03509074305248,50.00730924751216,34.518828699406754,179.30903212800908,144.79020342860233,5.060364517240109,22.581621569371052,5.223813607731543,8.055203194546163,0.5064661595115855,38.27477174697096,37.76830558745938,1.3889324934055665,16.36356914110356,2.3231073175600554,1.9331808740588807,0.11559573883356684,7.088478885009757,6.972883146176191,0.40744075454284234,0.9045135369262656,177.49473413188667,1.3104098242313689,175.48150247312824,179.57072382654474,4.089221353416491,0.5563356157268162,1.9976997770671119,177.76673057889002,1.5004255135540732,174.11663405446896,179.71535592380172,5.598721869332763,0.6992221722681409,4.483405209548039,175.24249419900715,1.845172291813599,170.76714046439326,178.90078884710846,8.133648382715194,0.8159789718657151,2.865348034280629,169.41648046365293,5.275070202261175,156.18525792462057,175.43386822687907,19.2486103022585,1.7839833010142407,8.90799424975205,0.889790067001948,0.30916583902472006,0.16672417499738434,1.1232834623417125,0.9565592873443282,0.03476531359826722,0.1285230280530616,0.9518451359511799,0.35393663554115656,0.14935326506756397,1.2443225431794902,1.0949692781119262,0.038996071378711236,0.13283862956560522,0.0,0.0,0.0,0.0,0.0,0.0,0.0,3.0936399532395167
biceps_curl_02,biceps_curl,78.85683786892216,57.39935485557237,4.0708375599091315,178.38696243899682,174.31612487908768,9.859827930079513,29.60174093324965,74.58363105124211,54.698100584633714,23.724707582856183,177.50434946296576,153.77964188010958,7.8618170419801325,22.581621569371052,12.149846207561938,11.399037764652807,1.3424999066444223,39.37942919988848,38.03692929324406,4.731443474394549,31.367372358124893,5.150480392462831,2.395180809844592,0.4068159459475622,8.033812420858908,7.626996474911346,0.4198997175930293,1.13993220152976,177.4913887898333,0.7494759726318806,176.23454642112645,179.3439553407316,3.1094089196051584,0.43335610786107576,1.600755102749389,178.48253721637374,1.3497234925880182,174.11663405446896,179.99755185770047,5.880917803231512,0.3027186231711802,1.1735965702656301,177.2194574248891,1.607618086123968,173.1319391756422,178.90078884710846,5.768849671466256,0.7030457781260405,2.865348034280629,174.14051001322113,3.1818379589125074,160.0959382188128,175.77460962350165,15.678671404688856,0.7048105904061489,6.080483488511504,0.4743135686280192,0.31126436499003973,0.16672417499738434,1.090145620531362,0.9234214455339776,0.05011004433843234,0.1285230280530616,0.46365001484511753,0.372239010078051,0.12105081173334697,1.1752256047680736,1.0541747930347265,0.05271407359138863,0.13283862956560522,0.0,0.0,0.0,0.0,0.0,0.0,0.0,10.668714199208189
biceps_curl_02,biceps_curl,102.3839554133544,67.32304636895351,4.0708375599091315,179.96312245978592,175.89228489987678,7.082476000789682,29.60174093324965,99.8706134928629,65.775856882656,23.724707582856183,178.1570164764217,154.4323088935655,5.579699458543389,20.93345876694427,9.119066239729188,10.405722284916212,1.352045100782141,39.37942919988848,38.027384099106335,3.2816226742189927,31.367372358124893,4.333513803673893,2.7708211840980446,0.3348851323792849,8.033812420858908,7.698927288479623,0.32291279856763094,1.13993220152976,177.35558331389765,1.2333981707665551,174.19982845839868,179.01274899334027,4.812920534941583,0.4853209391883303,4.108470034682597,178.84842606381758,0.8184025075252737,176.7431023570954,179.99755185770047,3.2544495006050624,0.3393487826127141,1.2530098147544777,175.31791074156203,3.522719647997981,167.35210777473367,178.73689027854013,11.384782503806463,0.8705031052743761,8.411605835821348,173.63116653451007,2.6526490127393614,164.6941516670388,175.77460962350165,11.080457956462851,0.6584483121372249,6.296832032854809,0.6255165292617464,0.37445812100222925,0.17660572216866366,1.1098378194619167,0.9332320972932531,0.037093907970310314,0.12240923958295369,0.6388681539012935,0.44972638270865234,0.12105081173334697,1.2057206781424092,1.0846698664090622,0.039962467297097966,0.13652024904605164,0.0,0.0,0.0,0.0,0.0,0.0,0.0,6.911354874030993
biceps_curl_02,biceps_curl,171.8378365903989,13.77138761374155,122.38905219480698,179.96312245978592,57.57407026497894,2.1436842124586484,14.324033015393212,170.1092409868709,16.40023183277315,111.02330497788876,179.10682667533058,68.08352169744182,2.442900273624902,18.682422993450828,2.165062967785099,1.1293676552019347,0.05419980871924624,4.8511064199577705,4.796906611238525,0.26315658376740286,0.9247439842995409,1.3309741566015705,0.9847248175884854,0.041560353103577856,3.691739086403327,3.650178733299749,0.29656059505820503,0.8775643324845785,177.4424327197167,1.4760238283938913,174.19982845839868,179.92987048085223,5.730042022453546,0.6325140759710509,4.108470034682597,178.04127219910217,1.1073442843483488,175.98664521591647,179.8037383014863,3.8170930855698373,0.6048353865079552,3.5652171311891436,173.20967754761702,2.242072329473216,167.35210777473367,177.35337711563548,10.001269340901814,0.9024106429545351,8.411605835821348,169.72936888820044,4.335709048356377,156.93723318380785,174.7545975755262,17.817364391718343,1.6674277033810223,6.296832032854809,1.0318896901231036,0.1108854222479478,0.6790390642648736,1.116989318519319,0.43795025425444534,0.021750944226695264,0.07787682546963604,1.1147840083390221,0.1279891441315919,0.6671177660340322,1.2057206781424092,0.5386029121083771,0.025633748030015426,0.13652024904605164,0.0,0.0,0.0,0.0,0.0,0.0,0.0,1.3517330700088455
biceps_curl_02,biceps_curl,162.643817670169,29.923374082635323,65.61118921544659,179.74412304042517,114.13293382497858,4.0747974425136295,23.474497053340457,159.23561630771377,35.55070788002357,50.711908922841936,179.10682667533058,128.39491775248865,4.540929781386732,24.61343802097994,2.5004823170683212,2.487590743397854,0.05419980871924624,11.472095544531706,11.41789573581246,0.5615163797285763,3.2008513166039183,1.5529095888953313,1.2142726709411722,0.041560353103577856,4.161682003272265,4.120121650168687,0.33701173020227515,0.9463034039041067,177.86277226951592,1.0317737215985072,176.27563021614995,179.92987048085223,3.654240264702281,0.627228223216652,1.7138797123550091,178.1335031317959,1.1811027301882522,175.98664521591647,179.73764568835657,3.751000472440097,0.6180148748791,3.5652171311891436,174.83630277098752,1.216986845557828,172.60484288704052,177.95554000277193,5.350697115731407,0.38707106095186766,1.652115703353644,169.46955506527271,5.506222261010158,156.93723318380785,176.6336248606088,19.696391676800943,2.3821617826613175,9.122778694575288,0.9686740124077736,0.20583419443299433,0.3481288614614264,1.116989318519319,0.7688604570578925,0.02985949990214621,0.11546075516065668,1.0345611884602126,0.24459356749955172,0.3146132141757333,1.2001091270249618,0.8854959128492285,0.03448844893500875,0.14561226691061802,0.0,0.0,0.0,0.0,0.0,0.0,0.0,2.369986885456599
biceps_curl_02,biceps_curl,105.58843119620505,56.05942033630986,28.973433667967363,179.41836411942037,150.44493045145302,9.819575860627817,26.369861325833703,99.1460165138935,57.163292471689346,28.70712709336248,178.66489488942378,149.9577677960613,8.919049415179433,27.038799974214676,11.523062791711673,11.987320399439891,0.20818618673092643,35.220377621703925,35.012191434973,3.1507030179242586,11.734170587487565,3.6384190653390522,2.0776284404155922,0.21323593840428617,7.4579447163656205,7.244708777961335,0.5007906484087589,1.5098965344394788,177.71437341257393,0.8515183849184107,175.98181501546222,179.71232043182303,3.7305054163608133,0.5841794292040169,1.7138797123550091,179.06348116343062,0.8618174105763436,176.29202600459263,179.9675382507609,3.6755122461682674,0.29025717480853025,1.812973568041258,176.06586184732205,0.8793408833086147,174.74050928682905,177.95554000277193,3.2150307159428735,0.4891891121387244,1.9306740755364444,172.39621475088927,4.239460388252054,157.91244922166072,176.6336248606088,18.72117563894807,1.2929201458400692,9.122778694575288,0.60894746864214,0.33155860997849956,0.17818458944575688,1.0710707364713457,0.8928861470255888,0.05329018343699179,0.15717162196903722,0.6244338231546397,0.3805812322380566,0.1321679660882651,1.1542900084374914,1.0221220423492263,0.0606925571809588,0.14561226691061802,0.0,0.0,0.0,0.0,0.0,0.0,0.0,8.428282478570384
biceps_curl_02,biceps_curl,118.91613818370253,61.64251500382671,28.973433667967363,179.10790228878736,150.13446862082,6.968732034661919,26.369861325833703,115.14723441443178,63.07514194624424,28.70712709336248,179.02726246927458,150.3201353759121,5.789686583455632,27.038799974214676,10.540909686429453,12.491862467296157,0.03945008039952039,35.220377621703925,35.180927541304406,2.597762893140715,11.734170587487565,2.9762781897977635,2.428633516583491,0.2829753391038129,7.4579447163656205,7.1749693772618075,0.4157431335724333,1.5098965344394788,178.04007310615322,0.9890136387974846,175.98181501546222,179.75687378409495,3.775058768632732,0.40939142084455044,1.7776940215054253,178.83804182648248,1.0937284408431882,175.57657868524927,179.9675382507609,4.390959565511622,0.4835215365237604,2.906189638155496,175.61285115240372,1.1878178087593645,173.32268502327108,177.7238887213697,4.4012036980986124,0.48690545504232646,1.9306740755364444,171.59310434492147,4.420346723345628,155.51757518250463,176.01894107529225,20.501365892787618,1.4440850357029673,8.158023172868099,0.7022626911390809,0.37140899832254876,0.17818458944575688,1.1077285933001246,0.9295440038543678,0.03834238282599153,0.15717162196903722,0.7387678664522774,0.4265656178136158,0.1321679660882651,1.2029440742676936,1.0707761081794285,0.04461082503896938,0.14427902559873484,0.0,0.0,0.0,0.0,0.0,0.0,0.0,5.585150106802163
biceps_curl_03,biceps_curl,73.72620627073698,50.273880673906085,5.215550591318833,133.32765998124248,128.11210938992363,5.918301365793669,30.060883687266468,105.60770693215972,29.289134163954042,58.22943771545074,139.890312823277,81.66087510782624,6.515646836643482,33.68469613118532,27.78514118315922,7.606437447754902,14.05174988474761,37.885697218965674,23.833947334218067,2.1083629468035907,7.980266385861878,10.331094661981371,6.885630290341711,1.7799276562576818,25.61366030541313,23.83373264915545,3.484981299027155,9.97403181132191,172.9486698270553,2.361742011440501,168.0929421644204,179.35964787731575,11.266705712895345,0.7822472656114619,4.333578178958334,176.6050649905019,2.250922697234846,172.10749918080967,179.79292892844472,7.685429747635055,0.6820739149918864,1.9670173182392148,164.24264712103567,1.7603442964709506,157.39427834633483,165.79830396682044,8.404025620485612,0.41247018592276785,2.784477774155249,166.53783081221425,1.932947276514823,163.70642632056598,169.51149939160518,5.805073071039203,0.41574310557390765,1.3093424724977467,0.48371612648257994,0.3598363278859327,0.005243952398855223,0.9854899945941274,0.9802460421952722,0.04216474552606542,0.12480860272198901,0.5049353787470451,0.23048611408117264,0.17363600008441105,0.8327913032029034,0.6591553031184924,0.043098343225453487,0.2052831355783798,-7.484970398115761e-17,7.003088624757935e-17,-1.4354836763708079e-16,0.0,1.4354836763708079e-16,6.287624874779729e-17,1.4354836763708079e-16,7.86347715493866
biceps_curl_03,biceps_curl,90.09490899685345,45.310167042041826,12.500026854695014,133.32765998124248,120.82763312654747,5.645523829540201,21.344624335839747,115.76923819865145,21.470716853515295,70.8358691705579,139.890312823277,69.05444365271909,4.092875457623738,16.192798449028942,31.02525223673985,5.597463617071445,20.008954534305357,37.885697218965674,17.876742684660318,1.2657257760792655,7.532937177781221,14.942671362280837,10.649753096102287,1.7799276562576818,46.529421596683214,44.74949394042553,3.6127854804558823,12.960777128327585,174.00418428051051,1.869929248597897,170.42308392275098,177.13490253382807,6.711818611077092,0.7190248890081045,3.2703968721455396,175.4906012890939,3.700444886711162,167.79929816601128,179.79292892844472,11.99363076243344,0.7380198157175729,1.718269370145805,164.07018909947655,1.2206508008939905,162.08480854709904,165.79830396682044,3.713495419721397,0.24999893754054112,1.4306499360451426,166.69008006466578,1.9070509431143166,163.81690825365317,169.51149939160518,5.694591137952017,0.4604670582311373,1.3728579668275813,0.5889633679760862,0.35060827597241406,-0.00024405156367990344,0.9854899945941274,0.9857340461578074,0.05237009284797854,0.1969132790010547,0.5670901877240645,0.2253916548277131,0.1699585972244173,0.8327913032029034,0.6628327059784861,0.03641504085540167,0.11865200623447358,-8.941415316487956e-17,6.805713099957252e-17,-1.448494102440634e-16,0.0,1.448494102440634e-16,8.299006836149389e-17,1.448494102440634e-16,6.743639392573748
biceps_curl_03,biceps_curl,72.71855600627214,45.89981879425605,12.500026854695014,132.33512660496356,119.83509975026855,8.510397296745241,25.7207722066021,104.63584842239608,16.305759431507152,70.8358691705579,127.42684282310385,56.590973652545955,4.576687201419566,12.68793158147264,27.852539925428257,5.772617660719468,16.625344552769295,36.71119295107139,20.085848398302094,1.5985710958075452,4.992428525455271,18.58005347045169,11.39407448342578,4.813505810629727,46.529421596683214,41.715915786053486,4.060908163574139,12.960777128327585,173.76461448969383,2.231084629136463,169.6739445897733,177.13490253382807,7.460957944054769,0.8957427347492939,3.2703968721455396,173.3257807517197,2.605504215988699,167.79929816601128,176.49356926077144,8.694271094760154,0.8374006788908877,1.8273084321347142,164.32898297627807,1.489576143496281,162.08480854709904,166.2288219919633,4.1440134448642425,0.2175449084463041,0.7129703755943524,166.97910908010715,2.0362074292032273,163.81690825365317,169.4222056968477,5.60529744319453,0.3645098546094438,1.3728579668275813,0.44712779183380447,0.3212383383952296,-0.00024405156367990344,0.9710557656076194,0.9712998171712993,0.06290884986927142,0.1969132790010547,0.47028139366413335,0.20536517356987793,0.1699585972244173,0.7455032712446927,0.5755446740202754,0.03922373340460293,0.11865200623447358,-6.164773552752578e-17,7.050863627983388e-17,-1.448494102440634e-16,0.0,1.448494102440634e-16,8.838117019847354e-17,1.448494102440634e-16,8.097174551294836
biceps_curl_03,biceps_curl,100.37332807754177,35.756008565672445,13.399247560422664,130.83929606905707,117.4400485086344,6.335446620177428,25.7207722066021,121.12204461851185,16.058315053352405,86.02026728679296,147.41248301772129,61.39221573092833,4.599985376228159,12.68793158147264,30.55524728422756,7.020198037292023,16.625344552769295,38.73057345778029,22.105228905010993,1.770850620161439,8.519066317788859,14.914416768727799,9.16138796029456,4.616775413950928,35.42677688391466,30.810001469963733,2.196456264090577,8.872742756452013,173.27237310588637,1.8757900839736141,169.6739445897733,176.54102440585748,6.8670798160841855,0.8213125990787689,3.124755135195926,174.46991999189828,1.7305281298714121,169.45845836770727,176.90156721172548,7.443108844018212,0.7812938774538966,3.2453238480619575,164.68991013249632,1.6721429633977591,160.9843877514589,166.2288219919633,5.244434240504376,0.3329626803781976,1.4893433801834135,168.3706439381046,1.6908412082800717,164.81322458061538,171.0737212673111,6.260496686695717,0.46750609228573026,1.8472539316277903,0.677604339739072,0.26482357026560654,0.06053914433322549,0.9628594588373909,0.9023203145041654,0.04764384921109089,0.14486173798396784,0.6151882154340682,0.17708999477080523,0.23999554912634125,0.8242171630995827,0.5842216139732415,0.03677586492792799,0.09042600179858407,-6.668566162234177e-17,7.129751150393137e-17,-1.444157293750692e-16,0.0,1.444157293750692e-16,6.385576933121523e-17,1.43982048506075e-16,6.201528181707982
biceps_curl_03,biceps_curl,69.92405254507528,47.099554973725745,7.591251671754003,127.12543126248347,119.53417959072947,6.046897335441672,25.540410894850083,107.76217995862602,28.06107073302769,68.01453249363463,147.41248301772129,79.39795052408665,5.732585675119643,12.753576329245632,28.33953961665753,7.127688286029497,18.285394084612356,38.73057345778029,20.44517937316793,1.2221113821231715,8.519066317788859,17.30585707360933,6.581700807220788,4.616775413950928,33.59999952152651,28.983224107575584,2.1775197089410456,11.448193602192422,173.94055933828068,2.160159789010407,170.55287541839027,177.7435673552375,7.19069193684723,0.9978193904129725,2.685019861125369,173.23330955366538,2.6653568886854666,168.1223309352268,176.90156721172548,8.779236276498665,1.0123971623753143,3.2453238480619575,163.16805995432117,1.5565652110706303,160.9843877514589,165.7471378291545,4.762750077695586,0.376086510918184,1.4893433801834135,166.7264649077604,2.0120126579426825,164.81322458061538,171.0737212673111,6.260496686695717,0.47447087304270935,1.8472539316277903,0.48093912662216043,0.37313899317770044,0.0024747180260269452,0.9628594588373909,0.9603847408113639,0.05023298332873641,0.22828060215609014,0.48312713975382715,0.2476759392020657,0.1709707296996259,0.8242171630995827,0.6532464333999568,0.03651910239784053,0.08981760666924127,-9.021284876527721e-17,6.865138667216036e-17,-1.444157293750692e-16,0.0,1.444157293750692e-16,5.875628049235237e-17,1.43982048506075e-16,5.305946725337623
biceps_curl_03,biceps_curl,71.42378545722103,47.46172994553396,7.591251671754003,130.51780630191152,122.92655463015751,5.833559161605786,25.19195457936388,105.2480636959243,24.822136052024618,68.01453249363463,138.2891727983666,70.27464030473196,5.288856308212008,13.700699904912383,25.784718563996496,6.208087586862529,14.385990622747237,35.25160291808076,20.865612295333527,1.5368719526823635,8.545722599094493,18.95898602330684,8.095566603654445,8.119791543954825,35.04952069241085,26.929729148456026,2.4148489947700926,11.448193602192422,173.21438264873527,2.2403140074901504,170.4495255511586,177.7435673552375,7.2940418040789154,0.890851918344039,2.850935357900255,175.00596429174348,4.0061861561786385,168.1223309352268,179.94404517744238,11.821714242215563,0.8585668940095608,2.801236946912411,163.6900418688836,1.4038246584644312,161.38287552943834,165.9728150793454,4.589939549907058,0.30238632437891316,0.8574893551671607,166.26030814896785,1.4189534147650038,163.6472865226696,168.64036722141,4.993080698740414,0.3574068199077129,1.6398572136461667,0.4301563708825508,0.32143771435906715,0.0024747180260269452,0.913103258930959,0.9106285409049321,0.040116598860094325,0.10771502186814408,0.44545481720941577,0.20523466766851248,0.1709707296996259,0.738417978784685,0.5674472490850591,0.027394701063259443,0.07601081556907868,-8.547849927875717e-17,6.979716906701931e-17,-1.437652080715779e-16,0.0,1.437652080715779e-16,6.879075853011476e-17,1.437652080715779e-16,6.256874317646977
biceps_curl_03,biceps_curl,109.92102580724898,24.53899279803177,38.696119078672844,130.51780630191152,91.82168722323868,6.096775533168737,27.275872498477298,124.64791943556784,9.50689713117511,102.56311996329325,140.7618519017299,38.19873193843665,4.731518969056543,15.302675300137437,28.11022007737021,8.28287026966263,12.333668986114454,35.25160291808076,22.91793393196631,1.831596861292286,15.853035021970472,16.64952563627793,12.319522628812791,1.3738009221512875,48.12530937248672,46.75150845033543,4.03355102267666,19.043659668587164,174.06621012658718,2.452424157075481,170.4495255511586,178.90781211503202,8.458286563873429,0.8794166247286459,3.187139310565101,175.54584237668485,3.6189707821212056,167.24290757384424,179.94404517744238,12.701137603598141,0.9162157347306924,2.2294704978689026,162.37383709833549,2.6052816704645374,158.16589183252606,165.9728150793454,7.806923246819338,0.4206378253841714,1.4108637270879,163.82352219110365,4.334235646119742,155.81973171960763,168.64036722141,12.820635501802371,0.7744086121565703,3.6831718544953276,0.7066175386096644,0.22038748843407288,0.1623495261874749,0.9312983789956402,0.7689488528081653,0.042020756476273326,0.21078580789580847,0.6184612190152213,0.12703953248844477,0.2850658580573866,0.7565771658654349,0.4715113078080483,0.02751292250873408,0.09257310246439238,-6.150317523786105e-17,7.03404095794295e-17,-1.437652080715779e-16,0.0,1.437652080715779e-16,7.806255641895632e-17,1.437652080715779e-16,5.581823899958515
biceps_curl_03,biceps_curl,62.744768753560884,46.35909576477475,14.921265570432885,130.12632836429327,115.20506279386039,6.362739013099677,27.275872498477298,100.23594274381496,24.017388371137738,70.51838126251543,140.7618519017299,70.24347063921446,5.2570119166705584,16.20731024668028,22.988911458379047,8.025182041496189,12.333668986114454,34.57037286222378,22.236703876109324,1.6489961600099463,15.853035021970472,22.60176797061491,11.875458539587083,1.3738009221512875,48.12530937248672,46.75150845033543,5.103558614236613,19.043659668587164,173.71657818169564,2.580330208250638,168.7440345853897,178.90781211503202,10.163777529642317,0.6838872390031858,3.187139310565101,171.33872296503512,2.866025832521169,167.14380510920515,176.84350628451054,9.699701175305393,0.9337342747141867,2.823708576720037,160.9307050450702,1.394410512565501,158.16589183252606,162.69671256663494,4.530820734108886,0.30715863026277207,1.4108637270879,161.35331367483738,2.9768313688852253,155.81973171960763,167.35260656092927,11.532874841321643,0.6727240082491521,3.6831718544953276,0.3688875852568797,0.3816443594402276,-0.034469884181624,0.9312983789956402,0.9657682631772642,0.04536397997517337,0.21078580789580847,0.40561376248377023,0.22981408383542146,0.1389915318538486,0.7565771658654349,0.6175856340115863,0.031461170139476344,0.09257310246439238,-5.659535340374333e-17,6.932428595185251e-17,-1.43982048506075e-16,0.0,1.43982048506075e-16,7.809246544440419e-17,1.43982048506075e-16,7.073061149199259
biceps_curl_03,biceps_curl,64.2742221484204,44.11865889064055,14.921265570432885,122.5436210457435,107.62235547531063,6.174068750599598,37.53417441432639,96.75965759453314,19.50941850301392,70.51838126251543,120.81244687207042,50.29406560955499,3.96410491824658,16.20731024668028,21.739620041223404,8.824747472044576,1.097491107366144,34.30744984948653,33.209958742120385,2.544960199249404,17.9099689724302,19.013542287813266,10.5330118222002,2.885342900971032,35.62710552611886,32.74176262514783,3.1799475632018432,17.701655946492373,173.58062793883312,2.676220898775874,168.7440345853897,177.20860775093,8.464573165540315,0.5560074229314375,4.162532907660875,173.08620567891413,3.83327441983878,167.14380510920515,179.35193567207324,12.208130562868092,0.8499311960885934,2.823708576720037,161.97016074215009,0.34037389566057,160.92281573939746,162.42408847786822,1.5012727384707603,0.11082924831872815,0.4161615998619652,163.45210466546163,1.8239960564867679,159.34324892598363,165.87656977593056,6.533320849946932,0.2934746817453574,0.7240031858049178,0.3420683456874946,0.3202060933687151,-0.034469884181624,0.8675490357105726,0.9020189198921966,0.03877228555536376,0.1391619133468548,0.40884041120406256,0.21486895977465195,0.1389915318538486,0.726960947926687,0.5879694160728384,0.02666228525321726,0.0790351130390391,-5.21772295508649e-17,6.857910385967671e-17,-1.4430730915782064e-16,0.0,1.4430730915782064e-16,7.868690732518072e-17,1.4430730915782064e-16,8.762959106956844
biceps_curl_04,biceps_curl,98.612903711095,28.94430125474182,66.62366017598805,159.0697399944956,92.44607981850754,5.826183414437282,20.91494740011882,103.46039709071482,35.32027060364818,64.07761464981196,171.39070009825778,107.31308544844582,8.602824382126274,39.96085502599158,15.03724670516365,5.856866430799415,4.013696116187192,23.937053079649548,19.923356963462357,1.764705009032715,14.369274323803399,35.30250310383427,12.738560025784048,14.72744225137271,51.331832454619416,36.60439020324671,2.7253952309514156,8.468648163884495,155.74966532664322,4.5487703007429285,147.00740358229385,163.42962143346836,16.42221785117451,1.1806452727146681,2.733637753327315,172.17494394198079,2.6137849133441575,168.7719514146653,178.30828584896997,9.536334434304678,0.8446366513760994,3.114748632135644,176.48660163985468,2.3475482162909134,171.88107771846146,179.88967040213234,8.008592683670884,0.7903423519995595,2.2265340312880255,175.55609269867998,2.31162311619618,171.02851325358688,179.21900602792326,8.190492774336377,0.7869683999383243,2.767184418264293,0.2624910802273383,0.4477263462865783,-0.25292849753813673,0.9465339812371087,1.1994624787752455,0.07460927596038722,0.3077162704654576,0.29302522136477555,0.36134690659744484,-0.1286177577776747,0.9091834012195206,1.0378011589971954,0.05830241096303052,0.15683867113440886,0.0,0.0,0.0,0.0,0.0,0.0,0.0,5.251525703261943
biceps_curl_04,biceps_curl,94.24657053124693,17.180496711096147,66.62366017598805,114.89059456522585,48.266934389237804,3.5487761573755843,14.80409308412787,113.10985603830527,37.27194929004694,64.07761464981196,177.08131462474498,113.00369997493301,9.197265677340631,53.06528198116891,19.069049564545505,7.537273661951608,6.399355662287378,30.014277866576844,23.614922204289467,1.8573979478509712,7.688299989989832,32.14395898831458,13.614320359118512,16.084574110406262,51.331832454619416,35.24725834421315,1.8374859306571552,8.468648163884495,154.61106659508877,3.156600368482099,147.00740358229385,158.2417723862285,11.234368803934643,0.7343710200406063,2.733637753327315,171.72920199548875,2.2520194419530872,168.7719514146653,176.69071436632612,7.918762951660824,0.7736882300903789,2.0982833739197133,176.6667552350696,2.4427360463675973,171.88107771846146,179.99956649984665,8.118488781385196,0.72993243977141,2.2265340312880255,176.6119743666312,1.6558620501979273,171.02851325358688,179.21900602792326,8.190492774336377,0.6517539731413692,2.767184418264293,0.3357280225008183,0.4173500544576527,-0.25292849753813673,0.827915986603337,1.0808444841414737,0.05017982954274543,0.19289999726221507,0.3585163776356107,0.34839526563080053,-0.1286177577776747,0.7790718577323338,0.9076896155100085,0.039637625324440054,0.15683867113440886,0.0,0.0,0.0,0.0,0.0,0.0,0.0,5.689402331659577
biceps_curl_04,biceps_curl,91.99428566215306,17.894735902536407,62.05512249358637,114.89059456522585,52.83547207163949,2.843331295859892,11.475473636785381,115.51218089754175,36.57251279405969,58.70432599177704,177.08131462474498,118.37698863296794,9.32227848587282,50.80968832130701,20.220195708382185,7.856140899402482,3.1093630527359695,30.212116573526938,27.10275352079097,3.4552134252704954,15.381219369511744,32.922468579334534,15.257103107001193,16.084574110406262,55.37818445268805,39.293610342281795,2.2154506854352025,10.049552497230977,155.6610000295576,1.6916188244633275,150.93154155099924,158.49975331799774,7.568211766998502,0.7779526277395715,4.682199714294285,171.67471414564673,2.498355453512219,167.22675934256304,176.69071436632612,9.463955023763077,0.8207381552071485,2.0982833739197133,176.41369978542363,2.784997613222984,170.26039436221376,179.99956649984665,9.739172137632892,0.7658844485923934,3.6808085595421005,175.35718764506163,1.753087749357391,171.83917279646226,177.9930723194528,6.153899522990542,0.5839956019702368,2.5353531803375517,0.3215246519805073,0.439284472301632,-0.302437153201647,0.827915986603337,1.130353139804984,0.05750903157618963,0.26455176364148436,0.3506344958473065,0.36319177496843164,-0.14770352237665907,0.7790718577323338,0.9267753801089929,0.043839418315203056,0.2604913898428437,0.0,0.0,0.0,0.0,0.0,0.0,0.0,6.0491251184255646
biceps_curl_04,biceps_curl,89.67776777609943,20.023838720123567,62.05512249358637,127.2137506514835,65.15862815789713,4.049166324834284,15.938347354291665,100.3379226934662,38.602846651810154,1.2124585983008602,175.37298069513102,174.16052209683016,19.058687928788757,163.10492540009682,15.187387899182399,8.001127935623845,3.1093630527359695,30.212116573526938,27.10275352079097,3.7493431072904415,15.381219369511744,39.01196375206749,11.566959922397276,20.718710612539194,55.37818445268805,34.65947384014886,3.0125017477090967,10.049552497230977,156.0937460951134,2.1155752560949446,150.93154155099924,159.1773658592147,8.245824308215447,1.046460674852375,4.682199714294285,171.44704636782518,2.2615094996343323,167.22675934256304,176.73914670545133,9.51238736288829,0.9785013778074736,2.9986909164442466,174.42073807783544,2.969008482630823,169.55878812732064,179.88288645992333,10.324098332602688,1.0807957058904192,3.6808085595421005,175.00471014448829,1.8057660089411318,171.83917279646226,177.95443751483342,6.115264718371151,0.9023127305933901,2.728447165926127,0.19254041081006446,0.40318214120912144,-0.302437153201647,0.8717682555928143,1.1742054087944613,0.07885916104152493,0.26455176364148436,0.2324486056871942,0.3245278667375585,-0.14770352237665907,0.7823127641704885,0.9300162865471475,0.05795755240330908,0.2604913898428437,0.0,0.0,0.0,0.0,0.0,0.0,0.0,7.452388671688349
biceps_curl_04,biceps_curl,101.20480768319212,20.625775936435677,68.06034734014214,128.67364042839463,60.61329308825249,4.894765210778019,29.230656677175062,120.23822295164057,37.61368884976837,1.2124585983008602,175.37298069513102,174.16052209683016,17.105037699662567,163.10492540009682,16.79273824263284,9.777669638197478,0.5640460535760934,28.300844492990613,27.73679843941452,2.86828524423457,11.801659324773553,30.148666282344216,10.800128140789566,15.92083291388035,54.37974263306735,38.458909719187005,2.8920185668339276,8.718778391326147,157.7155822718123,2.5830457647090532,151.4174691165678,163.9067254797101,12.489256363142317,1.1790464743591131,3.033841772234638,173.10195443938525,2.1700468918020888,170.00288640883335,177.07059026737494,7.067703858541591,1.1019122591583999,3.1123674184503045,175.72547058147418,2.9613791386468677,169.55878812732064,179.88288645992333,10.324098332602688,0.9442301961433726,2.6018564000095523,175.11791961478957,2.5059556394846454,169.4480768780182,177.95443751483342,8.506360636815202,0.9218361143196495,3.0722111421287934,0.4529021032561146,0.37148122132349776,-0.23329208830039982,0.898844681222188,1.132136769522588,0.07939167445016262,0.24174627559918438,0.434997162328875,0.30705420458513033,-0.13565870362463928,0.7823127641704885,0.9179714677951277,0.0649056858936702,0.19839514473480346,0.0,0.0,0.0,0.0,0.0,0.0,0.0,6.693980968791897
biceps_curl_04,biceps_curl,82.25968940219722,24.214388948584872,55.45703199953838,128.67364042839463,73.21660842885626,4.512303998966674,29.230656677175062,99.08200946907426,32.852202310037505,57.96662907835529,155.7539718275997,97.78734274924443,5.552452331900305,24.179536756009895,15.252386465411488,9.476718572149768,0.5640460535760934,35.568297863853786,35.004251810277694,4.031168749510516,26.507041174553507,36.08573046605492,13.07225636688221,15.92083291388035,54.619460655308636,38.69862774142828,2.496602273688432,8.482392019123655,155.49714081323066,4.427669484908237,148.40930127392858,163.9067254797101,15.497424205781527,1.4724014283292852,4.475556610043327,171.18353757923464,2.91651375989038,166.76823007369364,177.07059026737494,10.302360193681295,0.911234028206003,3.1123674184503045,175.1278843545559,3.353414696662634,168.41714092490724,179.92341236366366,11.506271438756414,1.0462073449436966,2.77732561040645,175.06078686437291,2.423441223268047,169.4480768780182,178.187366793915,8.73928991589679,0.9425518776068365,3.084168217319359,0.1759322052609019,0.4151634826998323,-0.24520041092973754,0.898844681222188,1.1440450921519254,0.058865663097363935,0.24174627559918438,0.22286966779089204,0.33431566445190325,-0.14111191464395922,0.7764930619004198,0.917604976544379,0.05059844159039415,0.15727429173234364,0.0,0.0,0.0,0.0,0.0,0.0,0.0,3.7948375139673085
biceps_curl_04,biceps_curl,56.73229224706615,11.64585807751489,32.05111638997339,80.12012478954038,48.069008399567,4.059728615984148,14.720196647024906,103.71529830867115,31.65446147155274,57.96662907835529,158.0578657250181,100.09123664666282,7.773216130394642,32.22457344222026,35.705479518225,24.32745636899012,3.5687044425152576,64.03310277228391,60.464398329768656,3.698817516136783,26.507041174553507,28.400216118282817,17.35995511757635,3.2012734133098473,54.619460655308636,51.41818724199879,2.1120038668991974,12.234536143721302,154.88084160983982,3.812283809784269,148.40930127392858,161.96418491963937,13.554883645710788,1.1205905938841758,4.475556610043327,168.48518727520272,1.8773416846489759,165.4831544069603,172.3039681331868,6.820813726226504,0.7544174582871134,2.5177489389958225,173.3397581564375,3.8872975417183744,164.3317692578808,179.92341236366366,15.59164310578285,1.3111760308699887,7.923217443400716,177.1984017488101,2.0081972219825923,172.82951775521198,179.98028772696773,7.15076997175575,0.9123401430440118,3.9509499762830274,0.17765643267698691,0.31280819986036446,-0.24520041092973754,0.5817528213361407,0.8269532322658782,0.032508769004965334,0.11583438819978165,0.25641512400121846,0.2673438225229374,-0.14111191464395922,0.5516841512955457,0.6927960659395049,0.02853410500951467,0.11129624835850671,0.0,0.0,0.0,0.0,0.0,0.0,0.0,4.304907121719575
biceps_curl_04,biceps_curl,85.84616193749812,51.502617528410674,32.05111638997339,179.08700318699377,147.0358867970204,10.402965462041193,125.94987561118072,132.91145274155892,14.132159793478568,110.1036805039659,170.77564710326843,60.67196659930252,10.009225510573009,37.22747345569985,50.09433831386968,14.138943272357894,1.1323199557589314,64.03310277228391,62.90078281652498,4.63270210877606,56.9809600147477,13.394234921320088,10.1476719448941,1.3286723483194776,37.82801936479295,36.49934701647347,3.9603835552372897,34.78141283469921,160.05605562718492,6.651868261002295,154.33496323968427,179.42475321067215,25.08978997098788,2.2627093868363137,18.88080254970899,168.4633397500257,3.066504998124663,163.05531390681853,175.43058653979642,12.375272632977897,1.799694615531623,10.474060280282885,169.78744823925769,8.129608177154411,143.98721090693348,179.10682295830006,35.11961205136657,3.337559806324702,13.306654112668582,173.80190914024246,8.073575637288581,147.1105305166005,179.98028772696773,32.869757210367226,2.643021470380102,16.332845457605487,0.6439233341250549,0.26526987852870254,0.2772717933012635,1.1251067347377026,0.8478349414364391,0.060805216611966945,0.30469454305261556,0.6371060313225149,0.17892889071908818,0.40342692212387943,1.061990612396948,0.6585636902730686,0.044273716818787716,0.4970584439775909,0.0,0.0,0.0,0.0,0.0,0.0,0.0,2.888113029207345
biceps_curl_04,biceps_curl,88.64862326611647,49.28126721626102,48.402549625140516,179.08700318699377,130.68445356185325,10.211387662461679,125.94987561118072,123.16185419025867,16.38415300709874,101.30856468937347,170.77564710326843,69.46708241389496,8.55761350943289,37.22747345569985,44.80154813455395,11.270344662692933,1.1323199557589314,60.92424386829104,59.79192391253211,4.262914367605019,56.9809600147477,18.709048157855232,13.11529096516768,1.3286723483194776,42.65737707685167,41.32870472853219,6.054784893864923,34.78141283469921,159.66674148225354,6.602490206572222,155.20684334373672,179.42475321067215,24.21790986693543,1.9639025674067567,18.88080254970899,168.64958455865204,2.7167202384740334,163.05531390681853,175.43058653979642,12.375272632977897,1.7248728599009102,10.474060280282885,172.24702959262206,9.031282108084874,143.98721090693348,179.10682295830006,35.11961205136657,2.730126517851589,13.306654112668582,173.66144443480653,7.9232192440080516,147.1105305166005,178.96561256730183,31.855082050701327,2.4642065964475712,16.332845457605487,0.6276855572655886,0.2703960271317249,0.35831567398789876,1.1251067347377026,0.7667910607498039,0.067729682532674,0.30469454305261556,0.5840135735781885,0.22657722576546196,0.3163950227681416,1.061990612396948,0.7455955896288065,0.05541143326162667,0.4970584439775909,0.0,0.0,0.0,0.0,0.0,0.0,0.0,3.2743830942882006
biceps_curl_04,biceps_curl,88.61215702382337,40.73013325324801,48.402549625140516,157.57478645071933,109.1722368255788,4.568175873818139,17.103440544241053,124.07784409613838,15.952202758874533,101.30856468937347,147.1990328201876,45.89046813081413,5.225877574464551,23.882977281019635,41.67344142795465,9.733917733248934,25.44482556746158,51.692383589130806,26.247558021669224,1.4835837668239975,6.7238911065669456,13.980331341839001,13.475662443868776,0.07806397081623327,42.65737707685167,42.579313106035436,4.00320358454266,21.013500805745444,158.3980280984479,3.620892303800022,154.9354197193128,167.30743979321946,12.372020073906668,0.9161036075348343,3.820791758343063,170.29186040643586,2.780961799139175,165.6472235662218,178.32686176007152,12.679638193849712,0.9474703026091656,3.4669674250304467,176.66335633230008,2.372340034192104,170.9255261534445,178.86340396005238,7.937877806607872,0.5849806757274566,2.7330546658247954,176.77781239237467,1.7009432429992157,172.18519487821862,178.96561256730183,6.780417689083208,0.5732595571496776,2.0908590774683375,0.6765944270435965,0.2907247822831738,0.35831567398789876,1.1488485117171994,0.7905328377293006,0.04082589900330289,0.14152794813695224,0.5961820044562323,0.23038309126699977,0.3163950227681416,0.9533193748968253,0.6369243521286837,0.03303871037199631,0.08673737069552884,0.0,0.0,0.0,0.0,0.0,0.0,0.0,5.056843365082654
biceps_curl_04,biceps_curl,134.63050856262436,30.51271672332884,65.90494228218178,167.2394658915814,101.33452360939962,6.750795632466413,21.54816370251001,137.27826950126038,13.475524300239895,108.17672553658272,154.53725374456914,46.36052820798642,3.651417152591654,12.997341520792574,33.97763044477639,6.946560194070334,25.44482556746158,51.1931639415841,25.748338374122522,2.106558931745861,8.020626216000345,8.363086803645693,5.908712763209007,0.07806397081623327,16.8634034397757,16.785339468959464,2.0733734930619936,6.539875732725797,160.1865410734596,3.3757443780009075,154.9354197193128,167.30743979321946,12.372020073906668,1.4300704991966509,3.820791758343063,172.31176289788144,2.133058976292368,168.3116517947742,178.32686176007152,10.015209965297316,1.2154519148989278,3.4669674250304467,174.78539622108684,2.401863422334174,170.9255261534445,178.64818285379337,7.722656700348864,1.104073447409717,3.040088234096345,173.64581541250962,2.4667535057438217,169.19696038947384,176.9515505930713,7.754590203597445,0.8481454995692863,2.45727246515159,0.9663995250998089,0.19555248097173125,0.5649667689805544,1.1488485117171994,0.583881742736645,0.04369804041506225,0.18268294700048981,0.8251452040777303,0.14592338097449853,0.5294330299440128,0.9634602342677896,0.43402720432377684,0.03345201144272181,0.12412484323781992,0.0,0.0,0.0,0.0,0.0,0.0,0.0,3.1715888443228537
biceps_curl_04,biceps_curl,101.01855033174583,49.13138193240789,49.855744641993674,167.2394658915814,117.38372124958772,5.196561085880972,21.54816370251001,110.29990829328793,38.620322634536784,10.456086018579807,154.53725374456914,144.08116772598933,12.797934258262824,78.98229835202395,38.468443499011265,5.641151992334101,27.96342012886593,44.693943019551824,16.730522890685894,1.2874847595787677,8.020626216000345,22.13212053010148,13.623174164425343,1.4489692123071285,50.38854692840623,48.9395777160991,4.292013146137583,21.63655108246533,158.47397577694147,2.3056421750026703,156.09386037902743,164.53102604478312,8.437165665755685,0.8825299554836878,3.6415152534866024,170.1553629683443,2.9599471856085815,164.94731639634324,175.20133495819954,10.254018561856299,0.9160936754067426,2.5661458807558404,175.20730079285642,2.0084079143789504,171.71182866712778,179.00865639773062,7.296827730602843,0.8157956021410919,3.040088234096345,174.86107675699003,3.5054593129482274,169.19696038947384,179.49353674570105,10.296576356227206,0.7150669989732029,2.45727246515159,0.7113147605143342,0.32857765013401435,0.3482744771008017,1.1414293858277145,0.7931549087269127,0.0403954347568867,0.18268294700048981,0.6303143250863824,0.24938037726337314,0.3345082906376292,0.9634602342677896,0.6289519436301604,0.029176361260613314,0.12412484323781992,0.0,0.0,0.0,0.0,0.0,0.0,0.0,7.0803696447983056
biceps_curl_04,biceps_curl,87.94286496841326,39.57935960223943,49.855744641993674,159.08819286378935,109.23244822179566,4.853360445464416,13.079109441356493,108.4475396497344,36.73507398867455,10.456086018579807,146.26901047349705,135.81292445491724,12.70484202528923,78.98229835202395,38.512676277798924,7.460528810427352,23.70611508352688,44.693943019551824,20.987827936024946,1.095474974985814,3.5630019035307186,19.42924466043585,15.58785621286378,0.9915425568127494,50.38854692840623,49.39700437159348,4.132091067813132,21.63655108246533,159.77457904075524,3.563948046282373,156.09386037902743,166.4095367879957,10.315676408968272,0.7221495254979676,6.011111231161948,170.0966236905271,3.1812012075033174,164.94731639634324,175.90989565371257,10.962579257369327,0.8865811172344343,3.2511906334084415,175.1783540257167,1.9536477725701147,170.64228218157456,179.00865639773062,8.36637421615606,0.74637914506544,3.768558735440081,176.860931859912,1.5391060186120067,173.9689067693069,179.49353674570105,5.524629976394152,0.49160351569737426,1.3374171133696393,0.6687812090208813,0.29644935645703396,0.3482744771008017,1.1392225531252753,0.7909480760244736,0.04045766195183336,0.11628003829260336,0.5905785360218433,0.21924769887451584,0.3345082906376292,0.9530130022536165,0.6185047116159873,0.028514081366694567,0.07326945447655564,0.0,0.0,0.0,0.0,0.0,0.0,0.0,8.004237197183171
biceps_curl_04,biceps_curl,133.40750188930568,33.529327895974,69.846221873332,170.93785300499255,101.09163113166055,6.667131245491482,20.852456219795954,136.52093485293878,11.25205508723378,106.27859461996266,153.718992054875,47.44039743491234,3.913134361385866,16.439518109422977,33.14637631503003,6.012460432285006,23.70611508352688,43.13963916168312,19.433524078156243,1.6832061974794734,4.82432881808985,9.73748700549437,5.46497771908532,0.19954374143935083,17.862723707073396,17.663179965634047,1.897925428283015,6.88853314889629,162.13563566135107,2.6935238167265005,158.34124888165692,166.4095367879957,8.068287906338782,1.1598753803723314,6.011111231161948,172.8333413657623,1.9465463180830103,168.68169134473806,175.90989565371257,7.228204308974512,0.9226529471426346,3.2511906334084415,172.52441752961866,3.367946778129827,166.55640356696824,178.82331429297105,12.266910726002806,1.2555300451255627,5.348906118732714,173.55988127510423,2.508474362470431,169.2468246094807,176.8236379997715,7.576813390290795,0.7612520191107078,2.762864787260696,0.9556859490856056,0.1892489092497749,0.578901293497273,1.1392225531252753,0.5603212596280023,0.03900692298909024,0.22499365096064006,0.8191100793772917,0.14344403004408493,0.5202847460385591,0.9610432857010487,0.44075853966248957,0.031114823636083585,0.09760009723903418,0.0,0.0,0.0,0.0,0.0,0.0,0.0,3.4545803755519104
biceps_curl_05,biceps_curl,82.25450474738066,76.7588615621825,13.399374459939981,179.97937871096616,166.58000425102617,11.689893549714332,108.18356301978899,84.62994528070604,68.90132952755921,19.12364181213343,175.90734959781364,156.7837077856802,10.719657228004852,61.17738369360411,16.481343750276245,2.7278583061022426,11.726400639322717,20.222767357620544,8.496366718297827,0.5397468565760153,1.6896070260526521,12.843026306898826,1.884906392488991,10.751397379338801,15.747471191870307,4.996073812531506,0.3709399442996806,1.2791509640029943,176.46231623881602,0.32831809335826184,175.33169004344538,176.98599258713693,1.654302543691557,0.11008608354711669,0.5839288184636757,176.42776859862425,0.2683567386123825,175.99639028187278,176.88512768117695,0.8887373993041763,0.09214682477619363,0.31405984989390845,178.79459543258224,0.8424601844186459,176.21141359200928,179.6782406173809,3.4668270253716287,0.2593512716682291,1.170006648859129,178.73951539880915,0.5734899764571976,177.42891496613916,179.80654837454006,2.3776334084008965,0.2293942808479679,0.7318602876027569,0.401060042344708,0.3872313426969457,-0.01623779030428385,1.0174252032317677,1.0336629935360515,0.06693675484775607,0.20394477701088387,0.41827917848832785,0.37377313692339287,0.013408599661239973,1.0000149786314703,0.9866063789702303,0.06605713767016823,0.17467211980563124,0.0,0.0,0.0,0.0,0.0,0.0,0.0,33.74958685435991
biceps_curl_06,biceps_curl,114.70681912586157,82.0400830230551,3.5674012155953085,179.96056082710018,176.39315961150487,6.195823458707392,117.39913632828987,114.14555351266378,80.27874874879853,5.099162042915626,178.7187163062283,173.61955426331266,6.117916139385202,110.33884988508092,6.167539479775938,0.5701427968671682,5.336824302029448,7.195200462797352,1.8583761607679046,0.15309687035866085,0.5632123336576615,5.570550421080362,0.9210206215930732,3.970428345245468,7.374586777896342,3.404158432650874,0.24152087748004064,0.7835545799476566,176.60957942190387,0.6256417045579843,175.66479361441665,177.55805066638337,1.8932570519667138,0.1689827134017664,0.7956648830442816,175.84535666389624,0.8923326452725064,174.29817211958834,176.69880805883653,2.4006359392481897,0.1763772845029415,1.1476528945153461,178.39161721339818,0.7676700128908491,177.1012716361532,179.94252054347007,2.841248907316867,0.3144376561141459,1.2865951612524498,177.90510292785262,1.7192981141230148,174.67713338403564,179.94846581398443,5.271332429948785,0.3540442391279481,1.198505603240278,0.6798538381760939,0.35494922822507713,0.153169387553025,1.0417823905843426,0.8886130030313176,0.03647522873533551,0.19399255188664621,0.6754155618631998,0.3582271803683107,0.13968688414041064,1.0372625878318975,0.8975757036914869,0.03779634700140671,0.21820452906877785,6.938893903907228e-18,6.035894138298409e-17,-1.0592655225183378e-16,1.0538445116559103e-16,2.1131100341742481e-16,5.805341839432728e-17,2.1033522146218786e-16,12.53485127398573
biceps_curl_06,biceps_curl,108.1990650052904,83.09804863378187,4.127536127462773,179.96056082710018,175.8330246996374,6.149053166425706,97.5962829119214,109.6859197239217,80.54739209774912,5.52472177418986,178.7187163062283,173.19399453203843,6.103388205411884,72.54873393782108,5.839492386298131,0.7324756079957914,4.866231472134885,7.195200462797352,2.3289689906624673,0.1665594600118254,0.5632123336576615,5.480333057773977,0.85517794419652,4.050021612412752,6.4546250147837885,2.4046034023710368,0.2381154226381909,0.8386945439355946,176.141121389994,1.0628823489917152,174.60049520888063,177.55805066638337,2.9575554575027354,0.17007564041277246,0.7956648830442816,176.036132392293,1.0727288608763341,174.29817211958834,177.32252003970254,3.024347920114195,0.19696875396872449,1.1476528945153461,177.90341222175863,0.538632083273645,177.1012716361532,179.75934617925247,2.658074543099275,0.33410976033809153,1.2865951612524498,177.79631353717238,1.658001147708129,174.67713338403564,179.90541012925388,5.228276745218238,0.36291998025111505,1.198505603240278,0.6602527529658919,0.3546490022218942,0.15460772386352262,1.0417823905843426,0.88717466672082,0.03686756873518327,0.12148526089477485,0.661455477398113,0.35387387428928635,0.16434224363826366,1.0372625878318975,0.8729203441936338,0.037518716897514404,0.15596196927717043,3.3393426912553537e-18,7.941631738664245e-17,-1.0711917464156784e-16,1.0711917464156784e-16,2.1423834928313568e-16,9.110289151423024e-17,2.1423834928313568e-16,11.894957163709357
biceps_curl_06,biceps_curl,75.95659373165155,80.3224817588294,4.127536127462773,179.7356368563183,175.60810072885553,11.958104069563962,97.5962829119214,78.93991014945323,77.27354905838531,5.52472177418986,177.39172285094904,171.86700107675918,11.715642721149266,82.72885265386597,5.414233616680492,0.28541414884082034,4.866231472134885,6.237106434055824,1.370874961920939,0.08318665501752671,0.35988790062592724,5.162691613054636,1.0271041620427759,3.699772037900544,6.4546250147837885,2.7548529768832446,0.2722138625594327,0.8386945439355946,175.72121622770666,0.9352895797693145,174.60049520888063,178.00028065930394,3.399785450423309,0.19612270592266107,0.898618749034199,176.45105771636793,0.7051187244948381,174.99597281088847,177.32252003970254,2.3265472288140643,0.1611383725485574,1.001254795008066,178.22660418655815,0.6561000753587585,177.1598308732164,179.75934617925247,2.599515306036068,0.2973655782957453,1.2171280793891697,178.8021411013079,1.1745651028417587,176.117773091005,179.92637351198158,3.8086004209765747,0.3004158673722794,1.118605761232459,0.5078178189467766,0.2902406090167328,0.15460772386352262,1.0011819011775915,0.8465741773140689,0.049761894925748354,0.18730948312515983,0.5098764527596502,0.29065621056677365,0.16434224363826366,1.0200079399677706,0.855665696329507,0.05012198881460531,0.17284873138242673,-8.673617379884036e-20,7.235344165780774e-17,-1.0711917464156784e-16,1.0711917464156784e-16,2.1423834928313568e-16,8.414904309759909e-17,2.1423834928313568e-16,25.160290459262093
biceps_curl_06,biceps_curl,112.50978228029226,79.9719867686995,3.7880858698298367,179.90496619531342,176.11688032548358,12.131790447756995,117.56546239956242,112.38994863240937,75.25398182105823,5.421555506035796,177.82059360993588,172.3990381039001,11.885978586301796,82.72885265386597,5.5668656522118605,0.4959218594479563,4.833076724974136,6.551027687128525,1.7179509621543891,0.1263125441882157,0.35988790062592724,4.8801607819817185,0.8819362803899177,3.699772037900544,6.352521872746962,2.6527498348464182,0.31679939450331424,0.9628058784479947,176.16714632722176,1.0561370302319995,174.74787447095434,178.00028065930394,3.252406188349596,0.25015367823623813,0.898618749034199,175.89610021656648,0.6614315126069131,174.85268075257267,176.89870493094,2.0460241783673325,0.16424027376608846,1.001254795008066,178.2411532829158,0.5867553397627188,177.1598308732164,179.64627036160815,2.4864394883917385,0.3070287529754704,1.0289380685735239,178.06247057927197,1.2209779062443329,176.117773091005,179.92637351198158,3.8086004209765747,0.2738640674323239,0.9007558119103294,0.6617772658998976,0.2919719182283722,0.1733992667584311,1.005958967625445,0.8325597008670139,0.056828449796097684,0.1978364525784545,0.6654199969997939,0.2956431431772659,0.1709161661713876,1.0200079399677706,0.849091773796383,0.05719067762784872,0.184244637056187,7.068998164605489e-18,6.073492706454597e-17,-1.0646865333807654e-16,1.0668549377257364e-16,2.1315414711065017e-16,6.207618231706661e-17,2.1315414711065017e-16,24.576716631647244
biceps_curl_09,biceps_curl,67.96987057601972,70.43917511145247,8.156794335726051,169.91444764978635,161.7576533140603,5.70775729756821,66.96968687123099,64.88608798486247,82.91992540414365,0.0377551191279235,176.79695160360754,176.75919648447962,6.253763528554196,149.2843545388832,4.853227972510297,1.438489542451505,1.474863724570953,6.071231668871878,4.596367944300924,0.29641745824807036,2.338546014113039,3.7532905074573475,1.0094302587776989,2.636517005689197,5.444671989665776,2.8081549839765785,0.15155591731088186,1.1895233228959192,169.84681129216273,0.3961305590898949,169.27043742371157,170.3633947378196,1.0929573141080198,0.08365156617446505,0.2590080325866211,168.56786648687176,1.1719124537632248,166.2637524334667,169.77657647686024,3.5128240433935503,0.19478212113861362,0.8171131688507387,177.195530243495,0.09895804504617543,177.05892609232896,177.61314881540494,0.5542227230759806,0.04295606242594619,0.26481204591331675,178.0035901404282,0.608500522182568,177.36170491411596,179.36630900397049,2.0046040898545243,0.13421050004019278,0.6686950074666811,0.4068910730999603,0.2936083192478896,0.12038096639946616,0.8677566854042673,0.7473757190048012,0.028492039938495705,0.09606825137203945,0.4517860175729591,0.28769072641826954,0.1717495087091413,0.9259321141482847,0.7541826054391434,0.027222132579793085,0.10294289719610061,-6.560688046071868e-17,4.993883085034537e-17,-1.0636023312082798e-16,0.0,1.0636023312082798e-16,4.6908567786812495e-17,1.0636023312082798e-16,27.237680856617093
biceps_curl_09,biceps_curl,74.61980277766916,75.27178470073495,8.156794335726051,175.10761175859398,166.9508174228679,7.107954305139804,71.81115403631169,76.40700616794541,85.86124216612087,0.0377551191279235,179.91268096289252,179.8749258437646,6.28616529166397,121.05591037560073,4.577743998181693,1.7211063857054354,0.9342569525183783,5.9226516852170015,4.988394732698623,0.33704021991354083,2.658592460767484,3.568411697395747,0.8435444780734053,2.2961746835319126,5.23451928585554,2.9383446023236273,0.23911966187804767,1.1042218527885006,169.86930378678736,0.4987039869125053,169.27043742371157,170.9876768029737,1.7172393792621392,0.10025311938220864,0.41909531921595544,168.5882417837503,1.3909601141429646,165.52254307352385,169.77657647686024,4.254033403336393,0.19123258290458145,0.8642011414936519,177.20592711214655,0.1188053885949487,176.91762279950268,177.4331972989976,0.5155744994949316,0.03735096841759953,0.20583247524433546,177.90001688877499,0.7090287964148074,177.29006532687856,179.45404937105226,2.163984044173702,0.09416476150086682,0.4726394863335486,0.438792072303544,0.32700157976644545,0.12038096639946616,0.9568916856222398,0.8365107192227736,0.033692813258197826,0.1410717403755729,0.4821245296703555,0.3290978401538532,0.1717495087091413,1.0400731460370085,0.8683236373278672,0.03375398646384809,0.15273196615418538,-4.842046902320263e-17,5.1783239547576034e-17,-1.0636023312082798e-16,0.0,1.0636023312082798e-16,5.0273333149698544e-17,1.0636023312082798e-16,33.02655361180065
biceps_curl_10,biceps_curl,120.19698074609505,79.52662357563095,8.308552181397324,179.94774936771728,171.63919718631996,6.081246505565457,104.02606255370377,122.00233266249595,76.59484451690591,8.424913393829263,179.99462017158402,171.56970677775476,6.071750010876328,94.67187668442664,10.661378908987649,1.6425002524515793,8.47034508336419,13.228282920044348,4.757937836680158,0.22271792103911392,0.9118920045920031,12.18593466136275,1.380475005589542,10.290615488758803,14.060581497180806,3.769966008422003,0.2079308725333068,0.8129601926029224,172.97200621395913,0.46129844695057154,172.22169688791894,174.25177553425996,2.0300786463410248,0.10627961845511205,0.3965603540891607,170.16653649947824,0.521399341704574,169.44594899827453,170.94967595482183,1.5037269565472968,0.0967046978654774,0.31931179173707847,178.5560243920949,0.9266595656518309,176.52834811141943,179.9021527732592,3.373804661839756,0.15112155690402343,0.6616385276391554,177.10503644326965,0.39740779853873176,176.56868730294508,177.76824791167897,1.19956060873389,0.06435858281086004,0.1947267829314967,0.6176459949708974,0.2850653112456354,0.17708196316985692,0.91935724897816,0.742275285808303,0.025598743333477784,0.0696437238372476,0.6447034739710694,0.2696618116510474,0.21940092347571905,0.9276354690589129,0.7082345455831939,0.024600457536607074,0.058111354765086665,0.0,0.0,0.0,0.0,0.0,0.0,0.0,30.07100155944308
biceps_curl_10,biceps_curl,48.14563435655495,66.36011798716926,7.451993344636009,179.94774936771728,172.49575602308127,11.590764584684885,104.02606255370377,46.99607383580129,63.58280526208479,8.4053302379123,179.04629882323732,170.64096858532503,11.529184411242964,94.67187668442664,11.858292011797937,0.851767986084947,9.568321533268938,13.228282920044348,3.659961386775411,0.2927308885060898,1.0141298467467674,13.29269655417452,0.6650631948713565,11.867005755211657,14.169738950816816,2.3027331956051587,0.21935578534291886,0.7771973330099726,172.6796011691995,0.2633427014469892,172.22169688791894,173.09741611614808,0.8757192282291442,0.08447111181467021,0.35388730906660726,169.97551722561118,0.35703359738077584,169.44594899827453,170.54509883624033,1.099149837965797,0.08524401435927244,0.25560481220196607,179.22576221889082,0.3779041556319776,178.33288317977318,179.9021527732592,1.5692695934860126,0.10962456108001008,0.6616385276391554,176.72018020818157,0.1207174591845957,176.56868730294508,177.06252774704276,0.49384044409768535,0.0273853768654327,0.06869735538705868,0.32987328403125127,0.15862898540389606,0.1768968428488802,0.6684307870347297,0.4915339441858495,0.03158602337840622,0.10324867213218569,0.35839248133659307,0.15283282608390902,0.20709770031402308,0.7042677924897804,0.49717009217575736,0.03052151207300487,0.08097278029085797,0.0,0.0,0.0,0.0,0.0,0.0,0.0,77.04631422158135
biceps_curl_10,biceps_curl,106.875979035508,80.88768549510057,7.451993344636009,179.74361058914,172.29161724450398,6.065443064225421,70.95203265617741,103.30824812811652,81.39430642749764,8.4053302379123,179.70454442267769,171.2992141847654,6.085921110529603,87.51137800373033,10.830034240476516,1.168919477443875,9.013331457683366,12.516453943246255,3.503122485562889,0.25109290124031475,1.0141298467467674,12.586361853705503,1.046325194502431,10.82421324710913,14.169738950816816,3.345525703707686,0.20478504816582763,0.7771973330099726,172.70824585386396,0.13918731200444995,172.38892904814102,173.01408560476094,0.6251565566199133,0.06546454587238525,0.18752156288550736,170.38675665243196,0.5910608403058022,169.53761346265279,171.53145939855898,1.9938459359061937,0.12269624231598186,0.45380541905262817,178.7560061165858,0.5318270216802552,177.49806603052176,179.36223207693936,1.8641660464176084,0.08787069603399765,0.3697578723383117,176.90314950882276,0.3643023375364717,176.5537922842149,177.60647821479978,1.052685930584886,0.05697683516715434,0.27029939313302975,0.5748898890761791,0.3006300041543939,0.1768968428488802,0.9290858859355012,0.752189043086621,0.027173849875140745,0.10324867213218569,0.5757015418873668,0.28451371221643074,0.20709770031402308,0.9149205466690443,0.7078228463550212,0.02522539663298818,0.08097278029085797,0.0,0.0,0.0,0.0,0.0,0.0,0.0,37.858640130292066
biceps_curl_10,biceps_curl,144.85902728206597,63.17672734475262,10.108169908989167,179.74361058914,169.63544068015082,6.084855694355562,79.09874480014233,142.69938668964136,63.36934732437758,11.022803409559145,179.70454442267769,168.68174101311854,6.119173670200298,57.84138181632415,10.257101880258032,0.772810667321593,9.013331457683366,11.428964800075894,2.4156333423925282,0.21017044453472827,0.6565250951362884,12.130945019312415,0.6251772081202274,10.82421324710913,12.810566640857289,1.9863533937481588,0.20791690722879233,0.5399136465017467,172.5857063781139,0.264950170033268,171.9970532557596,172.88965004268402,0.8925967869244289,0.10179060302440662,0.275970206650868,170.35399213008134,0.6566823093820915,169.53761346265279,171.53145939855898,1.9938459359061937,0.14710376718804535,0.554197857406308,178.20264421245892,0.43652024016761704,177.44420302260437,178.8915824265521,1.4473794039477355,0.11453902306169049,0.3697578723383117,176.8595145720493,0.442144591195782,176.16421485841047,177.60647821479978,1.4422633563893044,0.10570252532147507,0.46895682667337724,0.7087834706466466,0.21526376090639648,0.229114619417787,0.9290858859355012,0.6999712665177142,0.033474685895814885,0.08454254364321945,0.7058632567438167,0.20309541629599495,0.2693771411330661,0.9149205466690443,0.6455434055359782,0.030650272939684545,0.05824309204149625,0.0,0.0,0.0,0.0,0.0,0.0,0.0,26.90503160385659
biceps_curl_10,biceps_curl,60.152364868947416,73.51273957600326,8.029307222231166,179.30951681138205,171.2802095891509,6.222164327860612,79.09874480014233,58.741314478480646,72.1332083459007,8.551709411308778,179.1996842623702,170.6479748510614,6.122308832696779,57.84138181632415,11.038271650457203,0.8207915307414453,9.220181996340216,11.932000064351728,2.711818068011512,0.19135140315293964,0.6565250951362884,12.632756020487525,0.4712101832431777,11.288886196038094,13.210553055302752,1.9216668592646577,0.18312098453543224,0.5794329734953134,172.6265357938217,0.3106087984623902,171.9970532557596,172.96736149209536,0.970308236335768,0.09543764829692335,0.275970206650868,170.2682879590403,0.3320337244844547,169.76505675774234,171.18361095507734,1.4185541973349984,0.0906428197946525,0.554197857406308,178.13484883850668,0.24151753559748115,177.44420302260437,178.46943305952632,1.025230036921954,0.08087543973505262,0.24289232704146002,176.62372800727297,0.21912522206068208,176.16421485841047,177.21763067408327,1.0534158156727926,0.07989292335549314,0.46895682667337724,0.39416392049110616,0.2329470063704349,0.1894589781097059,0.8954345342204151,0.7059755561107092,0.03166100192973476,0.10080508830854606,0.40528413162940935,0.22248116714614477,0.2075416895420562,0.8909297197382815,0.6833880301962253,0.02949452116812648,0.06972317123250837,0.0,0.0,0.0,0.0,0.0,0.0,0.0,36.66999685395326
biceps_curl_10,biceps_curl,87.65927135377942,82.68157713003984,8.029307222231166,179.9887142292819,171.95940700705074,6.101210327432548,108.50870695164576,84.32352461374761,81.75373921752823,8.551709411308778,179.7761264194387,171.22441700812993,6.129168011968693,99.93305839669618,11.20580163372662,0.8190005073371385,9.376058752639437,12.026467657267418,2.65040890462798,0.17829988693108204,0.5290765874001053,12.474251026081985,0.7290187214649655,10.675991032919594,13.210553055302752,2.5345620223831578,0.16646545359549023,0.5794329734953134,172.9834840924381,0.33921778433541017,172.35800148036878,173.66937181249995,1.3113703321311618,0.08364691183527188,0.26793089573695283,170.1694146259371,0.2761354174843256,169.6169577972946,170.5595714613931,0.9426136640985021,0.0776790298507353,0.29985900790302367,177.96036472953816,0.4578008838336525,177.050769452579,178.46943305952632,1.4186636069473195,0.07948628807897237,0.33484198232005724,176.5754303920679,0.14876605475017962,176.25361340059294,176.78418199916993,0.5305685985769912,0.0638476818769083,0.16150344103425596,0.5024920497446026,0.30521623082424154,0.1894589781097059,0.9420190257075143,0.7525600475978084,0.02749891116008068,0.10080508830854606,0.5052531743063525,0.2941617432270319,0.2075416895420562,0.9474509482077476,0.7399092586656913,0.028086059736092718,0.08814526777879095,0.0,0.0,0.0,0.0,0.0,0.0,0.0,41.27600383049165
biceps_curl_10,biceps_curl,156.29793699140887,50.52509984950221,14.223518195293755,179.9887142292819,165.76519603398813,11.064031054122234,108.50870695164576,150.91177845262692,53.54703090515196,18.511745633067374,179.90669415358488,161.39494852051752,11.393697409405238,99.93305839669618,10.569241668227031,0.943328840026125,9.186797859163555,12.026467657267418,2.8396697981038628,0.24629615254900752,0.5492023597828641,12.13442453296887,0.8191148293498997,10.621325660121922,13.444216445374366,2.8228907852524436,0.23591157136286067,0.5348639837710465,172.89819139923029,0.6302865490602325,171.46701698907833,173.66937181249995,2.202354823421615,0.1469274304519623,0.6075581085456747,170.0471954903646,0.28070844850467663,169.6169577972946,170.53707166011102,0.9201138628164358,0.09703193273569291,0.29985900790302367,178.01903323135022,0.6665290188912371,177.050769452579,179.02886263419322,1.9780931816142129,0.17116904089884255,0.5031983186794093,176.46084487186582,0.1810937120739689,176.14459338918678,176.74978412717167,0.6051907379848842,0.07226973356969975,0.16150344103425596,0.736908487488948,0.1735250670043001,0.39788969528486096,0.9420190257075143,0.5441293304226533,0.03559864104320601,0.07584615214979173,0.7311208774743965,0.1810385322816414,0.3788103076839462,0.9474509482077476,0.5686406405238014,0.03711602867926409,0.08042770113073539,0.0,0.0,0.0,0.0,0.0,0.0,0.0,47.06611374789615
biceps_curl_10,biceps_curl,77.3906491867387,80.94830235843384,6.728177847988584,179.96528034472874,173.23710249674016,5.9990530405694775,97.03173358963042,76.64736360557391,77.94749602292258,9.544040113800843,179.90669415358488,170.36265403978405,6.018302031171149,61.8651411399871,11.09779724140302,1.0551591433218617,9.186797859163555,12.249043965084825,3.06224610592127,0.21025111951280917,0.5492023597828641,12.95502234147826,1.0452894852419297,10.621325660121922,14.18611383887394,3.5647881787520177,0.21765838871540377,0.5348639837710465,172.25281936724,0.6624893072188573,171.46701698907833,173.62783097629955,2.1608139872212178,0.11567920321977194,0.6075581085456747,170.57080654554255,0.5847979605968616,169.7086535461034,171.47020080282329,1.7615472567198935,0.09044013429645317,0.25750164871666925,178.65640295745567,0.5610845319196032,177.07638501493727,179.11770094455517,2.0413159296178947,0.1380281454731583,0.5031983186794093,176.649067773111,0.28555423401374835,176.14459338918678,177.05733515135026,0.9127417621634777,0.05204602631617514,0.14289966343611127,0.4476702964532737,0.2746525728993116,0.16573976200883944,0.917393725275542,0.7516539632667025,0.026147379927049002,0.07396644151698917,0.44674040670501763,0.2776410933228914,0.1596466803484634,0.9303332482615493,0.7706865679130859,0.02683764414580899,0.05939857836276097,0.0,0.0,0.0,0.0,0.0,0.0,0.0,31.41208598238445
biceps_curl_10,biceps_curl,57.03757712357496,74.57120629811328,6.728177847988584,179.53599334234104,172.80781549435247,6.211625216674459,73.63755573269962,55.33977634047167,71.62956653994006,9.544040113800843,179.7411982661739,170.19715815237308,6.140261219399267,96.46807579966578,11.542911721832699,0.6814311996200442,9.76832954836407,12.249043965084825,2.4807144167207547,0.20538043361231476,0.4717266246271876,13.217297079248219,0.8227580154616024,11.785902785039786,14.18611383887394,2.4002110538341537,0.21387170609687972,0.8618136663041085,172.321833017009,0.5726641783296411,171.5145678933616,173.44279783225542,1.9282299388938213,0.085298730066709,0.4486716844698151,170.72398967762075,0.6102575084618509,169.5800011069282,171.47020080282329,1.8901996958950917,0.1355900733868813,0.3977643281129417,178.60475561866716,0.5011974423130366,177.23548145022554,179.11770094455517,1.8822194943296324,0.0774420034855125,0.29227584943330953,176.8356739647223,0.2188130094644031,176.34692812963428,177.0943324898605,0.747404360226227,0.06540991702421244,0.24781310418043745,0.38123586883494326,0.2525336012045631,0.16573976200883944,0.9055890216305211,0.7398492596216817,0.03135142978639684,0.11602408572787504,0.3706309295837985,0.24739004698138575,0.1596466803484634,0.8844760427109997,0.7248293623625363,0.030859156228494097,0.10394895557477091,0.0,0.0,0.0,0.0,0.0,0.0,0.0,35.11055467374872
biceps_curl_10,biceps_curl,142.487042897844,66.98280269959379,6.75849839883533,179.89883094602746,173.14033254719212,6.189548042683278,73.63755573269962,139.72267770352738,68.34088405461686,9.729038874133389,179.93318045420347,170.2041415800701,6.136523666359001,96.46807579966578,10.184759338645035,1.2597152705801766,8.642350982505604,12.17683150243788,3.5344805199322753,0.23961722576334732,0.6141863937828447,11.673148235420493,1.3689288400294943,9.480919059819772,14.17786951360191,4.696950453782138,0.32161025561709444,0.8618136663041085,173.00787815033038,0.462291733312583,172.15213405960668,173.59551055345534,1.4433764938486604,0.10639164528545515,0.4486716844698151,170.39954839632279,0.44864794644872363,169.5800011069282,171.46008865709138,1.8800875501631822,0.11773104028495336,0.3977643281129417,178.02336645517516,0.6020066123067882,177.17780914210465,179.00570818655467,1.827899044450021,0.12284842268051001,0.37036885500558014,176.80025650304276,0.19811306685482352,176.34692812963428,177.0943324898605,0.747404360226227,0.06966510054426787,0.24781310418043745,0.722816616435218,0.24783971035367797,0.17663999696949584,0.9487918366230893,0.7721518396535935,0.034359691577035834,0.11602408572787504,0.7116212508069867,0.2558824112945438,0.16585822451024945,0.9556361362179586,0.7897779117077092,0.03515933689102754,0.10394895557477091,0.0,0.0,0.0,0.0,0.0,0.0,0.0,30.931779135783113
biceps_curl_10,biceps_curl,125.33377634906039,75.16431879388297,8.714691956285042,179.89883094602746,171.18413898974242,6.011783624911607,76.15021596988575,124.99136061058502,73.18896441656923,9.85195158500675,179.93318045420347,170.0812288691967,6.027546797541449,55.293002950134664,10.020535943654828,1.109825991902301,8.642350982505604,12.124076758889554,3.48172577638395,0.2362586259758626,0.7018315295589304,11.67953541451504,1.3166618194889297,9.480919059819772,13.518449448207457,4.037530388387685,0.30481241227106054,0.5384096642497997,172.50557235138493,0.8449827519574593,171.20820421547705,173.59551055345534,2.3873063379782877,0.12781180263645564,0.6236438926053154,170.38873523067232,0.20610026192240322,170.0050020662513,170.9049686026422,0.899966536390906,0.07351210353016999,0.1592650756139733,178.3853207047202,0.7608835677848093,177.17780914210465,179.34621385218523,2.16840471008058,0.13089217426743446,0.37036885500558014,176.69779408877312,0.15012411635272108,176.3637742243795,176.9263511545331,0.5625769301535968,0.0476383163242031,0.17379980078166568,0.6569361013042477,0.26107290649882103,0.20008955654479554,0.9487918366230893,0.7487022800782938,0.02644776468522633,0.07119576524250193,0.6520649091653943,0.2630087824546544,0.2071619420818871,0.9556361362179586,0.7484741941360715,0.02713327598340983,0.05356375558374571,0.0,0.0,0.0,0.0,0.0,0.0,0.0,33.11900972599789
biceps_curl_10,biceps_curl,39.60432112062615,61.718669896217556,7.2587242583658975,178.1364486771067,170.8777244187408,5.898228813916063,76.15021596988575,40.219301086016166,57.90753048836284,9.208090573116458,178.1733950111904,168.96530443807393,5.86465857185206,55.293002950134664,11.395532714658081,0.6299393121433047,10.211849541530755,12.124076758889554,1.912227217358799,0.18273952038852426,0.7018315295589304,13.400940853177257,0.700600507715436,12.050081716064449,14.124282673095143,2.074200957030694,0.16569976844693635,0.5253773519338338,171.99510730217705,0.4045741669801417,171.20820421547705,172.66538394743134,1.4571797319542839,0.09276666917713587,0.6236438926053154,170.8907098304384,0.5474123818305806,170.0050020662513,171.50592313003938,1.5009210637880699,0.06386325486771766,0.1767698447523003,178.77440254509247,0.27398620900307774,178.53767777170108,179.34621385218523,0.8085360804841457,0.06638496703532018,0.35124283583564875,176.74914573263288,0.18591347749913464,176.3637742243795,176.97076831325094,0.6069940888714314,0.0352120606319645,0.12386527183718954,0.28831494162774524,0.1763207765153911,0.13111791756251978,0.6876150814372405,0.5564971638747207,0.02061412009208717,0.07119576524250193,0.2872328546504688,0.16923586326755544,0.14364997521291423,0.6860241831569567,0.5423742079440425,0.01981803578463659,0.05356375558374571,0.0,0.0,0.0,0.0,0.0,0.0,0.0,46.90186905085277
biceps_curl_10,biceps_curl,62.969673199072076,76.78455943848553,7.2587242583658975,179.67173622180792,172.41301196344202,5.9887459505858995,77.71849786732207,61.748177309603776,75.57952629788605,9.208090573116458,179.97882616226207,170.7707355891456,6.051213312705783,108.49369033790282,11.20849536812705,0.6926937997610751,9.922325725778045,11.91354528251577,1.9912195567377253,0.14244348762800685,0.5585031856979938,13.136238482382952,0.9489390173618294,11.526466986598729,14.124282673095143,2.597815686496414,0.1614304935509289,0.9331989967219965,172.44673613784664,0.42863141166559576,172.0210036898518,173.363135249921,1.3421315600691912,0.07130616355033617,0.43990313113016555,170.9427743246901,0.6292074391186421,169.72317409548387,171.50592313003938,1.7827490345555077,0.0948511928214804,0.4687905489650461,178.50401121220722,0.30996311332791954,177.86076973376993,178.9517725606883,1.091002826918384,0.0561105074691127,0.3136653879261644,176.67304523044055,0.34595326349358474,175.90486572637113,176.97076831325094,1.0659025868798153,0.0538546607350162,0.26888048611650106,0.38223177439393197,0.28341907991767656,0.13111791756251978,0.9165280392116746,0.7854101216491548,0.028824583174241816,0.09617940430438432,0.3771276370919266,0.27652609938011424,0.14364997521291423,0.8885962813558921,0.7449463061429779,0.027535804443160544,0.0918504828616531,0.0,0.0,0.0,0.0,0.0,0.0,0.0,44.70418798114218
biceps_curl_12,biceps_curl,71.85598418210479,78.43576729208401,6.771809945436565,177.0143232276116,170.24251328217505,6.156935537266112,100.85463516495257,67.57980926447775,79.32381584013977,6.249391313892085,172.81731172626615,166.56792041237406,5.965442547008136,165.26114414244194,13.221762111090307,0.5957161103072953,11.960702907234795,14.323471707184988,2.3627687999501923,0.2140607915414939,0.7526021559218421,12.82320141430627,1.2731072309336189,11.461006565445299,15.797302263351943,4.336295697906644,0.2744703393328636,1.2828600297204478,175.92057468949216,0.3736399043313556,175.4702284138107,176.59611667802434,1.1258882642136427,0.08118422640998312,0.43729489785178544,175.11811731909464,0.15954848162951443,174.83559463978696,175.442993605729,0.6073989659420249,0.041684896564119306,0.1421890396465244,179.66780806846177,0.08884114850268547,179.50303305385268,179.84775272337154,0.34471966951886657,0.03232215829831375,0.2101291458614014,178.6577037298985,0.31703266590661183,178.3076286316001,179.32919258280407,1.021563951203973,0.03756260991148228,0.14881535307108607,0.39746998765807423,0.22434330906748562,0.19497184125079403,0.8495175150911087,0.6545456738403147,0.02278746443789808,0.07126662367856296,0.40348508070226724,0.22466415509134313,0.21037053258842886,0.8567924340769932,0.6464219014885644,0.024188797466542945,0.09028032645786932,-5.428961678359083e-17,5.804253780081779e-17,-1.1893697832165984e-16,0.0,1.1893697832165984e-16,6.043118591743342e-17,1.1893697832165984e-16,65.42492676901169
biceps_curl_12,biceps_curl,7.252066595319348,1.4755477983551473,5.382437728586516,12.30205185419456,6.919614125608043,0.3811598674423504,1.8770705177204778,7.211411220678976,0.2639307960658621,6.910725099746917,7.704515814775286,0.7937907150283694,0.09950048187056808,0.37582420776392667,13.125243731277415,0.37277853832417257,12.408102465424431,14.323471707184988,1.9153692417605566,0.13698101326820544,0.7526021559218421,11.862739968562327,0.382564219446231,11.449414808772037,12.788731338156639,1.339316529384602,0.08959905368638402,0.42247065796585304,175.63795795889428,0.13685161521300435,175.4702284138107,175.9988889143116,0.5286605005009051,0.031087901115053627,0.1082099629519746,174.96181631398343,0.11798323169425895,174.83559463978696,175.18372763486295,0.3481329950759857,0.0224027051167125,0.07309393143279408,179.60703280252991,0.04904409625235931,179.52894549121373,179.71676678543906,0.1878212942253299,0.011885662811276485,0.06235630554519389,178.35776578828046,0.07050467398686257,178.22039405785281,178.5304065093275,0.3100124514746767,0.01509640064594366,0.07469671511805132,0.2288164757103752,0.04353747446399115,0.19497184125079403,0.3721345194830571,0.17716267823226306,0.008985315874512368,0.04075675157154468,0.2451004237324352,0.04004288675541932,0.21037053258842886,0.3410451201657695,0.13067458757734063,0.008073600963545969,0.03794615660586653,-6.572433569607128e-17,5.747554275377394e-17,-1.1666015375944028e-16,0.0,1.1666015375944028e-16,7.613342427756832e-17,1.1666015375944028e-16,8.788579016961618
biceps_curl_12,biceps_curl,75.50723144998284,80.04294783482975,5.382437728586516,179.3715700472536,173.9891323186671,6.2215311980949055,80.51800015150589,65.3596394400804,77.39301222134237,0.29362528511288344,171.35797766572057,171.0643523806077,6.179138087197351,117.32239697546284,12.862899443235364,0.4318966337582705,12.106980240746609,13.715786230558288,1.60880598981168,0.2067698929549643,0.8763172604281877,13.337871924103414,1.6349904293907151,11.449414808772037,16.40394626546328,4.954531456691242,0.248256752990261,1.2945290108957508,175.7515005517097,0.43019300537194805,175.36139212686737,176.90629152575983,1.5448993988924542,0.07635436871689488,0.4974529927617084,175.04607174903725,0.2222686264350084,174.81011848172503,175.5599081540107,0.7497896722856865,0.055858890532089714,0.20306099064845284,179.5835223046826,0.17845625873458246,179.1207658390653,179.91143648891335,0.7906706498480389,0.04526480613008512,0.3054297324476636,178.13225182153215,0.24641873582380533,177.578716027773,178.36555868111606,0.7868426533430579,0.029418607891358306,0.1205283094512879,0.3928182629475812,0.17192273366948918,0.19945043349222236,0.7380640641895371,0.5386136306973147,0.01881947354333257,0.04430270283399762,0.3939523629796576,0.17060784512797064,0.21971872449209118,0.7626770950077124,0.5429583705156212,0.019927861758339754,0.05163529091459762,-6.201365376073964e-17,5.800949244241517e-17,-1.1701251946549807e-16,0.0,1.1701251946549807e-16,6.823463758819332e-17,1.1701251946549807e-16,62.13582716448132
biceps_curl_13,biceps_curl,71.36740169003848,58.81522810286831,7.15966962807951,163.85261460595456,156.69294497787504,5.4032049992370705,22.919224947973774,82.51945127919288,50.73142161762711,24.257865442415188,164.76195444025305,140.50408899783787,4.844968586132341,18.312964347163373,6.605879337792329,1.953598917795755,4.249041395069529,9.555641540501302,5.306600145431773,0.35140405714681566,1.9972368718205757,15.58409305221389,3.5425519620664248,9.726000980133712,20.78334161691221,11.057340636778498,0.515268500535488,1.8894213270437206,177.04397798157166,0.8969445737441324,175.53073518905794,179.28719698684083,3.7564617977828902,0.24028255169683288,1.3284376360243186,173.50486662414883,1.2488882762555842,170.5711863774058,174.62928905992743,4.058102682521621,0.2086680792015149,0.6380570085844113,169.97141020675144,1.9533263553341778,167.07733739855144,175.05307423556837,7.975736837016939,0.6811877547009402,1.837914321846796,169.93254453173174,0.9527192569969992,168.58174812812658,172.0240405490765,3.4422924209499115,0.4634159529121967,2.6684231468273936,0.3582997523317655,0.3671049347068552,-0.08029064006156372,1.0203605979558512,1.100651238017415,0.03891543002409253,0.09952775031950833,0.3293639629228788,0.28846870917375766,-0.01605130563101309,0.846590075987753,0.8626413816187661,0.029897731848697116,0.0759910427917756,0.0,0.0,0.0,0.0,0.0,0.0,0.0,6.974877401064293
biceps_curl_13,biceps_curl,146.94815025532995,34.38016322055937,54.269787589456456,173.67188258285987,119.40209499340341,4.676419640465133,22.919224947973774,148.70666417596937,31.517936292858277,75.62503149089,175.45935672331726,99.83432523242726,4.2630563152013385,18.312964347163373,8.90427420748091,1.0409486907820298,5.926294743761093,10.293739388633075,4.3674446448719815,0.33975013286414535,1.9972368718205757,9.972421604150448,2.702483692229245,5.613248099806333,14.615027732778714,9.00177963297238,0.5175139454569275,1.9701809159461963,177.80093583995364,0.9700878120461,175.38072828434426,179.7714783686175,4.390750084273236,0.7302053261933507,3.33478809356464,172.0930780551309,2.407129180560153,165.0291594191208,174.69564550224194,9.666486083121157,1.2064878890706978,7.391982689949032,173.84573476028902,3.74832303315671,167.07733739855144,179.35946890340708,12.282131504855641,1.627928405348508,7.808230768870345,171.02418129528817,3.967063674933941,163.2525120298833,178.96021756321576,15.707705533332472,2.149714083475342,15.216189914394107,0.8663194439011047,0.24353055729488007,0.3413638628104526,1.1164899817626908,0.7751261189522382,0.035608122227258815,0.10604709450029404,0.7112193173751572,0.18468089095224235,0.3123302884858944,0.8879789668276431,0.5756486783417487,0.028883484263921268,0.12294617708686595,0.0,0.0,0.0,0.0,0.0,0.0,0.0,1.714414507880451
biceps_curl_14,biceps_curl,95.44513643658281,81.37798982846826,8.474448061951511,179.78486325754307,171.31041519559156,12.16207594308236,158.36997314804103,82.14333145292377,81.54945955812458,2.085760765346131,173.11371717948848,171.02795641414235,12.096974183917053,165.69904473028632,11.948153502329266,0.8324313361554515,10.232358296382632,13.190769084686833,2.9584107883042012,0.32021115240338976,0.6787952482816397,13.480040381674321,1.569068725887506,11.743277966353013,16.571509784068716,4.828231817715704,0.5038813256531292,1.9167681410021,176.53236730859095,0.2058369680327234,176.07534748729103,177.00160032417025,0.9262528368792289,0.07574023901828704,0.22287334001950398,174.68046194580452,0.3275537998057298,174.27309577888363,175.27009793273015,0.9970021538465232,0.08062284793090976,0.268353802750795,179.5563841836668,0.17225623808980225,179.30351976686913,179.93254787574367,0.629028108874536,0.05197352237312532,0.2480536067294281,179.76075350252003,0.22581361032315442,178.9920945966997,179.9937505753652,1.0016559786654966,0.05842218724750076,0.24947716515609386,0.4546730536039379,0.20025464818294422,0.23643757728531423,0.8357410805749301,0.5993035032896159,0.03707988380009181,0.10723506371968405,0.44458424794514373,0.2194656516152607,0.19388013022137007,0.8383329916741337,0.6444528614527636,0.04112542659355846,0.11109960462609414,-6.261990347552112e-17,5.857650576823055e-17,-1.1796119636642288e-16,0.0,1.1796119636642288e-16,6.485772168371908e-17,1.1796119636642288e-16,94.02929885571943
biceps_curl_14,biceps_curl,136.92182091925568,69.28034156624601,8.474448061951511,177.92219406473706,169.44774600278555,12.102336820142856,158.36997314804103,126.27387641779973,72.99917059138932,1.3309607445242508,174.03797175494933,172.70701101042508,12.23552690875693,160.36102633370163,11.31134424291543,1.4075069551456496,8.803798936626768,13.14774107121582,4.343942134589053,0.3587372584357795,1.0288495471670078,13.523583879400693,1.7023284523961724,11.220014587706332,16.571509784068716,5.351495196362384,0.6513275922415135,1.8417347686165844,176.67663301289403,0.16723449590561887,176.41054071841566,177.0042858042633,0.5937450858476438,0.09144440048380544,0.27200908741400553,174.92120989768583,0.3809705155774197,174.35478908188213,175.41603052162873,1.0612414397465955,0.07930797631175618,0.3117168177839744,179.70337848616006,0.14016724891979668,179.4875398330695,179.9868152411109,0.4992754080413988,0.06720614345677871,0.3498913207071723,179.67787564364534,0.3243550432284175,179.10992848163974,179.9937505753652,0.8838220937254562,0.04843884072616138,0.2044314503224598,0.6153661903251815,0.2172126021942522,0.231633466147954,0.8688623134454786,0.6372288472975246,0.04295693944426449,0.11101188990730071,0.6234443303263829,0.2229829554132934,0.2251771963927861,0.8828921048115117,0.6577149084187256,0.04442785012565219,0.13412944328767928,-5.076957373025455e-17,5.805962315651364e-17,-1.1796119636642288e-16,0.0,1.1796119636642288e-16,5.258006673736598e-17,1.1785277614917433e-16,88.50615275564572
biceps_curl_14,biceps_curl,85.7001989199692,82.4805987453857,2.2883778923830724,177.92219406473706,175.633816172354,11.8753945825001,155.90720986366148,77.78423449550573,81.12971112812548,1.3309607445242508,174.03797175494933,172.70701101042508,11.441148623341393,160.36102633370163,11.764208244610503,1.6443925463287685,8.803798936626768,14.071876337377832,5.268077400751064,0.3303805280463965,1.425293368148676,13.075939128839526,1.3164135039311433,11.220014587706332,16.40258937911483,5.182574791408497,0.4756981806148248,1.8417347686165844,176.37891574146386,0.3612272444209493,175.83877147424255,177.0042858042633,1.1655143300207556,0.09276133831532472,0.27200908741400553,174.71911977017876,0.4297039446893095,174.27708948100425,175.41603052162873,1.1389410406244735,0.06291391716680907,0.3117168177839744,179.63031158067542,0.1494935783848569,179.45244084956127,179.9868152411109,0.5343743915496191,0.0543493911684348,0.3498913207071723,179.32430032156148,0.25929722206693967,179.10925033965538,179.9872962170876,0.8780458774322142,0.04220689352125607,0.2044314503224598,0.46162990609370064,0.27390547006526733,0.1835532751001785,0.8688623134454786,0.6853090383453001,0.0333423840239028,0.11101188990730071,0.4632231050006963,0.28524098139573273,0.16351809740221435,0.8828921048115117,0.7193740074092974,0.03499430445006871,0.13412944328767928,-5.492026104725323e-17,5.871589992361615e-17,-1.1861171766991419e-16,0.0,1.1861171766991419e-16,4.8785359133666714e-17,1.1861171766991419e-16,95.63681805245271
biceps_curl_14,biceps_curl,99.72221156191834,80.7068372061013,2.2883778923830724,175.99535913435292,173.70698124196986,6.240230157997445,145.2447364572387,94.35622884488293,81.33330864730387,6.316353830526911,175.32995879073448,169.01360496020757,5.917430726510965,146.13393115393222,12.75350865579344,1.3782813710712452,10.107776962205044,15.16445301244574,5.056676050240696,0.33732057524871556,1.425293368148676,13.41054980268895,1.994598799495124,10.094352808573921,17.289922751943873,7.195569943369952,0.4413406403940534,1.301453302955208,176.20900926460172,0.2138659157960008,175.83877147424255,176.56143310626018,0.7226616320176333,0.06589529250637705,0.21395247361209613,174.68704825984122,0.3175897826629536,174.27708948100425,175.30951823336247,1.0324287523582143,0.0593141819373494,0.18862886236871645,179.58075410770226,0.1387140936137447,179.45244084956127,179.96000507669686,0.5075642271355889,0.04582206100099911,0.18907451395023145,179.1444059958881,0.12642208215381967,178.91900325324625,179.46062332853765,0.5416200752914051,0.041091692542711805,0.20041893510614273,0.49740686536987,0.2708737516672943,0.1835532751001785,0.8781718362583113,0.6946185611581328,0.025629718945760202,0.1000217996623648,0.4983628400851756,0.2855008899211267,0.16351809740221435,0.8893254078783528,0.7258073104761384,0.026622191776250657,0.08310864932809192,-5.4777507761209304e-17,5.856558458967521e-17,-1.1861171766991419e-16,0.0,1.1861171766991419e-16,5.664021694191514e-17,1.1861171766991419e-16,60.98493890974216
biceps_curl_14,biceps_curl,129.46702581580402,71.1098202010484,7.952248554698489,178.61720795833233,170.66495940363384,6.335906521705969,123.00338717763788,121.90120743661994,75.51457550729988,3.0544965217425366,175.32995879073448,172.27546226899193,6.396527483741822,152.43217861571253,12.906013649481064,1.7266885419571918,10.107776962205044,15.16445301244574,5.056676050240696,0.43876869027367765,1.3995967898687276,13.357995457804215,2.134159156973552,10.094352808573921,17.289922751943873,7.195569943369952,0.5991250012403321,2.115713228689385,176.25948061712936,0.17261626209010128,175.96051884177606,176.56143310626018,0.6009142644841177,0.0601191152634593,0.3234381818628833,174.96269951889374,0.21557148252876532,174.57457995902058,175.30951823336247,0.7349382743418857,0.06837371566514067,0.2262538332655879,179.65177630510868,0.1516541034697215,179.396875628159,179.96000507669686,0.5631294485378646,0.06567359866762025,0.2006510648875519,179.22793176831087,0.18491024178616616,178.91900325324625,179.50407719854806,0.585073945301815,0.04674623293380105,0.20041893510614273,0.583824791513168,0.24453111650205667,0.21293754048031532,0.8781718362583113,0.665234295777996,0.03674942192995255,0.1002622139191619,0.5905303882126437,0.2555874014769487,0.19013152605484152,0.8893254078783528,0.6991938818235113,0.03854003476385035,0.11981719636212995,-6.641280407559957e-17,5.808123482025672e-17,-1.1839487723541708e-16,0.0,1.1839487723541708e-16,5.2411828469221676e-17,1.1839487723541708e-16,57.15900340126711
biceps_curl_14,biceps_curl,85.94433123961458,81.26728981567452,7.238104596412394,178.74110352373341,171.50299892732102,12.29057034490943,167.16427110257615,77.21366670153432,80.57096350045467,3.0544965217425366,174.54244183599272,171.48794531425017,11.9294876110791,157.3706182527359,14.00381577100662,1.3352994282402095,10.127849234498623,15.765647303211228,5.6377980687126055,0.4022664322680126,1.3995967898687276,13.589286951263553,1.6097086670007734,10.516472094221989,16.6267719245268,6.110299830304811,0.5500208784482988,2.115713228689385,175.99879093520224,0.2577435726631442,175.36073029239805,176.41498314377492,1.054252851376873,0.08760706073287212,0.3337273112995831,174.93464116846604,0.23615075951580883,174.57457995902058,175.2904785063852,0.7158985473646169,0.06682676747919619,0.2262538332655879,179.6585531619891,0.13907008382648328,179.33066012423225,179.9978619963386,0.6672018721063466,0.07244225688561728,0.2818142070998988,179.20528260697412,0.20337448529516758,178.77929097506563,179.50407719854806,0.7247862234824254,0.03381821307209618,0.14057301246239717,0.4204717901273165,0.19897021840980056,0.21293754048031532,0.8445086258884077,0.6315710854080924,0.039615156761637835,0.1002622139191619,0.42167529766117806,0.2081900311001744,0.19013152605484152,0.8573330791845906,0.667201553129749,0.04316311307982933,0.11981719636212995,-7.075638902911962e-17,5.777334419892439e-17,-1.1839487723541708e-16,0.0,1.1839487723541708e-16,6.113358068693589e-17,1.1839487723541708e-16,96.55886393921402
biceps_curl_16,biceps_curl,76.47100599724344,37.24783609568289,31.443784956248763,121.91494640826168,90.47116145201292,4.972019801152183,23.40418007493878,94.28077507243204,66.79474766351495,11.862316859819705,176.75634848398948,164.89403162416977,10.02018679679325,71.10945456261095,33.35629589452158,2.834943479551927,28.864803410026152,40.39649121006388,11.531687800037727,1.285344042252879,3.4687476383239257,37.68062247058208,8.041934543650358,27.18678191749812,47.69264393615548,20.505862018657357,1.5236442161672834,8.484981783299304,159.38529888162077,2.6331282243984035,154.38053026012037,163.0171362936702,8.636606033549839,1.3565123273675632,6.145058365355908,166.6200099653912,4.795932745190619,151.9467967936679,173.23666450759598,21.28986771392809,1.3997517153450494,7.8483455317602875,176.5730664465548,3.958325791874885,161.32215242582515,179.86176178757052,18.539609361745363,1.7117794222885887,7.470212937309867,171.4938645107751,7.746977888971946,148.85599131278443,179.88787793277447,31.031886619990047,2.949006973076567,25.213070363832173,0.5648522498506584,0.3760667658839278,0.0875609599074344,1.1660024566549092,1.078441496747475,0.055354816155359136,0.17164310575856379,0.48849674428643763,0.3773912958375515,0.028311167715539542,1.0715599957591484,1.043248828043609,0.052535029159736346,0.1596375313711843,-9.579377944814634e-18,1.0317087383179579e-16,-1.6479873021779667e-16,1.5439038936193583e-16,3.191891195797325e-16,9.464056843048683e-17,3.0531133177191805e-16,2.4000369156150727
biceps_curl_16,biceps_curl,74.23667392935889,36.18180771332715,31.443784956248763,127.27867920316545,95.83489424691669,6.486071653189751,23.326526430603877,91.98306328917225,69.3371347271652,11.862316859819705,179.6508434113622,167.78852655154247,11.550942745335874,84.28925843941875,31.893490250155523,1.971085661290484,28.864803410026152,36.31033513634299,7.44553172631684,0.9949695888365226,2.800262575253562,37.671862155732406,7.7419890413601635,27.27492121947775,47.69264393615548,20.417722716677726,1.3085831486703876,8.085399670214017,161.03972021549524,2.9249615357167382,155.6555157366829,167.02585362153815,11.370337884855246,1.297919657702377,5.933307387445069,170.83228450772705,2.9408527327921052,166.53414177976435,176.92294705562296,10.388805275858601,0.9376146109624327,4.179957388699876,176.18594268745107,4.372812994409569,166.9270306558039,179.86176178757052,12.934731131766625,1.4739150362392146,6.896915688753239,174.1834042749505,2.434684855596988,168.11489022041624,178.80690048310632,10.692010262690076,0.9864332870282742,6.454873357757776,0.4963737510192656,0.30237538758351773,0.0875609599074344,0.9269545689356112,0.8393936090281768,0.05420642643862016,0.1553622323204158,0.41565374394207766,0.30470279765373454,0.028311167715539542,0.8574374301825599,0.8291262624670204,0.05536557240184487,0.19433533282549598,-1.9175922424026956e-17,8.441186543193021e-17,-1.4983674023749671e-16,1.5612511283791264e-16,3.0596185307540935e-16,7.274622714559636e-17,1.5612511283791264e-16,4.331574893073006
biceps_curl_16,biceps_curl,78.56226427317765,35.95878235269137,24.450902233087287,127.27867920316545,102.82777697007816,8.0380129840962,23.326526430603877,100.53252765799706,69.17133904653831,11.63866454340261,179.6508434113622,168.0121788679596,14.76247538181586,84.28925843941875,34.597980667717636,2.8988121185482347,28.87689331592041,39.35604676238709,10.479153446466679,1.0201470929910383,4.3511747231784454,34.76300135872013,5.891531874927946,27.27492121947775,43.0565674855546,15.781646266076852,1.191600659708385,7.107938070972857,161.36074091314873,3.0718383982211646,155.6555157366829,167.02585362153815,11.370337884855246,1.229429997767606,5.933307387445069,173.0933636953238,3.087654354607955,166.53414177976435,177.00986269037722,10.475720910612864,1.1762968215485428,4.179957388699876,176.0381030662479,4.252949353415472,166.9270306558039,179.97705157727222,13.050020921468331,1.4508914631383432,6.896915688753239,176.02099153454355,3.575292576771655,168.11489022041624,179.79644365050746,11.681553430091213,1.1268292573445544,6.454873357757776,0.5535629630671048,0.26752730376534917,0.16133153825242574,0.9269545689356112,0.7656230306831855,0.056977228225631296,0.16327657090677483,0.47747954844170426,0.2715140958438055,0.09091142546739017,0.8574374301825599,0.7665260047151697,0.056636392398037166,0.19433533282549598,1.061072526139147e-17,1.0188279498734792e-16,-1.4983674023749671e-16,1.5612511283791264e-16,3.0596185307540935e-16,8.316204525781918e-17,2.9945664004049632e-16,5.019062791141589
biceps_curl_16,biceps_curl,70.39963721596409,37.27687623253016,24.450902233087287,124.9300008261971,100.47909859310981,7.071175055998156,25.426268718626616,85.83190443214978,69.13117171119103,11.63866454340261,176.02627235428622,164.38760781088362,14.154014594203513,85.69465102174168,35.00270937433046,2.662566542775475,29.830060117481295,39.35604676238709,9.525986644905792,0.84914820745595,4.3511747231784454,36.08346552057764,5.497139181095585,29.392827633097607,43.0565674855546,13.663739852456995,1.0230799497039753,7.107938070972857,161.38401001627165,2.055966818771869,156.3112931673174,163.6454348926542,7.334141725336821,0.9156964272687403,4.343173376213059,172.80685001322092,2.3342038697927467,169.45571527129042,177.00986269037722,7.554147419086803,0.8540802315577427,3.159014994826464,176.65181079973033,3.593587602706343,168.20550527607253,179.97705157727222,11.771546301199692,1.1625274461969282,5.973969580968287,175.18004620210291,4.13378654949019,168.3701898730344,179.79644365050746,11.42625377747305,0.9643037118586453,6.361468475440546,0.4886681465185628,0.27991569134993394,0.11672786045100525,0.8997647976290618,0.7830369371780566,0.05405676473690332,0.1625156521338207,0.4144099836065118,0.2828225284432218,0.05957314200824615,0.8071245612997786,0.7475514192915325,0.052555117531970015,0.21185479421905817,2.0361316799277775e-17,1.1504922654593728e-16,-1.5439038936193583e-16,1.5699247457590104e-16,3.1138286393783687e-16,1.2013707796775586e-16,3.0878077872387166e-16,5.927570567223115
biceps_curl_16,biceps_curl,76.64866324131214,36.99193691423713,29.39080923023108,124.9300008261971,95.53919159596602,6.989589627562847,25.426268718626616,91.79446246672579,69.61060501052695,3.4313878342552804,176.02627235428622,172.59488452003094,14.472870577062189,85.69465102174168,34.8825966009021,2.6597123247070034,29.830060117481295,39.709668689142354,9.879608571661059,0.9335191298427369,3.244560481786131,36.1181153249065,5.18426622057416,29.392827633097607,42.92508147638763,13.532253843290025,1.0010042140840132,4.535607173580821,161.11255772133998,1.8235552297368143,156.3112931673174,163.56060212080362,7.249308953486235,0.9408778490370827,4.343173376213059,172.22947542150806,1.93198646139644,169.45571527129042,175.7859476881868,6.3302324168963935,0.746087138166925,2.7663776099213635,175.98389795361282,3.568940724607709,168.20550527607253,179.50374467806307,11.298239401990543,1.1672681586669962,5.973969580968287,174.18028794870835,3.3438036013650057,168.3701898730344,178.0764038369223,9.706213963887905,0.8917828795203334,4.165485771639595,0.5346945248383854,0.28023215533698986,0.11672786045100525,0.8997647976290618,0.7830369371780566,0.05612821727173229,0.1625156521338207,0.4588956076872536,0.28266132454953075,0.05957314200824615,0.8071245612997786,0.7475514192915325,0.05334549188748936,0.21185479421905817,2.0064968205465068e-17,1.0863256689167583e-16,-1.5439038936193583e-16,1.5699247457590104e-16,3.1138286393783687e-16,1.4075187375770439e-16,3.0878077872387166e-16,6.245831141661376
biceps_curl_16,biceps_curl,73.31321289102922,37.67506055998991,29.93324806035925,129.59401475662938,99.66076669627013,6.958295756147536,33.8077387290931,77.11006948823548,66.2044849914357,3.4313878342552804,168.96109987377963,165.52971203952436,14.623783336089472,115.01310419108418,33.81092951043891,3.170977075457349,28.728589889531435,39.709668689142354,10.98107879961092,1.0810921370079218,3.0988827099275973,36.877189373428756,4.811306903538254,30.243827518874344,42.4628294731723,12.219001954297955,0.9539123090462784,4.376679924017413,161.79052462206923,2.2172466097795955,156.9781064438176,165.49676368671862,8.518657242901014,0.9249467468810857,4.70674680338351,172.3216503757507,2.561445228207466,165.61221207710972,176.3520892149822,10.739877137872469,1.2274625653060753,5.289543908017038,176.082995558929,4.171874910888577,166.67732548137684,179.83135833781355,13.154032856436714,1.1714743295482695,7.643413715394075,174.68590517159308,4.344381098426628,164.89462041701972,178.4966673685293,13.602046951509578,1.3048188348570473,6.664100457580702,0.4843286733613093,0.28389704360998524,0.10809536520452412,0.8919832274516062,0.7838878622470821,0.05567731004497285,0.17853825726788314,0.413159915587042,0.2853530805544717,0.06117317358756125,0.8195253675528162,0.758352193965255,0.05333713096644924,0.2132933123257057,-5.247538514829841e-18,1.0621211631304777e-16,-1.5439038936193583e-16,1.5265566588595902e-16,3.0704605524789486e-16,1.2949112567657908e-16,3.0097452308197603e-16,5.102311859041208
biceps_curl_16,biceps_curl,82.21533223008836,37.77615339687125,34.484883566259484,129.6098450763414,95.12496151008192,6.958873237389936,33.8077387290931,89.57992390350562,69.25769678937932,9.341388558210147,175.59723741169742,166.25584885348727,11.906624047735999,115.01310419108418,31.428462652392657,2.2866083383489526,25.332303720021066,35.36963136362229,10.037327643601223,1.1094937699912557,3.0988827099275973,35.25484744432022,5.147961778872582,27.428306302214768,41.55195614271854,14.12364984050377,0.9758264212381471,5.336197085402063,162.3520303451452,2.6204078348459703,156.9781064438176,167.46763862058188,10.489532176764271,0.9995333116327821,4.70674680338351,172.98015942524205,3.180619574165166,165.61221207710972,177.75123874540355,12.139026668293837,1.2156187474745277,3.4772222663823413,175.83325507204827,4.644154202820518,166.67732548137684,179.9779955751903,13.300670093813466,1.2445354786154228,7.643413715394075,174.55588413923164,4.843617555856052,164.89462041701972,179.904647084251,15.010026667231273,1.3168256413781718,6.304895227740531,0.5316222048637039,0.2858092533122221,0.10809536520452412,0.8939610826950973,0.7858657174905732,0.055703036788055,0.17853825726788314,0.4627202962637148,0.2834122345777629,0.061360977121402316,0.8195253675528162,0.7581643904314139,0.052886558801564794,0.2132933123257057,-1.590163186312073e-19,1.0322591552435404e-16,-1.5439038936193583e-16,1.5612511283791264e-16,3.1051550219984847e-16,1.1437211331267776e-16,3.0704605524789486e-16,4.386215779331098
biceps_curl_16,biceps_curl,75.45197716486933,35.97409597050103,37.15642262299736,129.6098450763414,92.45342245334405,6.87330589345608,30.204348417491055,84.00752251665067,68.70017577544172,9.341388558210147,179.35035277260303,170.00896421439288,12.043251561837733,66.04041670529747,32.012367646683145,3.3412550167318336,24.89334215908254,36.85212036670046,11.958778207617922,1.205203378609321,4.189896808925923,36.05993432077759,6.065799662503461,27.428306302214768,44.06497350877087,16.6366672065561,1.1855554777362642,5.336197085402063,162.23426873774804,2.35501332286609,158.8891290102991,167.6061913660453,8.717062355746208,0.820052547948782,3.3135361513226087,174.49361488721271,2.3135336313334807,170.39983562300125,178.463455719493,8.063620096491746,0.9458497369786683,3.4580658439996057,176.5351453879194,3.7364554530916556,168.41744575654826,179.9779955751903,11.560549818642045,1.0824602226156848,3.9425286496015417,176.61689246074963,3.4516893426021182,169.02704622030816,179.92534393093183,10.898297710623666,1.1495254089625746,6.304895227740531,0.473290089642784,0.2752034855771859,0.10514131408149374,0.8939610826950973,0.7888197686136036,0.05730638153403943,0.13997237489143438,0.40568564871282836,0.2724718180580361,0.06901205292640189,0.8025430937110214,0.7335310407846195,0.05242309736750741,0.18574118031121156,-2.8912057932946785e-20,1.1714559361956963e-16,-1.5525775109992423e-16,1.5612511283791264e-16,3.1138286393783687e-16,1.410360094994592e-16,3.1051550219984847e-16,5.329643240789681
biceps_curl_17,biceps_curl,92.83935292879183,37.38051271742694,41.43184993742998,144.74736704639426,103.31551710896429,7.459844069393064,16.10536912165879,152.47504032857879,24.261197241400367,114.27568510520227,179.60869723596852,65.33301213076625,5.374628780319211,26.141858641115206,49.20609750554234,13.119395597256691,32.570233365869456,73.60427514431544,41.03404177844598,4.492544864599585,27.055449216530626,30.548414494834933,10.804396906340658,17.984138954265756,52.465084603342845,34.480945649077086,2.373060448619977,9.212738581711044,150.5692113186865,1.6228535929493952,145.75138821553483,154.0794556446371,8.328067429102276,0.8578302722582152,2.78217915231005,175.55247596860855,2.0294667727327123,171.30550631587,179.867894818767,8.562388502897022,1.019602142263802,3.3711284037280507,175.1264091433795,2.3163743749701484,172.24393942397347,179.7968049510894,7.552865527115927,1.505897848555715,4.067424576330836,176.30724211402998,2.1291736383736746,172.31477748775575,179.71210535126013,7.397327863504387,1.113520449947414,2.6827213884782566,0.7416944398427258,0.2886534350015338,0.26814074452479697,1.1067417650164906,0.8386010204916936,0.05470439431072454,0.14541705920782722,0.5900057854334347,0.27346654325850656,0.15337800006607083,0.9293472224514903,0.7759692223854194,0.05287466084835389,0.23846672074773145,0.0,0.0,0.0,0.0,0.0,0.0,0.0,4.380861055909746
biceps_curl_17,biceps_curl,84.78848937722195,35.03448351306117,41.43184993742998,136.8784028739661,95.44655293653614,7.809780437400955,21.181869395999982,143.82581015250696,20.0734518340676,111.58017543950886,168.7613792257511,57.18120378624225,4.8942951918121125,18.60840540872553,50.96375927627898,14.786139307340001,30.043021007218098,77.34591911080354,47.302898103585434,5.253249626161275,27.055449216530626,30.021922388271115,11.823724173701523,13.185566249860944,52.465084603342845,39.279518353481905,2.6658804753958636,9.212738581711044,151.64913828517612,1.3889703223212773,149.2065871923505,153.93362387241984,4.727036680069347,0.6989739409301827,2.317758938599269,173.13720968129164,2.856002176548833,167.70443029531543,177.4017629618677,9.697332666552256,0.863162851356391,2.2804259888970932,172.52522900713555,3.3832337079892474,161.8370263127592,179.16905177422797,17.33202546146876,1.4108295145445615,5.2718582098465845,176.24580721057876,2.251122823197741,172.31477748775575,179.9750235582447,7.660246070488938,1.3073436301905246,3.8210348952524953,0.6910506544354568,0.2746571474048223,0.26814074452479697,1.0150745390606044,0.7469337945358074,0.05245675141502456,0.1376200375666451,0.5327023527531417,0.2512718448892301,0.15337800006607083,0.8387535964468493,0.6853755963807785,0.05230652466900864,0.13669713751549795,0.0,0.0,0.0,0.0,0.0,0.0,0.0,4.818157104090531
biceps_curl_17,biceps_curl,86.52532215967065,39.48034022937758,28.057078063357814,136.8784028739661,108.8213248106083,7.794310313663129,21.181869395999982,144.40062002096016,20.355507572064138,111.58017543950886,167.15592793781462,55.57575249830576,5.984839200499939,18.60840540872553,53.327025690787806,17.310715716113506,30.043021007218098,77.34591911080354,47.302898103585434,3.810111976790675,8.299387026280947,28.802305168955424,12.772713524391403,13.185566249860944,55.47010402805836,42.28453777819742,3.392213121852106,18.642359079107514,154.17407615030297,1.5771962524062912,151.16246345705324,157.13614145182444,5.973677994771208,0.7659803942190931,2.636172810384096,170.11282002273646,2.126097505211655,167.35376269316637,175.1668888402014,7.813126147035035,1.031370463735889,3.543570824991235,170.04267353294853,5.6146923809454385,160.42943392930633,179.79887127034038,19.369437341034057,1.75532663990847,5.2718582098465845,176.0520497516958,2.454874479135791,170.16355654772232,179.9750235582447,9.811467010522364,1.662708057898245,4.533084935153596,0.7251593931631778,0.2885258030087676,0.2556999630194451,1.0546433810645142,0.7989434180450691,0.054912428399124774,0.1376200375666451,0.5567425224597427,0.2646249110654915,0.1244612596415281,0.8616640348452027,0.7372027752036746,0.05105367006356486,0.13669713751549795,0.0,0.0,0.0,0.0,0.0,0.0,0.0,4.022995881795655
biceps_curl_17,biceps_curl,85.26211077613524,42.171822673120175,28.057078063357814,145.47513584362878,117.41805778027097,8.223709362042815,23.251283774445568,143.59473079968933,20.23037437526541,111.6858013851638,170.64865276997406,58.962851384810264,6.001461962515389,16.439302330830998,54.038762506935306,18.092243400321312,29.209357399348143,80.33536062609681,51.12600322674867,3.6958420510133747,13.14168160995822,30.360414250297293,13.621285517883399,10.479996563634167,55.47010402805836,44.99010746442419,3.295312481441846,18.642359079107514,154.4960012202804,1.5327366687792063,151.24947035655111,157.13614145182444,5.8866710952733285,1.064559551456438,3.0024827293533463,170.37653833506891,2.2033239083324565,166.8299185928462,174.22792994989155,7.398011357045334,1.0135170599750645,3.543570824991235,170.15384345939268,6.293697978049815,160.42943392930633,179.88986135637006,19.460427427063735,2.272355870519702,9.112467892029684,174.92907067341915,2.6081600364339783,170.16355654772232,179.78019342766578,9.616636879943457,1.7577729544541574,4.533084935153596,0.7085903146699442,0.30439145650010563,0.2556999630194451,1.0546433810645142,0.7989434180450691,0.056255294155574516,0.13290213459254163,0.5391576698660803,0.2731064615802839,0.1244612596415281,0.8663102584126686,0.7418489987711405,0.05201810300089813,0.15444381622569614,0.0,0.0,0.0,0.0,0.0,0.0,0.0,3.4734139311298433
biceps_curl_17,biceps_curl,88.39423410824516,41.571057959060795,30.50296152235561,145.47513584362878,114.97217432127317,7.660995406474148,30.224578446505603,145.77492756371265,21.113233877154187,111.01945596226861,172.68969689420453,61.67024093193592,4.946398700420679,16.439302330830998,53.801036892833956,17.803860896823473,29.209357399348143,80.33536062609681,51.12600322674867,3.5671428210144827,15.735850141512543,28.913664737342273,13.697980427906405,10.479996563634167,54.29966481667142,43.81966825303725,3.0525565107501405,10.395757051115616,153.6596993844577,2.122474274320198,146.70516283044049,158.79841126286846,12.09324843242797,1.3307074791809912,4.8374284556848295,171.11418336142597,2.6912021262687302,166.31238580424395,174.89518476309817,8.582798958854227,1.2025479164311679,5.314484861115602,169.36906802680824,5.100943736468946,160.98315210453327,179.88986135637006,18.906709251836787,3.0195596830008022,9.68033670000682,175.96350284361952,2.5659148955533446,170.5082034341401,179.78019342766578,9.271989993525665,1.5832540872320693,4.530688340215619,0.7334773647107837,0.3011857969994615,0.2783083784678857,1.044410737903747,0.7661023594358614,0.05433696811786702,0.16817877159082617,0.5694310143391025,0.2772098031634338,0.12874021592816043,0.8663102584126686,0.7375700424845082,0.05185347724218799,0.1664553642133254,0.0,0.0,0.0,0.0,0.0,0.0,0.0,2.6943535708265007
biceps_curl_17,biceps_curl,88.00358700422883,39.854297359131316,30.50296152235561,140.13635433291208,109.63339281055647,7.578113558491325,30.224578446505603,148.54598233124372,22.05752605747183,111.01945596226861,174.8330176669909,63.813561704722304,4.485320364048742,15.407735081930156,56.82930085124634,14.528897648358988,38.644676104558116,79.5832553145738,40.93857921001569,2.937251362879042,15.735850141512543,28.476587285837432,14.211011027333752,9.79548973975611,54.29966481667142,44.5041750769153,2.93406368780076,8.4049154062591,152.62035441001908,3.4374037080301556,144.26848665211745,158.79841126286846,14.52992461075101,1.3905071420695476,4.8374284556848295,169.75127813711154,2.733650191752053,166.21467377072992,174.89518476309817,8.680510992368255,1.3846399247162038,5.314484861115602,170.33230563383228,4.836621861699979,160.98315210453327,179.90291347682987,18.91976137229659,2.995063533400126,9.68033670000682,176.2409205768721,2.3840731920143607,171.24917887167427,179.6198515063997,8.370672634725423,1.5471764806181507,3.6416391725096844,0.7264008585711171,0.2870922287331322,0.2783083784678857,1.036603533604604,0.7582951551367183,0.053658363658589295,0.16817877159082617,0.5749844825044357,0.28220225650485453,0.12874021592816043,0.880074362245149,0.7513341463169886,0.052539546977544,0.1664553642133254,0.0,0.0,0.0,0.0,0.0,0.0,0.0,2.4509772101941634
biceps_curl_17,biceps_curl,84.63877010526647,41.32237217351871,16.409815142419983,140.13635433291208,123.72653919049209,8.456094597476396,16.021692909311653,148.93821134997742,20.426881350363338,117.27954177987908,174.8330176669909,57.55347588711183,4.339032768834104,15.407735081930156,57.6114745407051,15.749309528714713,32.32008575219087,80.21323175420557,47.893146002014696,3.243356971931596,9.427314626877362,28.982515194754622,13.067448225678431,9.79548973975611,51.028121599191586,41.23263185943547,2.7899950778422866,8.368014504452866,152.23128467017446,3.1386490891277212,144.26848665211745,155.87048111262885,11.601994460511406,1.1051583244848866,3.866181373002945,169.01956398095757,1.791086330294436,166.21467377072992,172.65599966588917,6.4413258951592525,1.1528554309223462,3.6341398122121404,171.52659357243766,4.650350284776738,163.6070592823656,179.90291347682987,16.295854194464255,2.267091621613288,6.967885546598069,175.9648371033053,2.3438293519546796,171.24917887167427,179.6198515063997,8.370672634725423,1.5562438502267846,3.6416391725096844,0.7154872048852369,0.2909508857089442,0.1844160506922552,1.0521067068108314,0.8676906561185762,0.0591271521190713,0.12886696514794294,0.5683805473008827,0.27884449776287423,0.11955234974979012,0.8827459954937387,0.7631936457439485,0.053591277211531896,0.1622805121073021,0.0,0.0,0.0,0.0,0.0,0.0,0.0,3.0961023142239443
biceps_curl_17,biceps_curl,84.93419305527455,42.19529471168502,16.409815142419983,139.635815304016,123.22600016159602,7.837329658526502,20.244934030839957,148.3788000031454,20.123876415836026,117.27954177987908,172.33212392164964,55.05258214177056,4.270151667190102,19.25120369958475,54.159517714832546,18.724872572372412,29.997743060427332,80.21323175420557,50.215488693778234,4.186948815981092,11.953956690094927,30.506539516827395,12.120214016343867,12.9223395983835,51.028121599191586,38.105782000808084,2.605401796570039,11.087241535354224,154.16052576295576,4.546414379096324,147.27551511502267,167.48694101463428,20.211425899611612,1.9371588808590876,15.7810309514866,168.16420582249427,2.058986449071714,163.9303464551222,171.6228480664707,7.6925016113485185,1.3009476912265394,4.07607285758769,173.15649189439588,5.27604352747733,163.6070592823656,179.77286652115941,16.165807238793803,2.4786575564231326,12.909617645478875,175.617802516572,2.2571261546038532,172.59151093410685,179.69912650145085,7.1076155673439985,1.3224181371558006,4.189631781481637,0.7254737764671321,0.30927372003206965,0.1844160506922552,1.0521067068108314,0.8676906561185762,0.05961417884642016,0.22044330502158765,0.5708208793418251,0.2740482154644864,0.11955234974979012,0.8888789889566446,0.7693266392068545,0.05035371280547979,0.1659377207823367,0.0,0.0,0.0,0.0,0.0,0.0,0.0,2.684947089728956
biceps_curl_17,biceps_curl,88.43414116534943,39.176019534153916,38.84114461266231,140.6302170440984,101.7890724314361,7.903890154454397,20.244934030839957,145.92979546748774,22.901947217575827,109.06615635999162,172.33212392164964,63.265967561658016,5.381846832916485,19.25120369958475,49.90517035953854,15.226864425068596,29.997743060427332,79.35012989761393,49.35238683718659,4.553044417442027,11.953956690094927,31.610495288889926,14.268608109923761,12.9223395983835,60.345538649149944,47.42319905076644,3.2503994685370245,18.309966387234702,153.66342032778192,4.669359403407185,147.97596576436652,167.48694101463428,19.510975250267762,2.1887338961841367,15.7810309514866,168.00488182321175,2.519166791094089,163.9303464551222,174.74045605990852,10.810109604786334,1.4648859566196795,4.852593226938751,175.42311371212654,5.031272627263026,160.90112156964997,179.77286652115941,18.87174495150944,2.8929162853095045,13.418466372996846,175.40833321893177,3.3025029283837277,166.4312281878098,179.90055087442744,13.46932268661763,1.6149071498479814,5.942956831011912,0.7219448710935673,0.32039635922823645,0.2606042353654262,1.0741121028245393,0.8135078674591131,0.05845196954500285,0.22044330502158765,0.5623092869757929,0.28803811729943885,0.1000327874621787,0.8888789889566446,0.7888462014944659,0.05490924357649202,0.1659377207823367,0.0,0.0,0.0,0.0,0.0,0.0,0.0,2.584001398926332
biceps_curl_18,biceps_curl,145.00375182173659,25.18414042077199,63.835088549459044,168.18666765651707,104.35157910705803,15.220412665942792,98.2504553862583,154.4615836583354,29.65389816742976,74.57098760103632,179.5700134238291,104.99902582279277,8.341746303056272,43.611739417732096,48.87958870397458,3.3837838148184063,43.27754123185797,56.815276500634134,13.537735268776167,2.535815754917381,9.9152494322908,24.67421296870696,9.678897404177462,10.112351805151514,40.05483157879394,29.942479773642425,2.637483729110602,9.307469886685158,127.75012196368506,16.93633335234012,102.52808175856713,169.6981866747961,67.17010491622896,6.254574909812818,24.67011134400458,143.60604567044754,9.21125686094065,129.2868718559027,169.55364505157954,40.26677319567685,5.308704361550489,25.76621471526269,107.00102675021289,46.4775779958851,7.700316174841377,179.62980806840545,171.92949189356406,22.613595566209234,92.83768417414556,146.066980302175,36.700409564142625,51.15678523479379,178.7343674033724,127.57758216857862,10.481853678135522,48.40496519542717,1.4292932507094565,0.5445586453632252,0.5670700687863328,2.194632708901873,1.6275626401155403,0.10569855271819834,0.2496601694977385,1.588840329830896,0.5333572118569364,0.745559877236424,2.3889361261803033,1.6433762489438792,0.1067214382679252,0.2640026495547134,-5.53087668257272e-17,6.350039078600006e-17,-1.3877787807814457e-16,0.0,1.3877787807814457e-16,4.973870931981776e-17,1.3877787807814457e-16,0.6434455124023462
biceps_curl_18,biceps_curl,131.08325066044165,45.221543099447004,23.93875967361675,168.18666765651707,144.24790798290033,18.570759981790303,123.67956059362186,135.03798619543628,45.749483081846286,28.898756103671378,176.91537500577707,148.01661890210568,11.587895062623549,39.434350433291016,45.51081032622047,4.027196170150986,37.79282686499825,56.815276500634134,19.022449635635887,1.9421764811761064,7.213423848644567,20.167658507826822,7.996529429602551,10.112351805151514,38.52070816799213,28.40835636284062,2.2919578542113057,6.936073606514485,139.64844728740385,26.469743631319638,102.52808175856713,178.09397805824392,75.5658962996768,7.371580097436456,32.67651073263863,135.99117348413603,9.796686945688116,119.84041485674412,152.6493271839466,32.80891232720249,4.268171404590317,12.404884050652214,114.43941307953804,43.85777922740673,54.82916721357208,174.10790895480622,119.27874174123414,14.321873678345423,48.051493048766204,137.84453291508586,41.50337380797456,51.15678523479379,178.7343674033724,127.57758216857862,14.517679857320363,63.44343566034223,1.2361495057665233,0.5354783148248415,0.40787757179389533,1.9677185284564263,1.5598409566625309,0.11964427032804993,0.31995638985735175,1.3514839992431171,0.5456516097144576,0.5003704226422419,2.062110589693377,1.561740167051135,0.1199611269320842,0.32932519042100694,-5.958775139980333e-17,6.021062922229464e-17,-1.3530843112619095e-16,0.0,1.3530843112619095e-16,4.384663130658619e-17,1.3530843112619095e-16,0.8496388302066008
biceps_curl_18,biceps_curl,128.78609467500235,41.34674960335234,23.93875967361675,163.46261369947638,139.52385402585963,13.454106797488716,123.67956059362186,134.83811160197612,43.658771729062245,28.898756103671378,173.17090952892656,144.27215342525517,11.212838768577392,39.434350433291016,42.171804548831346,2.994079058022383,37.79282686499825,49.97454334995012,12.18171648495187,1.5210141797203156,6.251760678656389,11.906361042959713,6.723004424592247,0.1874716053984502,22.707899067613127,22.520427462214677,2.052902919481441,6.936073606514485,130.26017100039326,29.609908959794573,94.36480097366257,178.09397805824392,83.72917708458135,7.893408945321266,37.68347311797655,135.3610791179927,13.788972978470383,116.66909348112736,161.81468989137989,45.14559641025252,5.435024868926615,17.308759344843082,111.45203729222916,39.87471513754896,54.82916721357208,174.10790895480622,119.27874174123414,14.988651674733024,49.948030402789,144.2990104519884,30.622342732790823,84.37978595509877,178.62355717814725,94.24377122304848,11.438054706819914,63.44343566034223,1.2855884364308285,0.4636805857895563,0.40787757179389533,1.9035107017658799,1.4956331299719845,0.1243276424586775,0.31995638985735175,1.4267467298107828,0.505914110072951,0.5003704226422419,2.027826604005464,1.5274561813632221,0.12913542043473392,0.38910835582343606,-6.736509498376601e-17,5.553704557700792e-17,-1.3183898417423734e-16,0.0,1.3183898417423734e-16,3.672828324999171e-17,1.249000902703301e-16,0.7103700936829003
biceps_curl_18,biceps_curl,125.14685113223139,29.47125863894514,42.789734767193,154.0781874843197,111.28845271712669,8.861520444622707,37.35167088855703,129.70086647024056,42.927026163089906,46.47424471607372,173.17090952892656,126.69666481285284,9.331105897427603,38.569234988472346,42.34892273820619,3.0091399604830715,38.25837987820732,50.11992848626871,11.86154860806139,2.0066263840060716,7.088492949324255,6.237368790461434,4.342915394589283,0.1874716053984502,17.692913114288235,17.505441508889785,2.156115486761728,8.273911928031314,124.03893367822347,23.46431067087064,94.36480097366257,172.66402215490442,78.29922118124185,9.241043231282164,25.122916639827196,146.9909460968618,12.43760685400437,116.66909348112736,161.81468989137989,45.14559641025252,4.2720469921163,17.308759344843082,110.6779013682487,35.65850824361517,67.07809977854403,178.79358483528134,111.71548505673731,15.444935963577818,57.29394829551492,145.72165719220234,40.690232762560335,10.898372123001819,179.45123985375318,168.55286773075136,12.551014210843366,102.35476002471302,1.178181311581259,0.4785998655680844,0.3426122201008168,1.7734505750474023,1.4308383549465855,0.10781813659330375,0.22901498760778427,1.3281089043272916,0.5488407553642592,0.4046092815995307,1.9733620200802267,1.568752738480696,0.11683808378486008,0.3244096566800617,-5.973231168946805e-17,5.020904973815351e-17,-1.249000902703301e-16,0.0,1.249000902703301e-16,2.9550117142501474e-17,1.249000902703301e-16,0.5385662496305834
biceps_curl_18,biceps_curl,117.25878553967048,35.19528029527857,42.789734767193,153.93974444223272,111.15000967503971,12.802163754248557,79.52036909016371,118.8699114742616,46.986277787158926,44.22710971369554,175.9258541728431,131.69874445914755,12.09106836012442,57.775919786068826,43.19694990064342,3.9193110124705566,38.17310080769376,56.22239047870293,18.04928967100917,2.5968201026272473,7.444441974857092,10.791149138637952,6.973641680479966,0.7379235908658949,23.061939819486824,22.32401622862093,2.1279339995179978,8.273911928031314,125.88382909642422,23.273854743590753,88.95889507697532,172.66402215490442,83.70512707792909,10.486130508577574,30.95440109717478,154.7033069122453,5.609716102457516,143.62360124771982,172.2120775330496,28.58847628532979,3.743718781036118,16.514906359236818,109.83011858481996,44.12839444050039,54.38600217232416,178.79358483528134,124.40758266295717,12.067833641227857,49.64993371223808,117.6123809040892,67.88036166678923,8.279880435194626,179.45123985375318,171.17135941855855,15.305375647757801,102.35476002471302,0.9638419295564229,0.44218547506916783,0.22492741737751043,1.527836621871757,1.3029092044942465,0.10545887968624644,0.309724708705742,1.0794114425525378,0.4842739663826699,0.4046092815995307,1.706064308055011,1.3014550264554803,0.1123189827485756,0.3244096566800617,-5.340779901663595e-17,4.4191532594100374e-17,-1.0408340855860843e-16,0.0,1.0408340855860843e-16,3.212229333101881e-17,9.80118763926896e-17,0.7119184797570085
biceps_curl_18,biceps_curl,124.4457605386304,36.187436802137526,36.81847723483108,153.93974444223272,117.12126720740164,10.464092910448946,79.52036909016371,134.1191863182066,43.052484217104194,44.22710971369554,175.9258541728431,131.69874445914755,9.47506886085053,57.775919786068826,42.03279410542049,5.861706741549951,32.98671892109396,56.22239047870293,23.235671557608967,2.6068682070296454,7.444441974857092,11.73613321696522,6.274044568158466,1.0515871578190916,23.061939819486824,22.01035266166773,3.099276923966977,10.978411743177935,109.48642729793316,22.85756506191961,73.94816917024342,159.6515836943539,85.70341452411047,10.59962113068525,39.43402104229294,155.60892686847728,9.35263440629952,129.29118675188522,178.20658456548537,48.91539781360015,7.868356807843819,32.59253653573498,96.19478896019433,42.308494502282834,54.38600217232416,178.27899864717023,123.89299647484606,11.585684314572115,50.16856829159154,124.25181794588742,61.85198182075304,8.279880435194626,179.50528304217136,171.22540260697673,14.462715766869463,85.89498694548672,1.121689211118557,0.47133103854929503,0.22321092600001413,1.6443408185026742,1.42112989250266,0.09714621948470391,0.309724708705742,1.2794248804712411,0.4782933665889193,0.4240409322553667,1.9087954483337324,1.4847545160783657,0.10027563880140444,0.290173872053467,-4.109126233720062e-17,4.732220605901641e-17,-1.0408340855860843e-16,0.0,1.0408340855860843e-16,4.3188632746732924e-17,1.0408340855860843e-16,0.576087005344219
biceps_curl_18,biceps_curl,117.60587599409908,29.50877568506725,36.81847723483108,149.51413319775375,112.69565596292267,9.292714588988263,55.435096748967794,120.39630051680234,40.44873277447943,44.26491543125923,170.37972252261528,126.11480709135606,10.890073219193546,62.656921843072354,46.98277403529054,13.120736359236876,32.98671892109396,94.10931361018109,61.12259468908713,5.770924075996426,36.03182795216455,8.84763680432994,7.381431738590063,1.0515871578190916,33.12737511960344,32.07578796178435,4.757214040603097,12.956491836706741,90.4778680524627,32.92514988705664,32.872646337246934,159.6515836943539,126.77893735710695,17.494088799592692,111.11064616123207,147.80153308318825,27.670689574182177,70.25373686525839,179.69211367780824,109.43837681254985,15.672249335687214,86.56439766725829,86.32027258565013,44.244604122752804,13.221584376849217,176.31297312973302,163.0913887528838,26.08446763537154,114.27095315872825,137.35284274448097,39.69731962449997,37.2244784409906,179.50528304217136,142.28080460118076,31.370094506747964,82.02574947529358,0.9947872113123921,0.49364163819154616,0.22321092600001413,1.6443408185026742,1.42112989250266,0.10707060321905569,0.3008139196950621,1.245466252382708,0.49551854850048693,0.4240409322553667,1.9087954483337324,1.4847545160783657,0.11587616170473582,0.39144338466687456,-2.5037842169931916e-17,4.184828383353814e-17,-1.0408340855860843e-16,0.0,1.0408340855860843e-16,3.589083053745118e-17,1.0408340855860843e-16,0.3388945136361722
biceps_curl_18,biceps_curl,125.89909083127813,22.37550194732754,83.13843207097811,159.22381395195,76.0853818809719,8.504715562429183,29.10057894921323,120.37884716246998,29.05336356249973,54.96977155077591,163.61652584095683,108.64675429018092,8.441563527617824,62.656921843072354,50.903422159351265,11.086221964564153,38.89177557301325,94.10931361018109,55.21753803716784,5.1635636930629465,36.03182795216455,19.80909450061413,12.603141350357399,1.132901867314671,36.196178369312804,35.06327650199813,3.6989207754578683,12.956491836706741,75.54565192318334,26.061999232535026,32.872646337246934,157.60315975193225,124.73051341468532,20.687413351496758,111.11064616123207,130.97616126480094,31.095239578382078,70.25373686525839,179.69211367780824,109.43837681254985,14.145309361920148,86.56439766725829,72.95839979442773,38.2419918358256,8.13742738365215,159.54676321943234,151.40933583578018,30.98858840277311,114.27095315872825,106.02423211006469,38.256459660956075,37.2244784409906,174.65096071129994,137.42648227030935,35.28966187515013,82.02574947529358,1.0266788033081156,0.3938073575679303,0.3133179769223672,1.6009501590084798,1.2876321820861127,0.09902185314801136,0.2888538697501499,1.298342016821554,0.3807030710070633,0.5740841475503558,1.9057121581759597,1.331628010625604,0.10628385203070001,0.39144338466687456,-3.82506526452886e-17,4.1252968017744087e-17,-9.80118763926896e-17,0.0,9.80118763926896e-17,3.762555401342799e-17,9.80118763926896e-17,0.25525185640116693
biceps_curl_18,biceps_curl,138.46740070677816,23.98652055689531,98.01470444329675,176.05292057471254,78.0382161314158,12.409760755047289,68.1217508630788,115.43203033836136,19.413882970630947,75.67713720344119,142.1911279722501,66.5139907688089,6.053903733700109,14.997937272663165,54.01695640595438,11.23448117042644,35.57507362206756,80.28829948792209,44.713225865854525,4.459866091429633,18.3579784238959,40.458989723933186,12.562917833738137,15.622809718374805,58.97628384729383,43.353474128919025,3.4514885285444588,12.805655646266624,68.55590636382817,23.654191740896177,32.58413076260694,129.15714721816576,96.57301645555881,18.048561007966086,82.997039522624,106.38356051302688,26.356029931699176,56.416502091510466,158.76060297755754,102.34410088604707,17.574147995222088,76.00727985930672,65.54208391767256,32.03191576530917,8.13742738365215,126.43843871129617,118.30101132764402,21.863670995591605,81.41740665645327,94.45702174482872,36.93209012112473,11.260701617129968,168.46043529082786,157.1997336736979,31.192835524169432,89.58116282697986,0.9600551043181954,0.29664774187432197,0.5267224444317775,1.480846869217904,0.9541244247861265,0.0935178704139203,0.2738951721217102,1.1401568072975483,0.3564732649342477,0.49772570003452776,1.7307724312622006,1.233046731227673,0.1040631082222115,0.24474964897027718,-4.3509033181843294e-17,3.816908199618191e-17,-8.326672684688674e-17,0.0,8.326672684688674e-17,4.3181155490370953e-17,8.326672684688674e-17,0.2974205280593164
biceps_curl_18,biceps_curl,142.76494361322025,24.13430640460075,98.01470444329675,176.05292057471254,78.0382161314158,13.088182193866068,68.1217508630788,116.91172235293611,23.997988579932343,75.67713720344119,153.83990744632612,78.16277024288493,6.855107099033775,18.096031652240427,64.29070292895241,11.707147829311024,35.57507362206756,80.28829948792209,44.713225865854525,5.016950914188348,18.3579784238959,55.069352674610236,7.329879608847045,32.56763294671451,61.34798859663579,28.780355649921276,2.7989310638350577,11.714822763393279,61.96696154291196,25.401560069879732,32.58413076260694,129.15714721816576,96.57301645555881,18.471192144667604,82.997039522624,87.86096835906555,20.39337249888259,56.416502091510466,140.28523583084382,83.86873373933335,18.773625029405984,76.00727985930672,56.412578413292955,38.2259793069269,7.862149069800939,162.02442366315913,154.16227459335818,24.92843697237284,129.09940779312333,81.58697319197694,44.47739300334569,11.056933202638685,170.0454747332255,158.98854153058682,46.295971526823294,139.35858635071003,0.9175969085272494,0.27630765538913077,0.5267224444317775,1.2844643365106525,0.757741892078875,0.07433649206683973,0.21998966347876459,1.107397691449059,0.3534256575881847,0.49772570003452776,1.574032672194416,1.0763069721598884,0.08803385264369885,0.24199915489552137,-4.661707940963507e-17,3.821179752782126e-17,-8.673617379884035e-17,0.0,8.673617379884035e-17,4.3958790152015727e-17,8.673617379884035e-17,0.2559174834947125
biceps_curl_22,biceps_curl,177.72211229368213,0.475596175048143,176.6992514889898,178.7334530314922,2.0342015425023874,0.15652273243943451,0.5231875578557776,121.95186922069284,69.3315772164019,10.795880464484988,179.96264844608015,169.16676798159517,11.290823576643781,66.55242641153538,7.046795171935566,0.24846196583971383,6.571703061885008,7.426195396484251,0.854492334599243,0.06211151389071409,0.2618667231566567,9.472904848730625,1.7952734593519848,7.672874222013697,12.934393410400258,5.26151918838656,0.2577250816388291,1.0977236206306245,177.0093831249505,0.31512614181185356,176.72115887404092,177.77027767486206,1.0491188008211338,0.06181477992496921,0.27154135723895934,177.64192431621632,0.9630665350001404,175.8192285513441,178.58280870231485,2.763580150970739,0.11294604492900263,0.34910257261512356,175.681111180898,0.6073013398400557,174.68720247517248,176.84797951297344,2.1607770378009548,0.19088384890737636,0.6160878545913135,178.82595680380604,0.8495501057302278,177.31983320570538,179.94783271420673,2.627999508501347,0.16397053807930828,0.46960253052392886,1.0081706634428198,0.02391156259579754,0.97205983280326,1.080268449417054,0.108208616613794,0.0071070236327193115,0.037368476484596624,0.7037877776769484,0.39271902536169684,0.04632688821992481,1.077990136368528,1.0316632481486032,0.06665995712351798,0.2003752425611549,0.0,0.0,0.0,0.0,0.0,0.0,0.0,22.218362768917434
biceps_curl_22,biceps_curl,177.76523813172514,0.3981592473312193,176.6667253985523,178.1864972895168,1.5197718909645062,0.0903658650871413,0.36074765098075545,88.03443559271194,74.93304354568807,11.301810460896515,179.96264844608015,168.66083798518363,9.681682603125417,72.55305734253699,7.280845914040801,0.1613463741202935,6.935084003587869,7.51616945354089,0.5810854499530205,0.04025424107009144,0.1325290701160231,9.834832191233712,1.7852700760341151,7.672874222013697,12.302262695203625,4.629388473189928,0.2421987050458285,0.9455189655652259,176.83592643234994,0.09470447326860226,176.5916079120146,176.96731396086838,0.3757060488537718,0.037245128580625064,0.2049755662093844,178.2433047821664,0.18972904955622832,177.8573378992317,178.58280870231485,0.7254708030831409,0.0605456250652594,0.19945618072580373,176.10007341954608,0.4577884437577815,175.30938909119863,176.84797951297344,1.5385904217748134,0.1465526477478514,0.6160878545913135,177.64229986061366,0.6122167055054814,176.9799533454388,179.2087967684767,2.2288434230379153,0.14265540594899234,0.49833188241976245,1.0111974112791229,0.010316307022048797,0.9910997156039958,1.0237342843826864,0.03263456877869064,0.004044764253506807,0.013176624864660758,0.5135297353233503,0.4330976058916145,0.03755802672608244,1.07555675123622,1.0379987245101376,0.0578905508697424,0.2093448461863755,0.0,0.0,0.0,0.0,0.0,0.0,0.0,25.980703877012612
biceps_curl_22,biceps_curl,177.68096540566975,0.5850420942253343,176.6667253985523,178.44117522869163,1.774449830139332,0.11051227007965575,0.3640480091839038,100.04517196191564,77.3950149989857,11.301810460896515,179.94676349636,168.6449530354635,6.152439810954195,72.55305734253699,7.406122525382731,0.25324213143165925,6.935084003587869,7.773238695065733,0.8381546914778637,0.059812154970418634,0.21117290715416814,10.043397302891242,1.7513561753297135,7.194628643852668,12.302262695203625,5.107634051350957,0.26961454827591264,0.9455189655652259,176.85258659003512,0.1485349478972854,176.57524612495476,177.09228663828227,0.5170405133275153,0.05518190181202821,0.2049755662093844,178.1573907153707,0.10785717558416856,177.8573378992317,178.3835303762799,0.5261924770481983,0.060517186119919436,0.19945618072580373,176.41150379076677,0.32841746081334783,175.863611229111,176.93432412202012,1.070712892909114,0.10707159275451247,0.35836390894155556,177.21364499203426,0.30750502812607816,176.82817175786764,178.07338630692144,1.2452145490537987,0.12925750016253998,0.7056346169215715,1.0117784971324688,0.011720594568126927,0.9914297681685305,1.0280763070413372,0.03664653887280678,0.0025749366079316177,0.009547649755553556,0.578689180079887,0.4565568791752131,0.03755802672608244,1.088024706170125,1.0504666794440425,0.04409251024291484,0.2093448461863755,0.0,0.0,0.0,0.0,0.0,0.0,0.0,18.72684956181941
biceps_curl_22,biceps_curl,177.87778382707205,0.5398367770315693,176.7244472156351,178.454410047475,1.7299628318398845,0.09801735388054433,0.3640480091839038,145.92868962612044,57.76571070225063,13.326509269845062,179.94676349636,166.62025422651493,6.975274727169439,63.01818002009932,7.498291958196728,0.21086295857035264,6.9831265090681125,7.773238695065733,0.7901121859976206,0.05158465776850502,0.21117290715416814,8.433581189363355,1.1727749517919266,7.050516176275887,10.690293649055372,3.6397774727794845,0.23878169897386284,0.960341240621915,176.81961417179758,0.18249496532796602,176.55849036425252,177.1319889576505,0.5734985933979715,0.06619487104916288,0.22035187865083117,178.03835028312088,0.2776077946503362,177.5438190113341,178.3835303762799,0.8397113649457992,0.061203502920644214,0.1873295692584236,176.82078287148133,0.4181515007900196,176.14596280567275,177.90693442633014,1.7609716206573864,0.12241512701924628,0.5851360729939188,177.19843719750045,0.5408116579431458,176.2108047232268,178.17614401302055,1.9653392897937465,0.18614966493840193,1.6486571750650683,1.0177382036059204,0.012709658917045343,0.9919416395184952,1.0349147717422291,0.04297313222373389,0.002880849543798207,0.00916619204388125,0.8516705295556445,0.3341721147038034,0.050252538840381944,1.088024706170125,1.0377721673297429,0.052923659263711655,0.17623138059944343,0.0,0.0,0.0,0.0,0.0,0.0,0.0,16.890551801841145
biceps_curl_22,biceps_curl,177.6212171642998,0.5627422778866253,176.60410956655625,178.454410047475,1.8503004809187473,0.099012977277834,0.5031601521599498,96.43209663515037,74.20887916885447,10.45003843652775,179.87906346720206,169.4290250306743,11.583480401052746,94.6436023261709,7.446046580243305,0.1739291803793075,7.090476716131399,7.605799860470904,0.5153231443395043,0.03781191828611252,0.10571399487235489,9.412890230740013,1.4875059729408908,7.050516176275887,11.277130600888366,4.226614424612479,0.23138643820678137,0.960341240621915,176.8689137761749,0.1671933481997473,176.55849036425252,177.1319889576505,0.5734985933979715,0.06452993007074144,0.22035187865083117,177.70457145911706,0.2722358634701533,177.42741701135168,178.3594510290026,0.9320340176509205,0.04748189282609921,0.1873295692584236,176.73919895931803,0.4490993701861087,175.92106105569115,177.90693442633014,1.9858733706389842,0.14468125159190345,0.5989901562517446,176.9338110028392,0.6291184348946436,175.99155780998726,178.17614401302055,2.184586203033291,0.22394331255140812,1.6486571750650683,1.0172633370763535,0.014855666876231553,0.9859198616958365,1.0349147717422291,0.04899491004639267,0.003974554807582307,0.016321663312921286,0.5618006378036029,0.41548991665166585,0.050252538840381944,1.083859625174143,1.033607086333761,0.07207012202393535,0.22212916692639473,0.0,0.0,0.0,0.0,0.0,0.0,0.0,24.866389763838317
biceps_curl_22,biceps_curl,177.4261116216038,0.423250742349008,176.60410956655625,177.90191185302584,1.2978022864695902,0.10958683772692121,0.5031601521599498,115.85456501633243,72.25390518558368,10.45003843652775,179.8333752128848,169.38333677635703,11.168460009867376,94.6436023261709,7.388224150350913,0.18798877828624325,7.090476716131399,7.652919292562278,0.5624425764308789,0.03936516518086387,0.20020328692625622,9.35952952035763,1.276993810243234,7.897330735182855,11.277130600888366,3.379799865705511,0.16066147996101016,0.43293048109681287,176.8730989922129,0.12693070883777943,176.5662336031827,177.0839036748908,0.5176700717080962,0.04034672119468923,0.13442981832503165,177.64491301072786,0.19223771618499713,177.36953916077428,178.06090028733203,0.6913611265577515,0.05799715547613397,0.1688150488218696,176.53647105344083,0.2232716097243915,175.92106105569115,177.14566426008105,1.2246032043898936,0.11355727633723577,0.5989901562517446,177.1728484449442,0.6959647993873586,175.99155780998726,178.33465195330425,2.343094143316989,0.21684203191401055,1.272672993366541,1.0108211899115456,0.012066412816723115,0.9859198616958365,1.0304765536255942,0.04455669192975775,0.0038877567577874196,0.016321663312921286,0.6774469318384754,0.4099330269162924,0.05119358693894438,1.100401565156409,1.0492079782174646,0.06507895221825767,0.22212916692639473,0.0,0.0,0.0,0.0,0.0,0.0,0.0,26.771442430793343
biceps_curl_22,biceps_curl,177.3060528555385,0.3633428156670646,176.55039266065347,177.90191185302584,1.3515191923723648,0.11500309928985664,0.3368623537779172,112.51376300532047,70.65147785741809,14.573024281777506,179.8333752128848,165.26035093110727,11.289779365487197,51.548445851692975,7.338049132139241,0.18217001507846733,7.013802810658222,7.652919292562278,0.6391164819040558,0.048060128209828905,0.20020328692625622,8.859518548444294,0.792409978026195,7.897330735182855,10.367959272258371,2.470628537075516,0.18579455027631334,0.4928910354633782,176.4818574420129,0.37339754260814795,175.79299449862805,176.9542061362972,1.1612116376691404,0.049981911083814966,0.17059341332540612,177.66236508860692,0.20365161772183055,177.29561853046462,178.06090028733203,0.7652817568674095,0.07641516986785941,0.20553551926738578,176.83184327961092,0.27088365372973683,176.362024248186,177.33516854372786,0.9731442955418572,0.1181453355090588,0.42479830816617437,177.22442419191228,0.8690235436198869,176.00540557205764,178.5649403144406,2.559534742382965,0.2196532498561696,1.272672993366541,1.0186939973201254,0.007292543591384595,1.0048975747415516,1.0319106346254998,0.0270130598839482,0.0019564453473538833,0.005735843173117372,0.6673026687682841,0.39346481609823725,0.09540767995658972,1.100401565156409,1.0049938851998192,0.06944607618413322,0.22201655123742892,0.0,0.0,0.0,0.0,0.0,0.0,0.0,25.072696683293877
biceps_curl_23,biceps_curl,178.07284627453282,0.8343847188285061,177.33426331113827,179.91485091483588,2.5805876036976088,0.1353025873416737,0.5288590543018472,78.7926794673874,78.6616791303206,8.631946135865395,179.72972425706638,171.09777812120097,6.074086963492066,80.91234342171845,10.348231046131021,0.6513202866372415,9.08217200900738,10.892239538498506,1.8100675294911266,0.07809488765894575,0.22620715163346183,10.602590309901435,1.693884518793373,8.540950797137553,12.813944795726595,4.272993998589042,0.17329653275053886,0.7707554386196538,175.34180213840395,0.5653666175459785,174.05580667312609,176.19531634026094,2.1395096671348597,0.10355126614055817,0.5383133003608407,173.8356691943983,0.8119792224559151,171.2575171791875,175.04297464206158,3.785457462874092,0.4362309435159522,1.3123435628391746,178.69637231999408,1.095762516503077,173.3573309408226,179.55612228108328,6.198791340260669,0.2843097290108672,4.970166607834386,177.02210999924128,1.4742178168955966,174.5898206889265,179.96853522886178,5.378714539935288,0.6654779253824874,2.3967543112166254,1.030591980431973,0.03751979120653794,1.0008417966623735,1.1496454776327216,0.14880368097034813,0.0056060525768649155,0.042436281336909465,0.4268336773823193,0.46876825498033325,-0.018671513771665538,1.1622794019741123,1.1809509157457778,0.041955329840687644,0.1340487351278018,0.0,0.0,0.0,0.0,0.0,0.0,0.0,4.337346724830721
biceps_curl_23,biceps_curl,177.4435246945024,0.06975687722412621,177.33426331113827,177.59047042556222,0.25620711442394395,0.04247029374138539,0.15733415177149368,66.48495263033583,73.04369754678768,8.631946135865395,178.25208045888326,169.62013432301785,6.09544170093206,53.431976224186215,10.820352470287578,0.08773516304496207,10.61911830894305,11.025301322474363,0.40618301353131336,0.03711736021904079,0.13557709773728455,11.283415457443486,1.3001961148149614,9.028413410538132,12.813944795726595,3.785531385188463,0.21990298531369037,1.0811034338085346,175.63325413612802,0.3134526145618056,174.76410589224724,176.19531634026094,1.431210448013701,0.09362456884823861,0.22616233671743657,174.49004845329566,0.97758067483056,172.72840106754805,176.07030734959065,3.3419062820426007,0.44580571835060495,2.0299702374651076,179.01098305143822,0.4202456661413784,178.01575491776416,179.55612228108328,1.5403673633191204,0.12031348016347759,0.34996948754204027,176.9638200049718,1.6315665640354868,173.78273031960106,179.98323544786814,6.200505128267082,0.6974216221779214,4.02843882606939,1.0207289158841233,0.020032072347076813,1.0008417966623735,1.070658958365244,0.06981716170287044,0.003122025360792363,0.013952313921106185,0.33128184411218814,0.4081868684728831,-0.018671513771665538,1.0707266956031776,1.089398209374843,0.04526584918104683,0.16472334001546585,0.0,0.0,0.0,0.0,0.0,0.0,0.0,4.711977176468185
biceps_curl_23,biceps_curl,177.45699129902556,0.16171726859061647,177.17759208845615,177.7661371574693,0.5885450690131506,0.05049172131580117,0.15733415177149368,150.38174009893828,55.20493550430221,14.520272421457257,179.97471881725812,165.45444639580086,5.996765883869312,53.431976224186215,10.809170526381104,0.18304025307948604,10.517478462618795,11.086551838268846,0.569073375650051,0.04908694334958762,0.13557709773728455,9.647776297959185,1.0694729730147017,8.733423963491854,12.674325206921619,3.9409012434297654,0.16615007890757835,1.0811034338085346,175.1179325565568,0.4879292848750455,174.5406035914267,176.00613844898695,1.4655348575602432,0.09605508757277315,0.27807753691681114,174.95430713607675,0.8036640199471099,173.08331364648728,176.07030734959065,2.9869937031033658,0.3937149140975166,2.0299702374651076,178.5318339849155,0.4440757625938731,177.90830876050035,179.28641795615033,1.3781091956499836,0.141505668251288,0.37616960343379446,178.39263849046182,1.7813732947661773,173.78273031960106,179.98323544786814,6.200505128267082,0.5948660176881431,4.02843882606939,1.0554465621325735,0.02143387107663753,1.0077226330297109,1.0796586790864249,0.071936046056714,0.004060757955693411,0.013952313921106185,0.8472159829592433,0.31829281719967123,0.023432478064725704,1.084005226103173,1.0605727480384473,0.0468885694455241,0.16472334001546585,0.0,0.0,0.0,0.0,0.0,0.0,0.0,5.107480392131992
biceps_curl_23,biceps_curl,177.2918668274269,0.2768649067506241,176.92623925267097,177.7661371574693,0.8398979047983346,0.06591474998199746,0.26958833092800205,108.26711809042959,79.24250001193957,9.27506645106011,179.97471881725812,170.69965236619802,5.982382231678113,80.52454894821452,10.813838155873722,0.19223131083683245,10.477912320047617,11.086551838268846,0.6086395182212296,0.04302237433155286,0.16752625331716509,9.789168950848035,1.095191136476297,8.733423963491854,11.96827471814334,3.234850754651486,0.1572546837674823,0.6617658965338684,175.373979846656,0.6847843660647308,174.5406035914267,176.24191205910273,1.7013084676760286,0.0738088273492365,0.292340863304986,174.53649472333555,0.5948735854823667,172.9199985955783,175.51112756522994,2.591128969651635,0.2763472007246533,1.0449792296601004,178.85406628428052,0.6218392060533176,177.90830876050035,179.6970175393232,1.7887087788228655,0.09867036862450877,0.4853134648206776,178.02592774649938,1.4844051878092113,174.9843939976935,179.97267440300666,4.988280405313162,0.4426922763416442,1.8944124501053636,1.0493327317122345,0.02580193299757104,1.0096437173576773,1.0796586790864249,0.07001496172874755,0.002769743711045918,0.01168306220902493,0.6095629722266629,0.46740099457572143,-0.026441277703906252,1.084005226103173,1.1104465038070792,0.040704842577301455,0.14411373415763773,0.0,0.0,0.0,0.0,0.0,0.0,0.0,7.008909884581285
biceps_curl_23,biceps_curl,177.1129421781924,0.16255889394116946,176.92623925267097,177.70260848159515,0.7763692289241817,0.05799811125132433,0.26958833092800205,24.02850715079878,38.83805770584819,9.27506645106011,169.13131235321433,159.85624590215423,5.698300255132185,80.52454894821452,10.881514079923267,0.1222237872972343,10.477912320047617,10.987248249820022,0.5093359297724049,0.0281641085272423,0.16752625331716509,11.484108415790143,1.0921408150489524,9.385555685920266,12.56601384438205,3.180458158461784,0.1420194038020497,0.6617658965338684,176.0516243941016,0.14883041449895618,175.60762921323732,176.24250572888806,0.6348765156507454,0.04681557607869696,0.22003088100902346,174.43507973627146,0.41350032745984694,172.9199985955783,174.80388991980752,1.8838913242292108,0.1427402422510658,1.0449792296601004,179.57784274881712,0.3066977109655245,178.88035099926225,179.91848956136866,1.0381385621064112,0.06682363633017067,0.4853134648206776,177.39331330393662,0.811685657413621,174.9843939976935,178.27295003984068,3.288556042147178,0.22114048003094494,1.5339798533613873,1.0184401820857427,0.010771457795691433,1.0069329988729194,1.0409436826689094,0.03401068379598993,0.0016832808275805478,0.004706930159608769,0.08442466263805223,0.1973779578570319,-0.026441277703906252,0.736072510777839,0.7625137884817452,0.03035767997912483,0.14411373415763773,0.0,0.0,0.0,0.0,0.0,0.0,0.0,12.410962240873351
biceps_curl_23,biceps_curl,177.4845657106367,0.383667279790545,177.02336154183217,177.98552312437434,0.9621615825421657,0.05249793772664828,0.2291508721039861,69.91919572786516,74.39637893431446,9.497799197197017,178.35322360218632,168.8554244049893,5.833495516210928,52.98551631097816,10.796219458736584,0.1777548853472025,10.448594345809425,10.987248249820022,0.5386539040105962,0.03625837366322701,0.11011628587611355,10.98011898942996,1.4601959378242724,8.777534676158552,12.56601384438205,3.788479168223498,0.15988459132084085,0.6773390677016504,175.85154882852243,0.2734180507728281,175.35894184803576,176.24250572888806,0.8835638808523072,0.07629949365763941,0.4148422437069712,175.13236815952166,0.4495301098596926,174.5550893436808,175.8806021555904,1.32551281190959,0.07445150396331174,0.3371269642743471,179.1782888517543,0.6492008163398402,178.06751017110568,179.91848956136866,1.850979390262978,0.09672368030288779,0.27641608432463727,178.44265296193896,0.5448432054994423,177.68889072492166,179.82326275165778,2.1343720267361164,0.1353198388124242,0.6713576649109143,1.024115049244467,0.014688507460334592,1.0069329988729194,1.0526900194614373,0.04575702058851783,0.00285432830759993,0.00901758662729124,0.35280864425625597,0.4259398855647689,-0.02189130109146442,1.0600723744151113,1.0819636755065756,0.038610191845148335,0.16822102191256227,0.0,0.0,0.0,0.0,0.0,0.0,0.0,15.888776231118536
biceps_curl_23,biceps_curl,178.0003805775142,0.23613238523625968,177.5185766715319,178.4912323391297,0.9726556675978202,0.07666209479057588,0.21506373291288128,149.8240699634389,50.96651787836903,16.872299337942607,179.93398812574443,163.0616887878018,8.477593183814228,55.36307540876257,10.587974157684199,0.1297020904816774,10.401619153123857,10.855383725133263,0.45376457200940656,0.0519524727030964,0.1177630569428949,9.28346884655226,0.664335562792198,8.43505399230239,11.552931106964444,3.117877114662054,0.17718153665268171,0.8168750260581774,175.39843248323683,0.3779249461795206,174.74307384546867,176.1479873049387,1.4049134594700377,0.12314850046098905,0.4148422437069712,175.5301377967844,0.21391140302876915,174.74096979634163,175.8806021555904,1.1396323592487647,0.09169631222316697,0.3371269642743471,178.5457234914112,0.5203785698674077,177.751838831663,179.35560809279406,1.603769261131049,0.15559896420368813,0.6540605204615417,179.19013177216328,0.5111167950229264,178.1466248442693,179.82326275165778,1.676637907388482,0.16549116948550494,0.6713576649109143,1.0393382069476087,0.012110507159111026,1.013778084349735,1.0570980453402283,0.04331996099049329,0.00413716832252514,0.010986376248192542,0.8221289431826819,0.2827188222539304,0.08967489361128045,1.0708609057016076,0.9811860120903272,0.054345407246061454,0.16822102191256227,0.0,0.0,0.0,0.0,0.0,0.0,0.0,16.388909414094815
biceps_curl_25,biceps_curl,96.77344309825062,56.60075196629165,22.50819997640865,175.3644727088122,152.85627273240354,16.288019847679713,144.60594378404244,71.0514860240918,51.96636894866153,23.487942532807445,174.4967241792691,151.00878164646167,6.6126231578768735,26.323102212622516,8.005545925669633,1.598417601308864,5.393040682588522,11.115764564410565,5.722723881822043,0.49707913578172663,2.299732288954628,9.239124741593315,2.463957064213753,5.7323694287089895,12.974321733821693,7.2419523051127035,0.4738762436171329,1.8212499184709277,175.53897372224375,1.0444588546992863,173.57549143822317,177.47874547701903,3.9032540387958647,0.39031165566780146,2.3324261642988233,176.4567091611619,1.4261606251632122,174.28416083169935,179.05994841013595,4.775787578436592,0.3913202431999972,1.3097226093518657,172.86521881540082,1.8914070496011608,169.2337268584264,177.53242346804151,8.29869660961512,0.6915440696916018,4.457057995211272,171.5206968441151,1.408800261449944,167.3050396250171,173.81965424077342,6.514614615756329,0.5624402414709576,3.958533385476386,0.5275085715006269,0.3185147496777151,0.14991702373083204,1.0657368948597938,0.9158198711289618,0.0811686756466884,0.48532825034398175,0.39717911337176254,0.3750455834409017,0.0441038641239766,1.1373114273526905,1.093207563228714,0.048978054172016984,0.16719947119272394,0.0,0.0,0.0,0.0,0.0,0.0,0.0,11.726964182801154
biceps_curl_25,biceps_curl,55.28821112884437,44.70053619346421,21.78501646679436,172.74639204591097,150.9613755791166,10.453849794358499,144.60594378404244,36.56869869999856,12.645608118162208,23.487942532807445,60.226917231259904,36.73897469845246,3.5193131504626978,13.424246918592601,8.80518992794809,0.6806884029469396,7.864345065848523,10.307272670615435,2.4429276047669113,0.40193866258989613,1.5724345967780877,10.430544324364082,1.6806689545160756,7.729664910692546,12.974321733821693,5.244656823129147,0.38929919690883463,1.0683617965046341,175.0996412867843,0.6157168882040219,174.1847617671272,176.23065840189312,2.04589663476591,0.1864983971639868,0.8309914322493341,176.45186875901715,1.2538453583820561,174.4742765031734,179.05994841013595,4.585671906962546,0.32856826713765586,1.3097226093518657,172.11982365435583,0.9575766530095918,170.90423620338163,173.5399926293271,2.635756425945459,0.2698938198204981,1.2376618687949303,171.15043947535887,1.1201110990855248,169.91443880203823,173.81965424077342,3.9052154387351834,0.2957834223940842,1.6184683026558844,0.28583782464845314,0.17482316297576528,0.14624032768553352,0.7676424659780531,0.6214021382925196,0.05155356617820437,0.48532825034398175,0.15155681746886715,0.09467137186752075,0.0441038641239766,0.32984592651152433,0.28574206238754774,0.02654991195600193,0.09811638359668695,0.0,0.0,0.0,0.0,0.0,0.0,0.0,13.661331528495895
biceps_curl_25,biceps_curl,91.20059872512631,61.917505923072376,21.78501646679436,178.14747065608805,156.3624541892937,6.515222156062169,26.603913591176763,90.344722870382,61.58919346366453,24.919652718087754,178.88088357901853,153.96123086093078,6.329394146958155,23.705187835417902,7.674039110715963,1.3871084355489318,5.068252894956719,9.992713144732926,4.9244602497762076,0.38170623810568644,1.5724345967780877,8.723610312847045,1.8749334237247477,4.887692518092258,11.369548112388559,6.4818555942963005,0.35285387607893426,1.0683617965046341,174.75607198664153,0.594905115356306,173.39834727680378,175.61222595543356,2.213878678629783,0.31632982179758073,2.213878678629783,175.72545009479103,0.7548863885905696,174.519818187296,176.84981117313683,2.3299929858408177,0.32714285216551214,1.248016290009815,172.0911140668015,1.1021566617885674,170.53406131505704,174.26670237944862,3.732641064391572,0.49673417333541914,3.2939137194857153,171.08094119815644,1.0215191540445474,169.15691177069087,173.69898326907955,4.54207149838868,0.4233318358636515,1.7547384730533224,0.5370799398810637,0.376838979947659,0.14624032768553352,1.0739623709734412,0.9277220432879076,0.03895206798787927,0.1547434987267431,0.5199071994581996,0.42391131806655735,0.06880953566565784,1.1290816563670953,1.0602721207014376,0.045026570274305046,0.1418058756562155,0.0,0.0,0.0,0.0,0.0,0.0,0.0,8.68489955729261
biceps_curl_25,biceps_curl,139.1749183426766,42.93856782231538,37.803996487359015,178.14747065608805,140.34347416872902,8.487215379997092,43.70954959575923,134.93101193158287,45.652530050633125,37.72199041883489,178.88088357901853,141.15889316018365,8.774854873640354,25.933774844331012,6.507559264939645,1.2747943643033846,4.883866100530598,9.428961011024183,4.545094910493585,0.3132988744708874,1.372277918722375,7.077984610537143,1.6188849050970757,4.570111978716229,10.255049561931894,5.684937583215666,0.38041273350856264,1.0169833136500444,175.16159264270289,1.2702001703419667,173.39834727680378,178.19179678898263,4.793449512178853,0.5776293725420203,3.3937045901316196,175.26708951746352,0.603987222399857,174.3650996784909,176.87506928274945,2.5099696042585435,0.3853072949891102,1.248016290009815,173.07850496634126,1.948407299920819,170.53406131505704,177.06426624625863,6.530204931201581,0.8649698269271917,5.963561175085033,171.31479437471455,1.299286190106518,169.15691177069087,173.69898326907955,4.54207149838868,0.5667840113090686,1.7547384730533224,0.8268066496007314,0.2793629676229692,0.16832717274294684,1.0739623709734412,0.9056351982304943,0.05461063807001596,0.23501470216190556,0.8327774344028626,0.3221672774328063,0.1342863130179287,1.1290816563670953,0.9947953433491666,0.062405035484045905,0.16522903903438813,0.0,0.0,0.0,0.0,0.0,0.0,0.0,7.498163883128971
biceps_curl_25,biceps_curl,78.09127097918973,63.17338715856126,19.752215306436057,177.1893359615633,157.43712065512725,6.287979388665599,43.70954959575923,75.85507687303168,60.31142665195536,23.239317563457014,178.1622175149198,154.9228999514628,6.038333932455019,25.933774844331012,8.030104839936666,1.9453523064788756,4.883866100530598,10.881740874526615,5.997874773996017,0.28379603854322943,1.372277918722375,9.92104445596428,3.484302584610123,4.570111978716229,13.92158431466329,9.351472335947062,0.3985418088367116,1.5552774727823042,176.07592727333255,1.2402787420022672,173.82614202107095,178.46889997398108,4.642757952910131,0.4816276101626858,3.3937045901316196,176.14057789708855,1.009655966675509,174.3650996784909,177.4816950371061,3.1165953586152,0.27368737540500915,1.030182826899562,173.51767667374807,1.8799195486666311,170.15763699218272,177.06426624625863,6.906629254075909,0.7313214513114225,5.963561175085033,171.00711030408885,0.9610426451501491,169.52682951952104,173.33550207708282,3.8086725575617777,0.329776225814129,1.4313062910594283,0.4680978613730647,0.3826154938340617,0.12430612159013865,1.0704385590384267,0.946132437448288,0.040607709670874036,0.23501470216190556,0.4163531826292889,0.43537239681617484,0.03694553514890886,1.128248784031259,1.0913032488823502,0.043273276816899985,0.16522903903438813,0.0,0.0,0.0,0.0,0.0,0.0,0.0,7.161726757185374
biceps_curl_25,biceps_curl,73.03365433964402,53.40313598855239,19.752215306436057,163.40727680349553,143.65506149705948,5.47370260404156,13.81245358511461,71.17166225428839,50.87821847807086,23.239317563457014,165.3733817136925,142.1340641502355,5.254548610936589,14.766646941509777,8.746953224002512,1.4330575572442594,5.8924222569682545,10.881740874526615,4.989318617558361,0.3039946703267881,1.768362095035016,10.792820820045023,2.6139313441142886,6.775501242102799,13.92158431466329,7.146083072560491,0.36052815859766046,1.5552774727823042,175.78469834768202,1.0395418747355312,174.47494967866606,178.46889997398108,3.9939502953150168,0.3490213710311452,2.495432515339246,176.30682195868445,0.829197493057457,174.7681131352688,177.4816950371061,2.7135819018373013,0.18973861832042935,0.6254403532641106,172.937503170394,1.653025360086035,170.05911712340955,176.1107906770343,6.051673553624738,0.4753522647646603,3.710634687153373,170.66077908003672,1.2790738527519636,167.51724824634917,173.41291323609488,5.895664989745711,0.36230768459167045,1.1359169797866286,0.42709095959847754,0.3131139672742649,0.12430612159013865,0.9964580559921142,0.8721519344019756,0.036176038114326105,0.08119876404692528,0.3671231339558683,0.35450355519071686,0.03694553514890886,1.0428795571166345,1.0059340219677257,0.037754210807107585,0.08807559475175486,0.0,0.0,0.0,0.0,0.0,0.0,0.0,8.277106225733265
biceps_curl_25,biceps_curl,147.60112873478656,36.991394884651385,54.088287074332996,177.631613034605,123.54332596027201,4.299262272111138,13.81245358511461,146.15262476870393,41.10278799381892,49.9529066748226,179.8894663098379,129.9365596350153,4.532391852821073,14.766646941509777,6.673931823280052,1.6475383395134149,5.14927047847266,10.59695469485687,5.447684216384209,0.24450482473069476,1.768362095035016,7.342034062818539,1.5091628126000034,5.730261999679408,11.485188466953964,5.754926467274556,0.2203780236861409,1.0498190548935238,174.3583495806735,1.3070268063635433,172.33426718903902,177.30534490611205,4.97107771707303,0.3356087874406312,2.495432515339246,175.58827670451095,0.46108431428900803,174.7681131352688,176.27283033345535,1.5047171981865404,0.21779757900137728,0.6254403532641106,171.90781509791472,1.7860966842821056,169.21044970561442,174.66778830483318,5.457338599218758,0.5149359374994907,3.710634687153373,171.22870468712128,1.4196584730517559,167.51724824634917,173.41291323609488,5.895664989745711,0.4018036878841268,1.1359169797866286,0.8736802106357129,0.24486848550797757,0.2831356475680751,1.071039309285494,0.7879036617174189,0.02775424866863378,0.08119876404692528,0.8917660278741494,0.2899097397026494,0.22086235422562495,1.1410353152184451,0.9201729609928202,0.03302307243342883,0.08807559475175486,0.0,0.0,0.0,0.0,0.0,0.0,0.0,6.323546794019155
biceps_curl_27,biceps_curl,178.01452251474615,0.4346640268045552,176.98793498341857,178.64388168254197,1.6559466991234046,0.13853938970992066,0.4999921515234007,96.12254405066311,78.56932940793166,7.314478748990988,179.83605430284933,172.52157555385836,12.04065531428411,89.93250166185288,11.503572997178257,0.24361529112571573,11.132139744150134,11.926256646785854,0.7941169026357198,0.07268173163527601,0.33392165197183843,12.33973248168315,0.9944487618536961,10.889325432159852,13.93406255628362,3.044737124123767,0.2635320255581619,0.7775616474336822,174.0781499492493,0.18483319145331012,173.73173686012026,174.52072944743344,0.7889925873131745,0.07941985029611257,0.29281265012329527,175.530687839551,0.41229340882736776,174.9358740678338,176.34435932122415,1.408485253390353,0.11186795872677341,0.4348804219864064,178.75709136273997,0.7117594339366355,177.21974233994644,179.87430898718105,2.654566647234617,0.32991657672545904,1.2009463384721073,177.75477989050603,0.8741141845707904,176.31206083555423,179.92115891395417,3.6090980783999385,0.4726115234015342,2.7469345839265316,1.0300388343846465,0.025528327359374776,0.9995690978808618,1.1214642275285394,0.12189512964767757,0.00576521483719002,0.03612736021324725,0.5528091590307033,0.3714208205695792,0.10325413512809023,1.145060468458112,1.0418063333300218,0.07063343680052485,0.14886947752576418,0.0,0.0,0.0,0.0,0.0,0.0,0.0,12.593286488936654
biceps_curl_27,biceps_curl,177.8067347528649,0.2955336464377137,177.343435283892,178.2742149061563,0.9307796222642821,0.08468560059580454,0.3175483079007506,143.22727812251122,64.95836248196473,7.314478748990988,179.83605430284933,172.52157555385836,6.058201751166393,80.83770154571002,11.385757905205022,0.23141371201082764,11.132139744150134,11.926256646785854,0.7941169026357198,0.04184846498224588,0.147973164720117,11.426983210238085,1.271741113946695,10.229994992307223,13.93406255628362,3.7040675639763965,0.1406846860746937,0.7424572584055547,174.5979051800602,0.6486995941010338,173.73173686012026,175.4483897044484,1.716652844328138,0.0768491025382518,0.29281265012329527,175.3522852552126,0.49989802116247506,174.8887791185304,176.34435932122415,1.4555802026937386,0.09746903632670355,0.4348804219864064,179.02227982128676,0.3340125958647738,178.43105008421423,179.87430898718105,1.443258902966818,0.16056197158157742,0.6173756261155177,176.92360071425512,0.6229398705097461,175.77497282386562,178.0708738191029,2.2959009952372753,0.20209771185429695,0.5728952654878299,1.0371101413629007,0.013455967596551049,1.0069030051175387,1.04983508582312,0.0429320807055813,0.0017246652458246697,0.005751387091398108,0.8464141030805409,0.3459381073130222,0.10415183651574045,1.106587351237415,1.0024355147216744,0.03725668575507721,0.14850738262962526,0.0,0.0,0.0,0.0,0.0,0.0,0.0,11.77966806099389
biceps_curl_27,biceps_curl,178.09107719681415,0.48483248164014314,177.40162559293066,178.82866640846174,1.427040815531086,0.07967709003357946,0.23537359670550018,177.79431240249622,2.8904147690691024,162.8368879479283,179.70739967529977,16.87051172737148,0.7822738565645785,12.744786606952488,11.042134374147503,0.26398739761371476,10.53585851747575,11.346570111693945,0.8107115942181942,0.056626742073450094,0.17737005218881308,10.662614593137896,0.5712070586657892,10.222921890865903,12.367071809132849,2.1441499182669457,0.14986414526327105,0.8886142348158828,175.09664207524426,0.3495573203446719,174.3284591106294,175.47557127431946,1.1471121636900534,0.06962253788090077,0.1893489106491586,175.39519192129072,0.5822640782588234,174.8887791185304,176.6151408282451,1.7263617097146948,0.08197875137576485,0.4700862939279489,178.99200031928316,0.2529906040541987,178.5783552653205,179.56995027774232,0.9915950124218114,0.10497737770694862,0.25829501413900857,176.67131270464287,0.6098653671096278,175.62630694149826,178.21089390836022,2.5845869668619628,0.21787134368417646,0.7276573903603207,1.0439427280880589,0.0066921005878289325,1.0292115685514742,1.0502829909749423,0.021071422423468045,0.0012787159186268692,0.007597001741911358,1.0293848669380055,0.12375586302043845,0.5889661021536966,1.106587351237415,0.5176212490837183,0.020665927999371024,0.13689031246551775,0.0,0.0,0.0,0.0,0.0,0.0,0.0,2.2519587099936644
biceps_curl_27,biceps_curl,178.0086328981514,0.621566454841244,177.06289759565976,178.82866640846174,1.76576881280198,0.11915964451592756,0.5377650020541012,97.99637399944663,81.10645998046384,7.572963688324312,179.70739967529977,172.13443598697546,7.047396841703878,98.27004510880595,11.26224621471798,0.4824522474220827,10.53585851747575,11.945024123390532,1.4091656059147812,0.08164889877017417,0.22299541201743622,12.058082732286671,1.375983838093199,10.222921890865903,13.809914644758047,3.586992753892144,0.27622974543008566,1.1856193408750002,174.72869800461277,0.399817891530778,173.99313578549635,175.47557127431946,1.4824354888231142,0.08095914670190237,0.27890346519893683,175.8883092978167,0.4773467336549894,174.92016856925565,176.6151408282451,1.694972258989452,0.10487835873061319,0.4700862939279489,179.15814433950152,0.3881603967961432,178.24044152280263,179.99565323243203,1.7552117096294069,0.1711801855981164,0.7297528741263477,177.23031753797412,0.7094517736753063,175.62630694149826,178.27793452944292,2.6516275879446596,0.22751851004603268,0.7276573903603207,1.035884446487368,0.00857038853488962,1.0147799512520015,1.0502829909749423,0.03550303972294078,0.002311107141505964,0.01069407675706846,0.5898302818576843,0.4157793580697971,0.09230396720414336,1.0911967092594526,0.9988927420553092,0.047345442780873576,0.17322500710208832,0.0,0.0,0.0,0.0,0.0,0.0,0.0,12.87248782292818
biceps_curl_27,biceps_curl,177.97982531549596,0.5728152144345877,177.06289759565976,178.67690435192463,1.614006756264871,0.12114152814917169,0.5377650020541012,96.09492520675612,79.86331397622553,7.572963688324312,179.29700158741863,171.72403789909433,9.79515852295645,98.27004510880595,11.359054903531955,0.380449292252819,10.86917280804421,11.945024123390532,1.0758513153463216,0.07204146143625861,0.22299541201743622,12.33344471050503,1.090294296462875,10.7198374939242,13.809914644758047,3.0900771508338476,0.2287864722071351,1.1856193408750002,174.25887949700265,0.28209326799951384,173.8024882565413,174.63896462388675,0.8364763673454547,0.0671286884144667,0.27890346519893683,176.0358278800689,0.47282580007915087,175.28111543506571,176.86980618373968,1.5886907486739688,0.1180279992727235,0.4932080386115274,179.0712116618462,0.5155160425352792,178.00253892153117,179.99565323243203,1.9931143109008644,0.2426923519868947,1.2063565795871796,177.3948942849025,0.5350972607409961,176.44082936722063,178.27793452944292,1.8371051622222865,0.18450680299397076,0.6577226870324466,1.0232545029301483,0.01110609366829604,1.002646723891186,1.039925576666463,0.03727885277527698,0.002731717929035555,0.01069407675706846,0.5812948572441784,0.4086650531223415,0.09230396720414336,1.0873527008360313,0.995048733631888,0.050403784989585095,0.17322500710208832,0.0,0.0,0.0,0.0,0.0,0.0,0.0,16.6849522333822
biceps_curl_27,biceps_curl,178.35901754650848,0.19285690913838408,178.07092328810077,178.67690435192463,0.6059810638238616,0.0601383337811575,0.25767823410234314,175.18545348920023,10.401939512413243,119.8631941877316,179.29700158741863,59.43380739968704,2.284653452476311,49.19544414431458,11.016074872303522,0.15839564780184193,10.720517394885315,11.353323848094414,0.6328064532090991,0.04764914345786519,0.18554920128823582,11.113818049840289,0.5195516308960022,10.360187330082324,12.042596777000314,1.6824094469179904,0.11230163448887205,0.28995920453436064,174.2890670506376,0.3069617330624338,173.8024882565413,174.79051632594002,0.9880280693987231,0.06823880701526558,0.22178001358767574,175.80960197394043,0.5260139444390609,175.28111543506571,176.86980618373968,1.5886907486739688,0.12752597791899234,0.4932080386115274,178.86898337992366,0.3784705451338347,178.00253892153117,179.78056799420713,1.778029072675963,0.20228949211779884,1.2063565795871796,176.52295385665457,0.7972127915360783,175.15051904595785,178.09722600427074,2.9467069583128875,0.18598767672927582,0.6440058437691789,1.0258439931234198,0.013291782235680102,1.002646723891186,1.0469823979587551,0.04433567406756911,0.0025497620299118275,0.008227353996471454,1.004069429797194,0.12559421268312873,0.5359960073450287,1.0873527008360313,0.5513566934910026,0.02514505352713182,0.1532362526934694,0.0,0.0,0.0,0.0,0.0,0.0,0.0,4.288634657129425
biceps_curl_27,biceps_curl,177.97676231551895,0.45858792654088676,177.1303631348477,178.50201936900797,1.3716562341602696,0.06832553363983215,0.20877515315507367,115.44482117946636,78.65077000510726,8.073060217623203,179.97181681942905,171.89875660180584,6.065036091807766,114.23852320479858,11.294339085654746,0.4833594670130277,10.720517394885315,12.122535295301217,1.4020179004159026,0.06538311265948268,0.25035200153491033,11.55526771019757,1.0170869792839745,10.360187330082324,13.31253397468239,2.952346644600066,0.18571792645693544,0.7292666218185904,174.54009968956964,0.2806143029057893,174.1160899800099,175.1300424204872,1.0139524404773113,0.08675233030694157,0.41085522768466376,175.79309658581954,0.2707027232932413,175.31191799326328,176.1518673209407,0.8399493276774308,0.07615697226314774,0.23026028386516373,179.17438825939882,0.4382731478859118,178.32888213671802,179.96322229299238,1.6343401562743622,0.15359261851909878,0.38874542534739476,176.8099661678722,1.0107563549676606,175.15051904595785,178.2884083464738,3.137889300515951,0.19304359717639058,0.9254232262892401,1.0306309986938056,0.008182737120855002,1.0184321560030833,1.0469823979587551,0.028550241955671796,0.0021903752016747165,0.008227353996471454,0.6758939768850724,0.4122563818064248,0.08456979648529561,1.06262450227475,0.9780547057894544,0.03444890683943615,0.16836434231595954,0.0,0.0,0.0,0.0,0.0,0.0,0.0,12.529719987128585
biceps_curl_28,biceps_curl,63.69994257334246,73.85326270448876,0.21618607672938442,176.6594948872101,176.44330881048072,37.823747499457525,173.33437060261727,143.3651695153011,60.629561759086876,7.777603569734582,179.61625910034948,171.8386555306149,6.304539828897349,66.05561373507402,13.85707146283621,1.3221293167808703,11.690741877218471,16.878064610030147,5.187322732811676,0.42180931049127857,1.5116951685742013,13.734172851562143,1.2562194771906776,11.945336748434269,17.151125942003386,5.205789193569117,0.40212447469612816,0.963358031500567,175.20606273893762,0.7615692868589611,173.70969529116346,176.21022061845056,2.5005253272871073,0.2761061926801774,1.4368727087985178,175.0221836003653,0.8812529861818289,172.65737150628723,176.57708233362953,3.9197108273423,0.20120592627817904,0.6905858880413405,179.31245444183483,0.6210054746693953,177.76720531620302,179.9698236113174,2.2026182951143767,0.2131690456248413,0.9189736945219806,179.27674053761606,0.43597780445662987,178.31767223738987,179.90548103525362,1.5878087978637438,0.25355238869927876,1.0632383951903535,0.5138214121780552,0.10440526714635862,0.36111766622420893,0.7215690802759354,0.3604514140517264,0.06371979615387878,0.32756185737662535,0.762242891159535,0.20392925898637815,0.3413510033196734,0.9541668930421255,0.6128158897224522,0.0333816378983632,0.13924179956077676,-1.5856456772600502e-17,6.178151576418993e-17,-1.5872719805187785e-16,1.527098759945833e-16,3.1143707404646115e-16,5.3869893459805635e-17,1.5872719805187785e-16,47.617185805779876
biceps_curl_28,biceps_curl,69.85476465651723,70.36146257671689,0.5153739151868326,169.64816026868374,169.1327863534969,26.928495942060135,168.38032009542286,93.03068940419763,72.5959065638827,5.571921704111622,175.5438948169604,169.9719731128488,11.790039885927165,66.05561373507402,13.758799279857108,1.1152690212178296,11.690741877218471,15.602450423284806,3.9117085460663343,0.48719580312116356,2.3107055960189893,13.544502256958193,0.9678884913739068,11.717821063298885,14.858523586891573,3.1407025235926884,0.46120299430593675,1.627046653055439,175.76469137489104,0.44977935723971774,174.8611844331961,176.58742345579267,1.7262390225965873,0.2321362713117692,0.6734680490641267,175.436291589989,0.9492424698535831,173.62684167433795,176.77555009978394,3.1487084254459887,0.21708339009115243,0.6979019567249338,179.67493016413695,0.19075027956810262,179.2826374675134,179.92922575286093,0.6465882853475193,0.13734590525116092,0.4450926984964667,179.52927158003624,0.37934615270972594,178.63195050774985,179.9571724630189,1.3252219552690576,0.1929119612130725,0.7125828559092042,0.509948777832073,0.1172846024927181,0.36111766622420893,0.698055886015385,0.3369382197911761,0.05350387613998628,0.32756185737662535,0.5787093096486814,0.19663632920486307,0.3365124000744888,0.8676585576629696,0.5311461575884808,0.04305125891570321,0.13924179956077676,-1.0592655225183379e-17,5.5030333995580405e-17,-1.5872719805187785e-16,1.478851763270228e-16,3.0661237437890065e-16,3.7214304913519693e-17,1.5872719805187785e-16,50.889131767471255
biceps_curl_28,biceps_curl,59.50880821485738,75.71389207538901,0.5135666604982724,178.50847235983682,177.99490569933855,13.569388183867696,171.3411474319858,127.1350454544848,70.916036792534,5.571921704111622,178.20965705156226,172.63773534745064,6.239328298181612,46.909134175163516,14.023581495778242,0.924543039756036,12.103473361668195,15.602450423284806,3.4989770616166105,0.2999399658153995,2.3107055960189893,13.272487661939989,1.2055782956782763,11.4960263120158,14.858523586891573,3.362497274875773,0.359988850238371,1.627046653055439,175.88600573148824,0.3373037643513698,175.37194533414763,176.58742345579267,1.2154781216450488,0.14423797583206632,0.6734680490641267,174.8311268556044,0.9864704785923983,173.62684167433795,176.77555009978394,3.1487084254459887,0.15476460556647684,0.6979019567249338,179.64539685604802,0.2553451769461813,179.04540605039645,179.99556127129216,0.9501552208957094,0.14663552974681496,0.5413243031505601,179.69510335435425,0.2558069386270667,179.18283055800597,179.97448647018282,0.79165591217685,0.11495048662800596,0.38518947900067246,0.4850806211529031,0.11943156353819115,0.3468377825302068,0.698055886015385,0.35121810348517823,0.033409221567257646,0.0922180701679125,0.7125179632265621,0.21711671779031277,0.3365124000744888,0.9102964913323908,0.573784091257902,0.027181336836876006,0.11381102795451603,-8.312216655722201e-20,8.547568138542374e-17,-1.4864411784776266e-16,1.48318857196017e-16,2.9696297504377966e-16,7.661944594109631e-17,2.96637714392034e-16,36.51277492871552
biceps_curl_28,biceps_curl,56.92631796340073,74.68052070410118,0.039673384004987,178.50847235983682,178.46879897583182,18.511609392039926,171.3411474319858,135.81749854143058,64.21010204018792,6.546532627480505,178.20965705156226,171.66312442408176,6.151133638996665,49.7910236166244,13.737478950372717,1.0046845777364843,11.529840733582564,15.594946906468412,4.065106172885848,0.33527279868163773,1.3476070372022608,13.000878102428578,0.9998908891574967,11.4960263120158,14.782023741807002,3.285997429791202,0.347541140507796,0.9620646535987003,175.99327001148913,0.3155093497308528,175.37194533414763,176.6325980816965,1.2606527475488747,0.12389556187742434,0.5520983809025779,174.90410200508597,0.69248456655852,173.71796364916463,176.5586668060007,2.8407031568360708,0.17561273018953544,1.2020957201419833,179.48142745892068,0.4270409365935576,178.65271121778096,179.99556127129216,1.3428500535111993,0.17686337927056747,0.6753337970475002,179.57494016852513,0.40750436004013507,178.44162367632094,179.99306210228036,1.551438425959418,0.22537909500092101,0.8350338733522165,0.48954501323780136,0.1161122162301114,0.3468377825302068,0.7674709577741492,0.4206331752439424,0.03972358646271167,0.35199135531273273,0.7343540511418716,0.20602486674508289,0.34640212090749223,0.9102964913323908,0.5638943704248985,0.027014668427912412,0.17835452925963324,-4.041363597939718e-18,1.062306583336477e-16,-1.5482407023093003e-16,1.6002824065886045e-16,3.148523108897905e-16,1.1413471042318525e-16,3.1116602350333977e-16,36.11760497601236
biceps_curl_28,biceps_curl,45.625829092770466,66.80015965127983,0.039673384004987,171.61252790844367,171.57285452443867,29.142283439657724,171.10583674115134,110.20692587284039,71.79714227998686,6.546532627480505,179.61348313083914,173.06695050335864,12.043914895121375,87.43410346516366,13.812825029818809,0.9675294159850808,11.529840733582564,15.513390837866554,3.9835501042839905,0.38926364533778773,1.3476070372022608,13.047410112437833,0.7046468924844159,11.836634008286957,14.31364065803809,2.4770066497511323,0.35870857226794445,1.4861307078839907,176.33929944746768,0.4483504341765809,175.65344754166205,177.19286681752524,1.539419275863196,0.1934766269470811,0.7429028985190484,175.09795492737206,0.605463930356604,174.16017341314912,176.5586668060007,2.3984933928515773,0.26213117128091706,1.2723989224914192,179.4657246667826,0.4601523654769294,178.65271121778096,179.9952442921042,1.342533074323228,0.17320529260007334,0.6753337970475002,179.58504080898143,0.37600455066587485,178.44162367632094,179.99482367289684,1.5531999965758985,0.2404919110328655,0.8350338733522165,0.4872823637857446,0.10051526110178906,0.3632050513513626,0.7674709577741492,0.4042659064227866,0.04633242142164465,0.35199135531273273,0.6310893424775176,0.19678629681258375,0.34640212090749223,0.8843827049887181,0.5379805840812258,0.04411425391394901,0.17835452925963324,-1.3347432245106964e-17,9.092739848648203e-17,-1.5482407023093003e-16,1.6002824065886045e-16,3.148523108897905e-16,9.918767495560922e-17,3.1116602350333977e-16,48.23873147240105
biceps_curl_28,biceps_curl,54.00490780361218,63.154990675127884,0.4315809059901574,171.61252790844367,171.1809470024535,35.931421438776766,162.44101841976033,112.10313536359205,66.0112674800064,7.344348239504193,179.61348313083914,172.26913489133494,16.121558346605983,87.43410346516366,14.0219278132317,0.6057960233189913,12.72112690775623,15.513390837866554,2.792263930110325,0.3123013827410733,1.3461486896239023,12.521506774942056,1.1541508434972758,10.437095270675245,14.661597468979116,4.22450219830387,0.44874936482234906,1.8558481647758605,176.07724747742844,0.7251877373510968,174.50531797810007,177.19286681752524,2.687548839425176,0.2706484011248861,0.9170092289824936,174.83940777063808,0.39427032047343175,174.14171119116938,175.60012442508454,1.4584132339151665,0.26138317969027947,1.2723989224914192,179.56873423284665,0.32283135237353994,178.86398287392035,179.9952442921042,1.1312614181838399,0.18352053767350088,0.5944561480355617,179.50899384375333,0.3284649518304429,178.73426066714566,179.99482367289684,1.2605630057511803,0.16973455010456412,0.6970173340238546,0.4949666949779191,0.07837929211797426,0.3632050513513626,0.6802978864472391,0.3170928350958765,0.04022745588301679,0.23832410240016766,0.6238818690907687,0.16016261803813922,0.3838623016639894,0.8830474263364017,0.4991851246724123,0.04675422831241372,0.13439485926764205,-9.654820345983417e-18,6.722259865401048e-17,-1.6051613163647893e-16,1.586187778346293e-16,3.1913490947110823e-16,6.279026029963465e-17,1.6051613163647893e-16,59.657546427159666
biceps_curl_28,biceps_curl,42.53819607183211,57.51661985921477,0.09018847815434985,165.56279908110275,165.4726106029484,21.451427366873922,112.75027722653721,137.65081607186167,56.77852094816499,29.016362377156955,178.58281651384542,149.56645413668846,10.449499877146968,82.49572933371408,13.742694853966585,0.36383085997175185,13.139395771122558,14.547608512949324,1.408212741826766,0.20849011163523104,1.3461486896239023,12.67018631441225,1.2704075109732218,10.437095270675245,14.661597468979116,4.22450219830387,0.37509614896259375,1.8558481647758605,176.06696114257426,0.6377125235466918,174.50531797810007,176.7348275975693,2.2295096194692405,0.2029386432636039,0.9170092289824936,174.67742071447867,0.37407010303584,173.862833408734,175.5235183703831,1.6606849616491104,0.18193594863861,0.8731897671843285,179.63701794230394,0.22725855838358647,179.06543130079638,179.99393761346454,0.9285063126681621,0.16469850547419723,0.5944561480355617,179.56848868448427,0.3548684383630101,178.73426066714566,179.98675900285468,1.2524983357090207,0.13744094610618163,0.6970173340238546,0.4709417156809679,0.08790667205241252,0.3435277527998043,0.6802978864472391,0.3367701336474348,0.025821233401614883,0.09293929892475106,0.7128966384166752,0.16430438187287738,0.4314877717499046,0.8961793395954363,0.4646915678455317,0.040670053137084716,0.17554869586866517,4.494018004952416e-18,6.131640557038515e-17,-1.6051613163647893e-16,1.5178830414797062e-16,3.1230443578444955e-16,5.1895897780245815e-17,1.6051613163647893e-16,47.28362369413748
shoulder_press_01,shoulder_press,127.00924984425652,21.835337020734983,79.61567612498865,151.5534962904768,71.93782016548815,4.616057893277252,11.480954174312956,128.6673381295204,34.64607056534263,65.66213725841777,169.39798726385973,103.73585000544196,7.500607205601862,20.601885400275762,133.79208683053824,33.90124658786383,72.52291951283893,175.97179296200989,103.44887344917096,6.661246775938113,13.670489996211273,146.85053069433255,26.1070075850108,99.04503255489449,179.80716477082316,80.76213221592867,5.401101183905359,13.988835894306959,177.60323809486408,1.7546657591104056,173.97426592971203,179.9806076622756,6.0063417325635555,0.7330337749553402,3.2487179161602455,163.2126994948231,2.2929107287956403,159.61562455179123,166.48698369725986,6.871359145468631,0.5460682460581288,2.4255277669258817,169.4082576144345,8.57176817325927,149.0530374261869,179.74977474744537,30.696737321258468,3.3143333691252264,13.77465379294921,163.5816585083476,3.8444505800599784,154.358899556615,170.1644441097547,15.805544553139697,1.410574918477376,5.361615081695675,-0.6483635538770602,0.20714789031721123,-0.867490141424373,-0.2511260497215754,0.6163640917027976,0.041419379932675915,0.10219601046126403,-0.7967885369454688,0.16788987888705864,-0.9666207234332969,-0.3929425214278399,0.5736782020054569,0.04214891671914826,0.10372157878777366,0.0,0.0,0.0,0.0,0.0,0.0,0.0,4.0271438281883745
shoulder_press_01,shoulder_press,107.40286398331878,29.041299494946472,74.03964760392532,151.5534962904768,77.51384868655148,3.763032230183264,11.480954174312956,101.03512197104526,41.5976772336964,60.82988884909096,169.39798726385973,108.56809841476877,5.049168962161377,20.601885400275762,107.75451466204557,44.20719350182062,59.60865853509599,175.97179296200989,116.36313442691389,5.25894030283206,13.670489996211273,126.38304288227346,33.413428195519494,91.65539031561886,179.80716477082316,88.1517744552043,4.034925194185587,13.988835894306959,173.08751339343624,6.385763720442429,163.10334827274025,179.9806076622756,16.87725938953534,1.2026941221606393,5.510341365602983,163.10159776043275,1.9568584209096214,159.59605863376214,166.48698369725986,6.890925063497718,0.49629293510830347,1.8084246913293214,164.27024372294343,13.134601020157382,139.64290173531973,179.74977474744537,40.10687301212565,3.72528274322718,13.700961152736738,165.90451458143207,2.6907956849612478,159.19398239054797,170.1644441097547,10.970461719206725,0.9721019733271644,5.361615081695675,-0.45184095677106495,0.2904664883092758,-0.8600864379652902,-0.115392117371096,0.7446943205941942,0.03575083894858397,0.10219601046126403,-0.580253412663274,0.24598751481921885,-0.9428968143488591,-0.28435051204014805,0.658546302308711,0.033751703654481574,0.09476967396848068,0.0,0.0,0.0,0.0,0.0,0.0,0.0,2.830677660648201
shoulder_press_01,shoulder_press,111.75246102150696,34.74501612136178,74.03964760392532,168.42753682525108,94.38788922132576,4.363037170526374,11.26450655760486,107.04245173919247,43.027462240556886,60.82988884909096,167.74436957082037,106.9144807217294,4.22387506551523,12.538235867595674,106.6778762801923,41.47557789514236,59.60865853509599,172.54541107073797,112.93675253564197,4.917161155419314,10.006588136003387,128.23127282852792,32.93556290737819,91.65539031561886,178.832040613525,87.17665029790615,3.6644786295740484,7.867933356368098,170.66189936614714,4.629995889858169,163.10334827274025,178.230670350533,15.12732207779274,1.4689545473973993,5.510341365602983,162.94323658131765,2.0646491558161286,159.28408926050378,166.22509246812268,6.941003207618905,0.5145514861259047,2.1296170635192198,157.36950580370973,11.164225239263319,139.64290173531973,175.81460556707745,36.171703831757725,4.218989629231219,15.182150074339802,165.14352888710988,4.447502037504938,158.49970160172185,173.9812228464704,15.481521244748535,1.021006314924356,6.290783898761504,-0.4581258236268165,0.2807133655782849,-0.8539435630873261,-0.115392117371096,0.7385514457162301,0.03400039562514457,0.09787529819739804,-0.612377852701981,0.2643561592941015,-0.9341054052753687,-0.28435051204014805,0.6497548932352206,0.03022943158436805,0.10553055209653506,0.0,0.0,0.0,0.0,0.0,0.0,0.0,2.376762970936671
shoulder_press_01,shoulder_press,130.60284812798875,32.798681883163,73.30153780063222,168.42753682525108,95.12599902461886,6.118918941315473,17.625175848170045,129.7399030532325,35.42883725144025,66.32340817394639,167.74436957082037,101.42096139687398,6.354845298492329,17.268404158172217,132.04663342447807,35.48289376811901,64.8551118117673,172.54541107073797,107.69029925897067,6.39539151588868,15.876159856488385,148.82675021395693,25.669491318614842,96.57518512525026,178.832040613525,82.25685548827475,5.025432220374506,10.230090042358796,174.66921945244232,3.552433371045334,165.88596324045545,179.5626759107856,13.676712670330147,1.1922242244726091,5.623089119905387,165.25591103094254,2.044137084789228,159.28408926050378,168.16302762563174,8.878938365127965,0.614982264067676,2.1296170635192198,159.7441029461553,7.936271018569878,140.13551470561873,174.6705061803129,34.53499147469418,4.282131135363748,22.72805911443976,166.65469462008102,4.938375022672397,158.49970160172185,173.9812228464704,15.481521244748535,1.2168917607620597,6.290783898761504,-0.6342106092852832,0.2233060573038557,-0.8642695272082289,-0.1590759970726423,0.7051935301355866,0.03957409191546448,0.10578852321596044,-0.7881240972427787,0.17391442590655837,-0.9341054052753687,-0.33945461073011185,0.5946507945452568,0.03393169625966814,0.09110553277444444,0.0,0.0,0.0,0.0,0.0,0.0,0.0,3.2704404307671506
shoulder_press_01,shoulder_press,98.20969094095622,33.43413749497189,73.30153780063222,166.53048725265992,93.2289494520277,4.251893804676024,17.625175848170045,87.59209510668005,36.83840667863262,58.30700430829194,164.83509720767734,106.5280928993854,4.493039073095921,17.268404158172217,90.97005722631123,41.09223717599638,56.973776709430155,171.3525314598811,114.37875475045095,4.82595388720996,15.876159856488385,115.48723653865996,31.668186732076638,86.75166700518247,178.73336073448064,91.98169372929817,4.037900981110222,10.230090042358796,170.86830014945957,5.714922390105363,163.662866004409,179.5626759107856,15.89980990637659,1.092569421217309,5.623089119905387,165.83892334261813,2.594605470243979,158.28508777711707,168.2484272360443,9.963339458927237,0.6570466367342529,2.62379756962315,153.6935705153552,9.244325397820424,138.60722859593716,174.6705061803129,36.063277584375754,3.776040018805939,22.72805911443976,167.2032163946272,2.499683242523455,163.7179589642327,173.46293574178145,9.744976777548743,0.7801237109027842,2.9081013421853186,-0.34786777460356383,0.27686098566589895,-0.8642695272082289,-0.09895738133999732,0.7653121458682316,0.03428310770415543,0.10578852321596044,-0.4973969427872696,0.2609990692552002,-0.9244688783690834,-0.24386588635501305,0.6806029920140704,0.032314863606485104,0.09110553277444444,0.0,0.0,0.0,0.0,0.0,0.0,0.0,2.7924837750519895
shoulder_press_01,shoulder_press,104.94460396732059,29.57008138240784,73.46193083734762,151.60044267937224,78.13851184202461,3.042717082495608,12.498003572792129,100.86104976643097,43.467252372692364,58.30700430829194,166.2516874634761,107.94468315518415,4.509634464959368,14.755261568366024,101.82620576614916,44.1990358368056,56.973776709430155,171.91920414097123,114.94542743154108,4.182932134821028,12.252340660983293,123.95483398029904,35.70197770143206,86.75166700518247,177.9578186144407,91.20615160925823,3.512897660065636,8.607109364501923,171.17828768426796,5.319687178439899,163.662866004409,179.3823539734812,15.71948796907219,0.8913427346556503,2.438575193853012,165.30287599079577,3.2881764405741496,158.28508777711707,168.49536887169896,10.210281094581887,0.7559377297199936,2.7492488912875217,147.64312301833954,4.074815565197227,138.60722859593716,158.88632678904256,20.279098193105398,2.7645017267683833,12.254828990735916,166.82247821892074,3.70094773297049,162.6332335573963,174.69468305309599,12.06144949569969,0.7902134325961234,2.5167407233629717,-0.4409813065667638,0.31467704724332773,-0.8718116937120528,-0.09895738133999732,0.7728543123720555,0.027895048938094125,0.0957863548277933,-0.5722546731066368,0.30442048634764257,-0.9684775080032777,-0.24386588635501305,0.7246116216482646,0.029728346462853508,0.09403776378004958,0.0,0.0,0.0,0.0,0.0,0.0,0.0,2.9312176413132853
shoulder_press_01,shoulder_press,127.94414245050906,21.35698680400778,73.9962896880961,151.60044267937224,77.60415299127614,4.812071744819264,14.865894057756563,134.23409847440138,28.78623759562638,76.31055098366822,166.2516874634761,89.94113647980787,6.378599563389763,14.755261568366024,137.69595408517006,29.077942543842077,79.76265954001892,171.91920414097123,92.15654460095232,5.874800333843063,11.265279737784539,152.85156712645068,21.41775452204361,111.36939088844277,179.71099395586347,68.3416030674207,4.899622950199824,8.4078757270847,176.95336890413404,1.8642200913707527,171.9108617371446,179.9146254896599,8.003763752515312,0.833447492490046,2.132747377363529,166.68800978700645,2.7493433166289862,158.32276512036535,169.36147756716002,11.038712446794676,0.6617117598932921,2.7492488912875217,151.93617808031837,6.050570360237038,143.58029417242108,174.87587722070214,31.29558304828106,2.7126245965088858,14.970492156351668,168.291167546067,3.911290479785939,162.6332335573963,174.69468305309599,12.06144949569969,1.1092738059576748,2.5167407233629717,-0.6970887362089979,0.18342964707682247,-0.8745075985244714,-0.32810762226762735,0.546399976256844,0.03605886998131168,0.11512696254792032,-0.8359907544224332,0.1269334970784317,-0.9684775080032777,-0.5330646195569282,0.4354128884463495,0.03167083900934177,0.09403776378004958,0.0,0.0,0.0,0.0,0.0,0.0,0.0,4.131061955331005
shoulder_press_01,shoulder_press,95.87955629043043,33.214518849411164,61.341660849648264,151.07195276718332,89.73029191753506,3.9788725006345715,14.865894057756563,96.59230623174379,38.351925306924535,62.53645073345007,161.9677698070498,99.43131907359972,3.651755181303841,11.179888832888324,100.35542624597888,40.08696866956672,63.16415791720005,169.8968087612432,106.73265084404315,3.9920769222162034,11.265279737784539,122.52588632795575,31.17771973228801,92.4077747528963,179.71099395586347,87.30321920296717,3.5680619294605664,8.4078757270847,174.23415881212804,3.829569555515072,168.4581090720176,179.9146254896599,11.456516417642291,0.8096174196307264,2.9104016207510597,166.8734380538988,1.621363934102009,164.10006364809635,169.36147756716002,5.261413919063671,0.5165766409897921,1.4929579231739467,160.286413144553,7.471372014721341,147.5475214169323,174.87587722070214,27.328355803769824,2.3880790935742353,14.970492156351668,168.47523518211693,2.8445506340125104,164.1400619140589,175.59905399310384,11.458992079044947,0.9813612407666891,5.4225480919232325,-0.4266772616225482,0.2754177946613715,-0.8745075985244714,-0.16474137643110964,0.7097662220933617,0.02724187991182717,0.11512696254792032,-0.5842305355173473,0.24568859769265575,-0.9144208222393548,-0.3161441565119384,0.5982766657274164,0.02544686346722569,0.08512611098483991,0.0,0.0,0.0,0.0,0.0,0.0,0.0,3.2350828995364997
shoulder_press_01,shoulder_press,103.32796706973701,39.29497943793802,61.341660849648264,168.02028821096658,106.67862736131832,4.468344879499437,13.967017800944006,101.42386257057424,43.99076795869821,62.53645073345007,174.04558139617657,111.5091306627265,4.479904089901426,14.409565412087701,104.73718276880514,43.49231204037504,63.16415791720005,179.71611044829166,116.55195253109162,4.461998464057187,14.032948937731717,122.74155836842307,30.732171609685192,92.4077747528963,178.4374481769569,86.0296734240606,3.561812640908266,8.47487947295106,172.73316970744955,2.793082892800594,168.4581090720176,178.1214364996231,9.66332742760548,0.7566287795246379,2.3669579799042992,165.99734816365876,2.1847471395685334,161.27860170024468,169.22164473819115,7.943043037946467,0.5930219448786912,1.8998690524251742,160.92214117894093,7.260665217615995,145.63022178963723,172.8463088724344,27.216087082797173,2.728868959435889,8.408218285125457,169.47786803176595,2.444673975620609,165.57504628101282,175.59905399310384,10.02400771209102,0.9249586780233027,5.4225480919232325,-0.44531139484528387,0.28239039006533845,-0.9155269317760399,-0.16474137643110964,0.7507855553449303,0.030060940783047226,0.0950248822072659,-0.6021852662849922,0.2637755325359948,-0.9487218563100183,-0.3161441565119384,0.6325776997980799,0.028360777626398236,0.11461688427012207,0.0,0.0,0.0,0.0,0.0,0.0,0.0,3.3920522578314
shoulder_press_01,shoulder_press,131.34317698793993,26.765754641008996,82.89800196595142,168.02028821096658,85.12228624501516,6.028789420782392,13.967017800944006,131.7274505672685,35.24714618981377,74.90884197349405,174.74394634920333,99.83510437570928,7.050176157028816,17.091355069963313,132.6881464428978,38.731126567129714,61.59694480181474,179.71611044829166,118.11916564647692,7.468669150871836,16.75066307238582,145.62725253065784,24.461407848083972,103.62821357230415,179.9810992146615,76.35288564235735,5.439376476448548,9.561740996853558,175.7875668434388,3.0920320214008146,170.31480706763998,179.78859897383327,9.473791906193298,0.9455860318674177,3.761404423140192,165.33279465773188,3.132300352087518,157.61301171463174,169.22164473819115,11.608633023559406,0.9007509708642276,7.265175778557875,160.13235784508063,8.118795099102744,145.63022178963723,179.90786046179568,34.277638672158446,3.626727510405208,18.810322874663683,171.39297039721023,2.643240122387394,167.3204038003407,175.20341738169685,7.883013581356153,0.9221480633590494,2.7830203403822225,-0.6260278581632529,0.25402784397324496,-0.9155269317760399,-0.0875281253603899,0.82799880641565,0.0497132653651551,0.11274922050109693,-0.786666175702709,0.16718573066561274,-0.9487218563100183,-0.40839663522333813,0.5403252210866801,0.03366041368171955,0.11461688427012207,0.0,0.0,0.0,0.0,0.0,0.0,0.0,4.063510148300735
shoulder_press_01,shoulder_press,107.10291557042568,28.092948048745342,76.92767642907806,157.31639920329724,80.38872277421918,4.75239760766125,12.268125726772183,107.60906576896657,32.026199309865845,79.23004877618216,174.74394634920333,95.51389757302117,4.829421925027425,17.091355069963313,100.5438053892184,40.61822710798099,60.176460498138674,179.6818514579329,119.50539095979423,6.184531304328861,16.75066307238582,126.31365052654324,26.72248605704632,97.52510191008456,179.9810992146615,82.45599730457694,4.552924011496922,9.561740996853558,173.85785009365952,3.8688091714952395,169.5248646254014,179.78859897383327,10.263734348431882,0.8242027290934544,3.761404423140192,163.27019664659306,2.57560527216561,157.61301171463174,168.7724345402875,11.159422825655753,0.9174656812624533,7.265175778557875,157.91043249757197,10.543370537214981,143.00675043992842,179.90786046179568,36.901110021867254,3.221844213965854,18.810322874663683,168.81683999860385,4.235824980773166,163.7610066737949,175.20341738169685,11.442410707901956,0.6771370108277152,2.368955873274757,-0.40921179904184046,0.28260625279264523,-0.9035644717082767,-0.0875281253603899,0.8160363463478868,0.04749672960996488,0.11274922050109693,-0.6270474169270823,0.20429485177733375,-0.9059592751186811,-0.3779000642007836,0.5280592109178975,0.036097336708839356,0.09415760741143442,0.0,0.0,0.0,0.0,0.0,0.0,0.0,3.602293381580683
shoulder_press_01,shoulder_press,120.21224915842268,32.92211038466555,76.92767642907806,160.6853514989232,83.75767506984515,3.5525585905179193,10.066340034030475,123.91097506897809,35.69539054201267,79.23004877618216,163.8776882575516,84.64763948136944,3.2125585123129774,12.766198317267225,116.96943382353295,43.836991150582456,60.176460498138674,177.7830147826421,117.60655428450343,4.240924761142501,12.4474643232558,139.67469442083546,31.78262534415107,97.52510191008456,179.69588741476463,82.17078550468007,3.166222332146842,8.497197331429106,173.91731226570306,3.565153246165223,169.5248646254014,179.94645887857735,10.421594253175954,0.8442848144827749,4.5201580220569895,164.6566777683201,2.8508029261693193,160.54583456475729,169.43509553032462,8.889260965567331,0.8910293274187172,1.9606741731249429,147.44419644891977,9.470436595252233,133.74087766610472,173.29827916345855,39.55740149735382,2.723499391276404,13.164443086274986,163.1888848911739,2.8257048582933733,155.98958992436818,167.17738011374192,11.187790189373743,1.3331253249666746,4.932767322946461,-0.5364044090741344,0.30503300140296546,-0.886113080214245,-0.0917531822961436,0.7943598979181014,0.02985613735184231,0.09663439207743596,-0.7243937961076584,0.23490214768630033,-0.9590980962989044,-0.3779000642007836,0.5811980320981208,0.024610005340920872,0.09415760741143442,0.0,0.0,0.0,0.0,0.0,0.0,0.0,2.4468946484459746
shoulder_press_01,shoulder_press,129.99247420025344,30.483993976857843,76.27090293742398,166.25661274804094,89.98570981061695,5.146798850989191,14.056448545485168,133.8186326585443,33.16210997770135,73.95156539613276,163.8776882575516,89.92612286141883,4.286084600907243,12.766198317267225,131.85535381878742,38.13055006452232,68.01670225196483,177.7830147826421,109.76631253067728,5.706625324974025,14.476600969277882,148.89992281328583,27.38912959017666,101.69767852144223,179.69588741476463,77.9982088933224,4.0850316479824915,8.971525637378278,175.961492156756,2.5009354146481506,171.59276034265912,179.94645887857735,8.353698535918227,1.1437798159132813,4.5201580220569895,164.1325417032761,3.4314468111298155,158.18908701733446,169.43509553032462,11.246008512990159,0.7988984644267849,1.9606741731249429,149.52620943914505,11.979321497247106,133.74087766610472,173.0542993889139,39.31342172280918,3.936550055141737,17.65249042120655,162.54373118960703,2.7484932998323,155.98958992436818,167.17738011374192,11.187790189373743,1.5272292923546038,4.932767322946461,-0.6490458434645778,0.23379328841045866,-0.886113080214245,-0.20041355507682923,0.6856995251374157,0.032113952816011766,0.090704895351434,-0.7891645983610263,0.19028943571099066,-0.9590980962989044,-0.3958716652486469,0.5632264310502575,0.021868702104280227,0.10206226680232988,0.0,0.0,0.0,0.0,0.0,0.0,0.0,2.595645771684361
shoulder_press_01,shoulder_press,105.77721478379108,25.494311431730853,76.27090293742398,166.25661274804094,89.98570981061695,5.3336607760570605,14.056448545485168,106.10652473173899,29.68077592918847,73.90976659254345,160.56389246095785,86.6541258684144,5.7395178017089865,12.347443059106553,99.27717366905314,32.64033546013136,67.05005481266075,173.53019112210774,106.48013630944699,6.172882851226967,14.476600969277882,125.13711025865682,22.87056394724571,100.9121447345217,176.25355379435132,75.34140905982962,4.636135103307213,8.971525637378278,173.71809628531585,2.398501957595009,168.82109815154018,179.42084144444874,10.599743292908556,1.0900167209218983,3.304859192337261,160.41657461347876,2.1691731256734994,157.05281155804283,164.11374369666143,7.060932138618597,0.6197792835830725,2.116442154165071,152.7018365580968,10.028570827159283,137.2597169205732,173.0542993889139,35.79458246834071,4.261656344878411,17.65249042120655,164.4508345744052,2.72193383027269,158.52410910312372,170.42701017142753,11.902901068303805,1.2507817981540126,3.821863278290067,-0.43802169223259707,0.2267307406186087,-0.8537052525045494,-0.1870666309948128,0.6666386215097366,0.04423694257147911,0.10873142115490753,-0.6380753233225015,0.21623605037372576,-0.9933584711309512,-0.37378740108373965,0.6195710700472116,0.03913086473751419,0.10206226680232988,0.0,0.0,0.0,0.0,0.0,0.0,0.0,3.0298375939198157
shoulder_press_02,shoulder_press,105.87254051071771,67.15070988048625,20.12078177364958,179.63013160127633,159.50934982762675,7.021223861275395,35.73904330722765,109.24954976342752,45.02383499645553,50.37370250495064,167.26068797941718,116.88698547446654,5.140964544743419,17.21250061089914,125.77556341174433,44.88871615390405,66.72892574640275,178.85080014313522,112.12187439673247,5.324670260703867,34.869671443768155,90.57428946126694,49.88773612613898,27.483472046291283,147.12908545825505,119.64561341196377,5.056578630915353,24.35283141113537,143.27138839392993,2.16803473021516,140.18736808938266,146.80580737471078,6.618439285328122,0.5153982958155615,1.5346137845581325,125.19999443159524,1.791874410254417,121.35769135330926,128.639656323605,7.281964970295746,0.6154177132483438,3.397850323988507,95.31723158550336,1.858896120558783,92.1188337309838,98.87514506990584,6.756311338922046,0.7081584173093828,2.6434622699590875,69.77528479819684,4.957582124247985,60.45662123614553,74.96381161174398,14.507190375598448,0.9770555829656843,4.478550206960939,-0.5487946790855157,0.36515446592786444,-0.9532291789309559,-0.07958413407973586,0.8736450448512201,0.034938498929417604,0.1385352478403622,-0.5499851632261843,0.33384510030095127,-0.922693701487802,-0.14254174663626717,0.7801519548515349,0.03190164173303158,0.1629585465615686,0.0,0.0,0.0,0.0,0.0,0.0,0.0,8.005396683584994
shoulder_press_02,shoulder_press,123.02289516795832,52.79510103798061,36.84345432567977,179.63013160127633,142.78667727559656,6.925040653862362,17.604490322980183,118.71020270447224,39.771238369068385,33.42728964689244,167.26068797941718,133.83339833252475,8.810281948089337,40.20849974042573,142.35827716446556,32.18658332140256,85.93527501602551,178.85080014313522,92.9155251271097,4.622884988167618,14.402270086617705,104.19249574704135,40.051289159766085,33.154742916337625,147.12908545825505,113.97434254191742,6.10042105457765,21.044460578616203,144.16784527679374,3.261172202861603,140.18736808938266,150.0956814264312,9.908313337048554,0.6382132181512302,2.5618322927870736,124.43266477650818,2.4600550050584498,118.48067957677515,128.42933778858765,9.9486582118125,0.8824669342788986,3.0562296101919912,99.3234415548299,4.720842437600272,92.1188337309838,107.02098535858555,14.902151627601754,0.777204266925484,2.7600415763686215,72.89421602893972,8.879594466695512,60.45662123614553,87.40225032732987,26.945629091184337,1.5168418176482854,4.478550206960939,-0.6459658925642351,0.2884315830825198,-0.9532291789309559,-0.16062982967365724,0.7925993492572987,0.03585821935013229,0.10405941295933607,-0.6135883363578819,0.31309943148847724,-0.922693701487802,0.07745687073826213,1.0001505722260642,0.05393099572867926,0.41324608878839986,0.0,0.0,0.0,0.0,0.0,0.0,0.0,6.935918071404695
shoulder_press_02,shoulder_press,60.70882551591523,32.831431137251386,33.10018289559625,152.5019655132263,119.40178261763006,5.988227136389619,17.604490322980183,71.91345331853432,26.098519420932035,33.42728964689244,139.90981821314037,106.48252856624794,7.599177324359223,40.20849974042573,107.98869976323567,28.77869117226265,85.63526413187257,177.1765828314256,91.54131869955303,5.20111482971282,14.402270086617705,60.24184627583133,27.138408420142724,33.154742916337625,126.05617975181876,92.90143683548114,5.881505521474452,21.044460578616203,150.27617993735942,4.909131891073258,141.54611183635578,158.46005331530364,16.913941478947862,0.8450142987891074,2.5618322927870736,123.98646278465422,2.386564914277883,118.48067957677515,128.42933778858765,9.9486582118125,0.9302415681635572,3.0562296101919912,106.22440748347343,3.685816873571164,99.22217050196214,111.48260297553675,12.26043247357461,0.7823134053793841,2.7600415763686215,83.77021323412679,6.500323485254055,65.53365041702759,90.17923426803375,24.645583851006165,1.207638342910833,4.00742893243725,-0.29163471076302444,0.20258513845149417,-0.8247240972982371,-0.10073992917521823,0.7239841681230189,0.03958114730399908,0.10890827219973587,-0.2790369527311378,0.215587091419975,-0.857284602746527,0.07745687073826213,0.9347414734847891,0.05756946799356754,0.41324608878839986,0.0,0.0,0.0,0.0,0.0,0.0,0.0,6.552102123681892
shoulder_press_02,shoulder_press,96.35720354758024,57.25650700516248,33.10018289559625,179.18180325467193,146.08162035907569,6.657620806998863,20.348053469751264,93.12178033476059,38.47270291580951,46.945143703656,142.86281434569,95.917670642034,4.887941203090081,15.70038329540003,131.35452532516516,38.38718183546303,85.63526413187257,177.7791335352729,92.14386940340033,4.408309252784455,13.205705816782938,88.11842176725865,42.037933732235814,38.3903949366101,142.35238419997245,103.96198926336234,4.371122876054115,12.728029065710288,157.09128829430986,4.073963433503977,148.6177026599015,163.73522666841254,15.117524008511026,1.2172039635943597,4.201649249813983,123.0104411248224,2.3315015988348846,117.78261652588718,125.92949431246613,8.146877786578955,0.7767955949192757,2.4324953975496584,116.7740959176288,8.722508447701376,105.5243142663925,132.55455373649752,27.03023947010503,1.2996490945250185,4.350771096648458,90.89146394323531,3.5068488715461257,85.56330003958189,97.8417138977869,12.278413858205013,0.8957123059964422,2.6365307618614366,-0.5637161192530514,0.3975572536010027,-1.0153969941764793,-0.10073992917521823,0.9146570650012611,0.0380476422630157,0.18753606296866698,-0.5346741210380191,0.3557359647024792,-0.965328211116126,-0.12740527405141344,0.8379229370647125,0.0312750618888977,0.11684641425914266,0.0,0.0,0.0,0.0,0.0,0.0,0.0,4.851573864766434
shoulder_press_02,shoulder_press,110.88370675430131,47.63941921044995,50.29329991093062,179.18180325467193,128.88850334374132,7.629093605007701,20.348053469751264,98.89243191246193,35.51334341730903,46.27103486737022,142.86281434569,96.59177947831978,5.549598800035266,15.70038329540003,145.20783930859932,26.751941076856756,100.47670528271138,177.7791335352729,77.30242825256153,4.499993311214021,9.742451886369992,106.52129990809689,26.013137984712078,67.723294321118,142.35238419997245,74.62908987885444,4.578484599925446,12.728029065710288,164.62293131430383,5.184031046976193,155.477710633046,172.3883779126057,16.910667279559704,1.4186815177671848,4.201649249813983,118.88542819128969,3.4556483861369123,113.53736587658898,124.82274625062266,11.285380374033679,0.9311227611037235,2.4324953975496584,126.58815418361766,4.878701216449858,111.96689763860356,132.71736623486873,20.75046859626518,1.402754393934739,4.350771096648458,96.01234329703314,2.986105363417531,90.36394208486118,101.1297037462448,10.765761661383621,0.7870588005033895,2.6365307618614366,-0.7263183005060334,0.2792585268550254,-1.0153969941764793,-0.24091616036487695,0.7744808338116024,0.04272425930039834,0.18753606296866698,-0.6752070414999497,0.2461116384901346,-0.965328211116126,-0.23184735556312386,0.7334808555530021,0.03786080061019812,0.11590420106911903,0.0,0.0,0.0,0.0,0.0,0.0,0.0,4.902873523384922
shoulder_press_02,shoulder_press,61.241454150139866,24.15005944134569,39.52408142683223,141.65488346312438,102.13080203629215,5.055673641186637,20.236485836572925,60.04605340777852,17.51170363943587,45.14295440573785,112.23597337891722,67.09301897317937,3.454137637893398,13.758333881718002,111.71958818112326,19.111164171557906,90.82144607206023,162.24674957610173,71.42530350404151,3.9246650327025,13.946585402644743,75.96477418231858,15.78060438278768,59.602493724910055,121.87681047304676,62.274316748136705,3.2585161073627145,11.703665116555754,168.07567435611597,2.0612568712452926,164.42747055760043,172.3883779126057,7.960907355005276,0.8175406433812948,3.5729588044736147,115.82747830358952,0.9932290783948443,113.53736587658898,117.72449080749075,4.187124930901774,0.5611107757084239,2.1205233790259683,126.42865428932767,3.0202500178274643,122.19424952922613,132.71736623486873,10.523116705642607,0.8218295541240861,2.902730546955979,99.56205776116809,2.103154840420256,95.32310897947781,102.89085069043574,7.567741710957932,0.4942223240096048,1.8741771731993282,-0.38400063826863373,0.22787164530533802,-0.9322638070005129,-0.1528276035454048,0.7794362034551081,0.044830741846774436,0.1437091328863569,-0.3714298086553955,0.18679045175495,-0.858857199194527,-0.19037320166728,0.668483997527247,0.0372566137272783,0.12323936038770889,0.0,0.0,0.0,0.0,0.0,0.0,0.0,5.82364389998525
shoulder_press_02,shoulder_press,98.17451983092948,51.71892522453201,39.52408142683223,170.20043336971082,130.6763519428786,6.4060652712212285,20.575893645094254,86.88256471676416,37.87748910923327,45.14295440573785,137.3239278036013,92.18097339786345,4.787114934624535,19.363890662849087,134.6763963940342,35.89894263558813,90.82144607206023,178.397082468235,87.57563639617477,4.178473214232209,13.946585402644743,99.1519839656985,34.733951044549286,59.602493724910055,145.40485533488365,85.80236160997359,4.149611506785128,12.242128457952148,166.17103780805596,1.319752611689324,163.58250294640354,168.00488092162252,4.4223779752189785,0.49062238281387716,1.681743833620601,117.2170141954004,2.1444831364029464,114.46996237889356,120.61225971580956,6.142297336916002,0.3203740162401707,1.657395529207534,125.63488212178613,2.550403183843249,122.19424952922613,129.95939116738361,7.765141638157488,0.6040198187023711,2.0697421776675213,101.33216149493074,1.4122474783813053,98.82062085703778,102.89085069043574,4.07022983339796,0.34078209665281145,1.2619045424239772,-0.5868413719774769,0.34554803162606007,-0.9676296391031561,-0.1528276035454048,0.8148020355577513,0.03503756960178863,0.1437091328863569,-0.5620378003568817,0.3110588361323412,-0.9079553419962251,-0.19037320166728,0.7175821403289451,0.029665288369392508,0.12323936038770889,0.0,0.0,0.0,0.0,0.0,0.0,0.0,11.118170445123921
shoulder_press_04,shoulder_press,123.54639088780226,60.96860388468443,1.6169383110680964,177.48910032244976,175.87216201138168,22.813275532709767,156.1161487267078,42.53902540872419,33.19977817222604,20.218146887332466,162.46619046815923,142.24804358082676,9.4493282052363,69.55443794712377,15.596770437391564,3.0788201214665056,5.437345889710034,22.832477275610156,17.39513138590012,1.9165063892542447,10.947488566277595,30.31803046273682,33.241863722048066,7.105060877596373,152.26885772507882,145.16379684748244,9.326733015235842,68.78705799780262,104.29887775202653,5.917929937627521,97.57174933779021,129.90630716141132,32.33455782362111,2.882108798711107,32.186403764103375,110.24463461494831,9.35384749119616,101.4403568838533,151.1475404728115,49.7071835889582,2.5384529631274546,19.664555991850023,72.11508343072866,10.96247263186982,50.99464374972842,94.11335523861882,43.118711488890405,5.82147078427148,16.23193005102143,82.42559150946025,15.804782343552734,57.329175633339446,142.99557717357288,85.66640154023344,6.204366686598832,32.23569247234228,0.6773311564922945,0.38806543391321435,-0.5165712474257548,1.1725237543138247,1.6890950017395796,0.1452498236540863,0.5467133391510673,-0.04347781017207227,0.16058385159287902,-0.5664185697354072,0.1271647340520916,0.6935833037874988,0.03485882756611163,0.14631630643999882,6.245004513516506e-18,9.507972793814492e-17,-1.457167719820518e-16,1.5265566588595902e-16,2.983724378680108e-16,8.542017667913381e-17,2.983724378680108e-16,2.4936860931664615
shoulder_press_04,shoulder_press,141.52396702738093,60.631815673762176,1.6169383110680964,179.72909341702777,178.1121551059597,18.74098538424812,160.13048022594276,116.57241646017728,64.54232173742685,20.218146887332466,179.44395512045713,159.22580823312467,9.035785269878378,69.55443794712377,96.52083095115401,80.79012456642292,5.437345889710034,179.79127708269448,174.35393119298445,7.107873202973692,169.3070757457265,107.4789438043275,68.92892477835989,7.11916311351505,176.09782290602607,168.97865979251102,8.6305011255409,68.78705799780262,107.84715375954079,12.095572610227574,97.57174933779021,164.60404642087153,67.03229708308132,4.183377222532607,45.230406050582346,103.84040454760223,6.254113011052706,90.42485811500939,111.90979633017506,21.48493821516567,1.5277185762272565,5.4285644052611275,87.49743133726973,17.964267178715424,69.87272821154383,163.15521236830944,93.2824841567656,6.311023986174234,48.23922964830723,81.86839816697378,5.837229396140405,66.38030925604062,91.73216870668672,25.351859450646103,3.447911534417737,13.616957019411998,-0.26537069920369993,0.8290303387578819,-1.2071977318677638,0.9965426270578068,2.203740358925571,0.10919622858388059,0.5467133391510673,-0.5339845281597188,0.45461142501088647,-1.0639311099722446,0.1271647340520916,1.1910958440243362,0.04713045457773751,0.14631630643999882,-3.816391647148976e-18,9.864604355370804e-17,-1.457167719820518e-16,1.5265566588595902e-16,2.983724378680108e-16,9.678560634932669e-17,2.914335439641036e-16,2.812867284128051
shoulder_press_04,shoulder_press,138.52202813695104,61.64610656552951,1.0792030805529584,179.72909341702777,178.6498903364748,21.096600270769315,119.2950463301276,164.1354628237902,19.78063016537481,110.02333831452351,179.96051220711132,69.93717389258781,6.004483981387074,27.90829297619004,135.91685821596172,67.95419541528953,9.072979742168576,179.98556594442834,170.91258620225977,17.0137635906485,131.0499085780685,161.11975698418533,18.200222916921604,106.44045991669209,176.09782290602607,69.65736298933398,5.943054327118872,49.72610321759832,139.08925063623855,42.11380405367862,6.393059545253524,179.8330041402357,173.43994459498217,11.108833323518502,169.30464197815394,132.09063996177272,42.714050725130384,7.316484560648815,179.90165810762016,172.58517354697136,11.529115195462467,162.70041580893616,130.33643963545228,47.59390583491858,9.353892738737168,179.78361289847257,170.4297201597354,11.984395404993412,161.51922709730812,119.93023580552723,50.62869827063631,10.919900384333923,179.74814403117182,168.8282436468379,12.608938172286452,155.96322062467834,-0.6886709177476539,0.4927005428816044,-1.2071977318677638,0.46116210174030847,1.6683598336080723,0.09839472354055895,0.3402308427809738,-0.7394465132844044,0.3074985632218212,-1.0639311099722446,-0.1326015708909698,0.9313295390812748,0.04743620185760931,0.15885708705114565,-7.806255641895632e-18,1.1727851200162048e-16,-2.42861286636753e-16,2.3158558404290375e-16,4.744468706796567e-16,1.3136043976707131e-16,4.683753385137379e-16,1.0598463549624184
shoulder_press_04,shoulder_press,68.2745675849055,66.37766766826023,1.0792030805529584,178.89492760944813,177.81572452889517,27.244299137414597,119.2950463301276,148.89504427274323,21.274747021432585,109.61567035606939,179.96051220711132,70.34484185104193,14.88384324927858,47.78374409953136,71.56444700916424,63.12041656961172,9.072979742168576,179.98556594442834,170.91258620225977,21.921651813591183,131.0499085780685,135.1480291749095,29.25607178775781,77.01223723545955,173.54997811768416,96.53774088222461,13.776568727841495,49.72610321759832,121.89763271189797,78.5051989752777,4.567050654095302,179.91964264980012,175.3525919957048,13.412267397580951,169.30464197815394,120.7341186021088,76.29200451189917,4.368044599409328,179.90165810762016,175.53361350821083,14.494538276667303,162.70041580893616,118.79619537168804,79.08029619168232,0.008214124843376244,179.78361289847257,179.7753987736292,14.602684590824824,161.51922709730812,118.59320171656854,77.06124978707085,1.9550543837789205,179.74814403117182,177.7930896473929,16.442097417001087,161.0410455904399,-0.19832920723157962,0.39363871925766836,-1.055096483269022,0.46116210174030847,1.5162585850093304,0.11197971671499882,0.3402308427809738,-0.331324824737035,0.29466109540655827,-0.9722514529982336,-0.017975226453565085,0.9542762265446685,0.05164047050242582,0.15885708705114565,-5.0306980803327404e-18,1.0588077208552472e-16,-2.42861286636753e-16,2.3158558404290375e-16,4.744468706796567e-16,1.0001578109769729e-16,4.683753385137379e-16,1.3201741630410926
shoulder_press_04,shoulder_press,101.44542174813408,73.63270348903573,1.53672516640996,179.84438968909828,178.30766452268833,12.295736211668562,111.51871010711129,157.2736147108681,18.46499801426489,109.61567035606939,177.54016917078496,67.92449881471558,10.246765922588237,47.78374409953136,107.71782247867485,63.96584861914612,16.139882661277973,173.9093616960919,157.76947903481394,9.388113163787434,113.76228614112998,142.57410169584196,30.635670528433074,77.01223723545955,171.87799816900517,94.86576093354562,9.746469572104528,45.300877599776456,127.24464440435125,75.81118547309919,4.567050654095302,179.92992333128274,175.36287267718743,6.414435341250988,143.04553592844667,129.0752912793483,75.48602232150343,4.368044599409328,179.73163663903807,175.36359203962874,6.605597798312185,154.64310470409478,125.6697172084693,77.86251556042829,0.008214124843376244,179.49738480302688,179.4891706781835,8.080152150202345,146.19413345547736,127.50306524281449,77.04742858573414,1.9550543837789205,179.92641340522616,177.97135902144723,8.677853047099624,161.0410455904399,-0.48926470828540897,0.47607358702640595,-1.112563371519959,0.16418225568334455,1.2767456272033035,0.06596716681860045,0.1916355769619924,-0.47560398415001687,0.3573909801844705,-0.9468987147476675,-0.017975226453565085,0.9289234882941024,0.0417462080609821,0.11386724319608255,-6.331740687315346e-18,9.04746438326248e-17,-2.3245294578089215e-16,2.3418766925686896e-16,4.666406150377611e-16,6.22705909824778e-17,4.666406150377611e-16,1.3995913497952828
shoulder_press_04,shoulder_press,122.80032900787594,67.66451037209228,0.5956983123615391,179.84438968909828,179.24869137673673,8.198250976033153,43.850755534195045,143.7380085204446,49.24839085293201,36.732339715688944,175.27045907901098,138.53811936332204,5.825224077106371,45.51021335171365,126.1354417456656,62.552805937346065,11.940275554003556,173.9093616960919,161.96908614208834,6.735989890458918,43.429550232779434,139.60915433541805,51.11761018270325,30.137579727110513,171.87799816900517,141.74041844189466,6.145216899202853,47.374986603317964,177.77296931168632,1.7345783885726018,175.04144942985675,179.9313467089863,4.889897279129542,0.693486335717285,2.772970427605941,178.42029649762665,1.1120371330828998,174.85508071821715,179.88088957818135,5.025808859964201,0.6219966381594852,2.82925969787928,178.2963403126502,1.4432736189881352,173.19414892211762,179.73672191341214,6.54257299129452,0.9766251406405021,6.026972541778889,179.01510252567678,0.6764032835409496,177.4413770332645,179.97367418273328,2.532297149468775,0.5265060870162596,1.8365840856217517,-0.6777688153491009,0.39355931413169193,-1.112563371519959,0.16365141432774122,1.2762147858477002,0.06193270282287883,0.18180105164555793,-0.6314415800411752,0.2642171682584088,-0.9468987147476675,-0.0536575767996923,0.8932411379479752,0.04432034982196696,0.11117731746006876,-2.74375429783665e-17,1.0829767266170591e-16,-2.3245294578089215e-16,2.3418766925686896e-16,4.666406150377611e-16,9.074398320885574e-17,4.666406150377611e-16,9.545358079925654
shoulder_press_04,shoulder_press,41.84602086727359,61.68311347511086,0.4318191133061373,170.41340618448191,169.98158707117577,6.928791409134264,43.850755534195045,86.14756359099027,52.024792964991526,36.732339715688944,171.06476898988157,134.33242927419263,9.066288678856715,45.51021335171365,51.51522594125019,58.077555105968266,11.765791182794366,168.87121419026272,157.10542300746835,6.179047539233674,43.429550232779434,71.32793573051448,60.424029931784254,14.883911882628809,167.77869477937773,152.89478289674892,8.914258030295226,48.18172295881336,178.60591556545276,1.929589821733997,172.51942460366956,179.99810704788965,7.478682444220084,0.9239602930942857,4.676614084461846,177.03424832694287,2.2222762069851374,169.97695884216213,179.88088957818135,9.90393073601922,1.0131403204024687,4.01524481790932,177.5802027127598,3.0545836858375126,167.7869356196497,179.95910069567984,12.172165076030126,1.3361410072241289,6.38767056844091,178.1555814862557,1.8911870908205484,171.73457179443722,179.97367418273328,8.239102388296061,0.8487411046109965,3.908085295647936,-0.13845710800897654,0.40913988136172175,-0.9396680862238016,0.2374113996397219,1.1770794858635236,0.060480063416917314,0.2177255369187714,-0.2424713714160637,0.29267698123173774,-0.8100067672250468,0.10614666127957995,0.9161534285046268,0.04853906042803479,0.16078000345282495,-2.881086573018147e-17,1.2322092259526089e-16,-2.2724877535296173e-16,2.2681509448396753e-16,4.540638698369293e-16,1.1425247721088626e-16,4.505944228849756e-16,7.542095086052748
shoulder_press_04,shoulder_press,77.30164587081678,77.92640676271162,0.4318191133061373,179.5120365249493,179.08021741164316,6.556947883865128,37.990083228139284,109.87176663817762,56.356455206990795,41.703604181473544,177.66796905441444,135.9643648729409,6.64730701061333,45.48507780932395,83.24902010254638,70.39271989093858,11.765791182794366,173.1014947556933,161.33570357289892,5.69440422796366,37.14664804331386,95.22376399312046,66.62858241158456,14.883911882628809,170.5499001485889,155.6659882659601,6.108245590347551,48.18172295881336,178.7690754435643,1.7364982714099806,172.51942460366956,179.99810704788965,7.478682444220084,0.8364502899749041,4.676614084461846,176.5859504973417,1.9635058676237578,169.97695884216213,178.78969221977002,8.812733377607884,0.8568331736700827,4.01524481790932,177.65523755017327,3.0805823952722857,167.7869356196497,179.95910069567984,12.172165076030126,1.2128024761467673,6.38767056844091,178.37241116557607,1.9979569714871441,171.73457179443722,179.9690353558535,8.234463561416277,0.7766123112960555,3.908085295647936,-0.38915478286343247,0.5647506288815006,-1.1845324129170325,0.2374113996397219,1.4219438125567545,0.06106059167280797,0.2177255369187714,-0.3931365668613968,0.3838378288450948,-0.9279598644841254,0.10614666127957995,1.0341065257637054,0.04546205301326818,0.16078000345282495,-2.3595853280526194e-17,1.2278705995686233e-16,-2.498001805406602e-16,2.2811613709095013e-16,4.779163176316104e-16,1.18656581208086e-16,4.505944228849756e-16,6.79037569950322
shoulder_press_04,shoulder_press,128.39113704193986,56.58948208929823,14.148714899236836,179.5120365249493,165.36332162571247,10.365272262052397,37.990083228139284,145.76075664740065,38.33441880347397,38.334453197842116,177.66796905441444,139.33351585657232,6.7666224477749966,36.36600160927628,129.9916669654129,50.47426274275611,25.032171072900027,173.1014947556933,148.06932368279325,9.080592280494914,37.14664804331386,142.21062521551553,37.458933715826156,31.356841797449576,170.5499001485889,139.1930583511393,6.579517607434674,35.553936720247165,179.00445663250073,0.6976622474586303,176.99928951219866,179.97477154726454,2.9754820350658804,0.4254979317881813,1.6917206806977845,177.31735206745225,1.194148002617102,174.33532796663988,179.6913198893796,5.355991922739719,0.5113342806475856,2.3667246979768777,178.45723219280114,1.3287637435512558,174.06638769978147,179.82734595802626,5.760958258244784,0.5238360927202773,2.783405058961847,179.32986305156055,0.5191777268729696,177.5597960590663,179.9690353558535,2.409239296787206,0.30615041871022025,1.8681066252292453,-0.7475825672943858,0.30839195639276246,-1.1845324129170325,-0.06535881655088982,1.1191735963661427,0.06485417977314678,0.18674723385426684,-0.6350192030440074,0.19705719715948078,-0.9279598644841254,-0.14872997785990183,0.7792298866242235,0.042835209467307074,0.11794852472159623,-3.6519543176553406e-17,1.0097531350160892e-16,-2.498001805406602e-16,2.2811613709095013e-16,4.779163176316104e-16,9.127486841055553e-17,2.498001805406602e-16,18.559914582521202
shoulder_press_04,shoulder_press,58.37420218967541,65.60352850081226,5.597045063330417,172.4269962954083,166.82995123207786,6.12407047788317,33.910580309286246,82.5853349683701,54.78341867915408,29.098364419884067,172.06368532759797,142.9653209077139,5.890566646136666,36.36600160927628,65.63180358913141,60.24029085732603,17.57330924246292,168.1769113294388,150.60360208697588,5.436306067807331,31.906209696415047,70.997920819814,62.437998158479715,13.27047389211397,166.3390110532789,153.06853716116495,6.107725878161737,35.553936720247165,179.20145282975426,0.5565546782358147,177.99825625169856,179.97477154726454,1.9765152955659744,0.3597904161103537,0.9266216168479104,176.7331520384524,1.3928287581103134,174.30518564539085,179.6913198893796,5.386134243988749,0.4399902081157548,1.9300306208500047,178.17891384397117,0.8456285807150067,175.6105991140505,179.82734595802626,4.216746843975756,0.44531755472765105,1.9771218845527585,179.37464905654414,0.3798440902700963,178.65077476840733,179.9688768627959,1.3181020943885642,0.22556169200116324,0.8802001484448851,-0.19610365293099088,0.43256393735792065,-0.920709658024594,0.25815878231037404,1.178868440334968,0.04851099505618192,0.12065903163620972,-0.26369976902380104,0.2865592250895842,-0.7389115262219137,0.05805900405625275,0.7969705302781664,0.03519358573557457,0.08471341024751322,-2.0534789146875455e-17,1.0391023109306967e-16,-2.2985086056692694e-16,2.2985086056692694e-16,4.597017211338539e-16,1.0568354142006978e-16,4.568827954853916e-16,16.019114640485764
shoulder_press_04,shoulder_press,58.155300994239056,65.53499505766209,5.597045063330417,179.00713100493908,173.41008594160866,6.324643796119705,22.71428494325778,80.62801684000372,55.21840412381813,29.098364419884067,178.94680888366597,149.8484444637819,5.855410423792426,24.994632120577094,66.86203651808393,60.62093575406997,17.57330924246292,172.6975898811987,155.12428063873577,5.58968407737299,22.285815880378678,68.40092388646922,62.24697758618646,13.27047389211397,170.87893273224216,157.6084588401282,6.2077637754504895,27.14935366731312,178.6629284447543,1.2154595817127214,174.27026017376934,179.87669742176598,5.606437247996638,0.8248354133473054,5.596893947161448,175.18947141968118,1.4002340771780124,170.4153338633999,177.02689160852157,6.611557745121672,0.7788060631127834,6.106213046818482,176.95756361629324,1.7561080526946469,173.3242378072995,179.0369822606916,5.712744453392077,0.7728959665137517,2.6894913936533555,179.16632257848337,1.1794078418190346,173.30637790592232,179.98792622119876,6.681548315276444,0.7978229375586862,5.755482138018806,-0.2341121854087957,0.4933842108137862,-1.0916945847397668,0.25815878231037404,1.349853367050141,0.058770390701561065,0.13806776218697814,-0.29611545564682157,0.34749413638899823,-0.9130143754745857,0.05805900405625275,0.9710733795308385,0.04349601124459234,0.09496518533503717,-7.56773116394882e-18,9.305189342225016e-17,-2.2985086056692694e-16,2.2985086056692694e-16,4.597017211338539e-16,7.098159464417168e-17,2.2985086056692694e-16,7.553490844890514
shoulder_press_04,shoulder_press,124.37286291142708,55.82734467820299,17.27990999672381,179.28938465471126,162.00947465798745,10.159053172196824,26.94072180015337,136.37839504027573,42.53331170595307,43.413552070118094,178.94680888366597,135.53325681354787,7.729436426939458,24.994632120577094,127.72773886397358,48.40715360985908,25.729184047104834,172.6975898811987,146.96840583409386,8.903550391286155,25.267441308026577,132.7041686667402,41.95336457367029,31.777507926209015,170.88348683036463,139.10597890415562,7.651462479894453,27.14935366731312,172.4534335691665,31.94235613941625,0.5652510569404,179.88298661446026,179.31773555751985,13.22402756089237,179.31773555751985,169.2158651951204,30.769607745015016,3.7849844221819744,177.49509003596208,173.71010561378012,13.19849412502472,173.6011986572559,171.4584047924039,31.03714308961591,4.632513045479897,179.36850046459728,174.73598741911738,12.733324854827154,174.73598741911738,172.97451511693222,30.14464551637471,10.842985324130867,179.98792622119876,169.1449408970679,12.842159126248394,168.41522522316308,-0.7156966121545606,0.31685390061002416,-1.0916945847397668,-0.02704647354308798,1.0646481111966788,0.06875272523213719,0.17157176029682475,-0.6249854299666688,0.23238350945570457,-0.9130143754745857,-0.1293163792005423,0.7836979962740435,0.048407036570930505,0.09496518533503717,-8.90491384334761e-18,8.464488747730694e-17,-2.2811613709095013e-16,1.97758476261356e-16,4.2587461335230614e-16,7.166202497311086e-17,3.95516952522712e-16,0.6624004522577486
shoulder_press_04,shoulder_press,99.0297937738702,63.931591690639266,2.1349558684378276,179.28938465471126,177.15442878627343,25.154470731006736,169.66681442076205,106.65067874949101,48.7941624726275,40.872529351014165,178.46412059014148,137.5915912391273,10.942751800182016,53.03155684533079,82.52393983941207,65.65118299265632,2.9198947770683428,172.0343502948118,169.11445551774344,7.498411189329373,25.267441308026577,94.27301271595864,55.39531352825454,28.688720121571187,170.88348683036463,142.19476670879345,7.997802948538172,25.21843853900051,173.15445313642553,32.05840784719074,0.5652510569404,179.95377724280175,179.38852618586134,12.73094415245913,179.31773555751985,170.26232415622928,30.950857092003837,3.7849844221819744,177.49965614290798,173.71467172072602,12.763071680163115,173.6011986572559,173.0736245874403,31.28971625844157,4.632513045479897,179.96260646458975,175.33009341910986,12.467711442865646,174.73598741911738,172.98770462818868,30.12909018058984,10.842985324130867,179.8632100318485,169.02022470771763,12.231218519033645,168.41522522316308,-0.24105904679082965,0.6262052207812636,-1.0471848989450658,1.0518593183849907,2.0990442173300563,0.12493319515605322,0.7564884033514235,-0.3505398313657151,0.3483792814171348,-0.8737298996144969,0.09232999076913384,0.9660598903836307,0.039462912625211656,0.08517850770376334,-6.396792817664477e-19,9.203176703720669e-17,-2.2041830166630305e-16,2.207435623180487e-16,4.4116186398435175e-16,8.500892757922552e-17,4.4116186398435175e-16,1.0279021454582098
shoulder_press_06,shoulder_press,91.71719383093634,63.52781523702338,20.696111249950594,165.4539645744928,144.7578533245422,5.2133381912729995,32.91380355948948,95.76396969474749,61.22958715531501,23.822539135995342,167.49616970389633,143.673630567901,5.250398326569953,25.729516708673245,97.90731578292838,65.88204360033886,19.93197988541876,170.34463417565257,150.4126542902338,5.275296937124737,33.82639720820593,90.3269274664792,62.9676002488154,10.992619526620373,160.51472665286101,149.52210712624066,5.429740047266897,24.181767942688992,174.0171237027739,0.8387988273592206,172.81384205243504,176.11428086605463,3.300438813619593,0.36552179419154607,0.9479426034385199,178.02712533281226,1.8470976799681453,169.60101803639031,179.78684499704525,10.185826960654936,0.6630485028093294,5.126414702885285,178.353018613864,0.7457848034590222,177.3234073784065,179.73241033047657,2.409002952070068,0.3844719712782552,1.1282569487478042,176.82722933568726,2.22723069416212,167.2229055057914,179.76886297746756,12.54595747167616,0.8938119754409428,6.643614700553627,-0.4954527679886257,0.4971422988477008,-1.0398909982975957,0.22740372838983947,1.2672947266874353,0.04720068790294034,0.15031264412616874,-0.4411727908925896,0.40876322784722535,-0.8961827164275671,0.11602636725770132,1.0122090836852684,0.039045166651042726,0.14588765369425305,1.2894777838094266e-17,1.1147847696775473e-16,-2.5153490401663703e-16,2.498001805406602e-16,5.0133508455729725e-16,1.463149524910093e-16,3.7643499428696714e-16,9.17646771999667
shoulder_press_06,shoulder_press,157.15684685243937,14.205221889124724,99.54502283806679,165.4539645744928,65.90894173642602,2.5621959131405365,21.221698397852364,156.01831612897502,13.598196531606149,99.35112249700046,167.49616970389633,68.14504720689587,2.8862572509727036,25.729516708673245,164.47528551744077,12.000094339947522,112.4269940005955,170.8688695286075,58.44187552801199,2.2831080867056244,23.159824118107935,152.63983867914206,11.678101661984444,101.83064781584196,160.51472665286101,58.68407883701906,2.5971356487222854,24.181767942688992,173.70708216037784,0.6379243477325991,172.79241201370303,175.9055466422627,3.1131346285596635,0.3017058844464212,0.9479426034385199,178.42038402054683,0.8369134540237514,176.83540762663813,179.9365696960582,3.10116206942007,0.3375399094446152,1.4544342371208074,178.10367964392435,0.3527028696944754,177.3234073784065,178.6521326955609,1.328725317154408,0.23236266774323008,0.8647379531341528,177.25189631008658,1.0417409119011363,175.55081986556561,178.73363874443598,3.182818878870364,0.27181514622528746,1.0113627940632455,-0.9804802285555373,0.07964556100311254,-1.0398909982975957,-0.6617593784540252,0.37813161984357047,0.01803094981933594,0.10237472184314322,-0.8582969588007265,0.07866564777953511,-0.911322406592753,-0.5358530930376142,0.3754693135551388,0.01822718207298455,0.14542843422393448,3.932039878880763e-18,1.3293248614530851e-16,-2.5673907444456745e-16,2.5673907444456745e-16,5.134781488891349e-16,1.6192746377480057e-16,5.134781488891349e-16,9.033132452876394
shoulder_press_06,shoulder_press,160.470649992106,5.312865370019859,137.36638678240993,164.23578790095553,26.869401118545596,1.2358121560204438,11.300077404110539,156.78010870223991,4.287682147270201,140.31711748964554,162.22037753821624,21.9032600485707,1.1698709682422253,5.61736315971126,167.1877811170021,4.047630809106568,149.0232603034864,170.8688695286075,21.84560922512108,1.0538564890985032,10.024616676256613,154.02839793750096,3.7910680447100282,139.71138135647246,157.50972222840457,17.798340871932112,1.1202428830227964,4.708427431017128,173.7111742062139,0.7061729646670869,172.79241201370303,175.63116037101443,2.8387483573114025,0.30014729118080896,0.8986338726666645,177.77096603757352,0.9804429643029416,174.59956756734283,179.9365696960582,5.337002128715369,0.5135988653450582,1.8208346114183769,178.5849566265895,0.5460907462051325,177.55751199504013,179.88423215079052,2.326720155750394,0.2871890307860236,1.195321756483196,178.1807979568505,1.0685570772845912,173.98705871181383,179.7465678748114,5.759509162997574,0.6195694037842308,2.802836095735529,-0.9761853919669414,0.051130646012442126,-1.0226414206411047,-0.801803363716903,0.22083805692420178,0.009548748867549122,0.06561940635928432,-0.8795127046893683,0.03932906861427731,-0.911322406592753,-0.7249782057844034,0.18634420080834957,0.011077032081297645,0.0534994127285533,0.0,1.1352834139413802e-16,-2.5673907444456745e-16,2.5673907444456745e-16,5.134781488891349e-16,1.0504049737294045e-16,5.134781488891349e-16,2.661883333578448
shoulder_press_06,shoulder_press,111.99452712670609,52.94015863692129,29.632845940065724,164.23578790095553,134.6029419608898,4.709793147424373,15.115507472244616,114.27098234506369,48.34550244281087,33.88382116297748,160.10192722566512,126.21810606268764,4.533856793290166,14.458318111769358,120.82111569546304,51.68333852938365,34.77821273062986,169.9754147203694,135.19720198973954,4.7322558658315,14.39496517945814,114.2942238576513,45.789681839069175,32.68711522728684,156.99534556026413,124.30823033297729,4.486787772056888,13.269746870985486,173.97385701443426,0.6060383677832609,173.21458479000887,175.63116037101443,2.41657558100556,0.26942400620748785,0.8986338726666645,178.0236459791871,1.003892491375321,174.59956756734283,179.33098508741867,4.731417520075837,0.4887293808681883,1.8208346114183769,178.63953027295426,0.6721655338841181,177.15105270843844,179.88423215079052,2.733179442352082,0.3044489775223965,1.195321756483196,178.70558539948908,1.2301189815802427,173.98705871181383,179.9985779570137,6.011519245199878,0.6351274249664718,2.802836095735529,-0.6741644492316465,0.3083296100168607,-1.0141796905039095,-0.1120435307787091,0.9021361597252004,0.03222987922623911,0.1027123080250848,-0.6220977322840475,0.2793091113946488,-0.9026290239071246,-0.1016346826139427,0.8009943412931819,0.030034000314962502,0.09968176323923239,5.782411586589357e-20,9.83293777131326e-17,-2.5326962749261384e-16,2.5500435096859064e-16,5.082739784612045e-16,7.90794632841841e-17,3.7643499428696714e-16,10.874930564385322
shoulder_press_06,shoulder_press,46.50175587398507,29.538276415957636,27.769391729629522,129.30770199628833,101.53831026665881,3.581295251422544,15.115507472244616,51.8750418169955,32.426605977555845,29.820913418496648,134.58670966715388,104.76579624865724,3.7158965449017702,14.458318111769358,52.226200820673434,33.231481058949555,28.253935600345002,140.86728633174883,112.61335073140383,3.966694943050779,14.39496517945814,51.182325329201234,34.908286517940894,25.15112800147677,134.81571956004026,109.6645915585635,3.8794383444746634,13.269746870985486,172.97506624920587,0.9695944436981586,171.60146951680568,174.43416580791242,2.8326962911067426,0.19738885501627712,0.8804070031466154,177.89381627302905,0.8032492026482416,176.6162602340081,179.33098508741867,2.7147248534105586,0.30436243791255746,0.9662867753718558,178.26647292010318,0.4919188022384152,177.15105270843844,179.08086142170828,1.9298087132698356,0.17607968495613494,0.45130952653624945,179.08762055878555,0.5183095942639908,178.0513307704673,179.9985779570137,1.9472471865464058,0.29601112288461034,1.251595809843451,-0.21374264266240822,0.24100185450799455,-0.7415522336587188,0.002591674454251347,0.7441439081129702,0.027393824303627728,0.1027123080250848,-0.19989816898723958,0.22783034656547543,-0.6887370836348938,0.009585140367438294,0.6983222240023321,0.02625138344816489,0.09968176323923239,-8.673617379884036e-20,1.0930394978685825e-16,-2.5847379792054426e-16,2.5500435096859064e-16,5.134781488891349e-16,1.2352427509972782e-16,3.7643499428696714e-16,15.550082576921586
shoulder_press_06,shoulder_press,52.98503677422943,40.25682704521047,27.769391729629522,152.60071657425308,124.83132484462357,4.407170328876305,18.755305778228177,56.08468006982615,40.91989490502541,29.342096828402795,156.21739281225695,126.87529598385416,4.595587503982284,19.640244526201897,57.01858648937579,43.322466175642305,28.253935600345002,156.0300771913299,127.77614159098489,4.639827136830395,18.95536755901516,55.057897903124044,43.89070405760335,25.15112800147677,156.62740533879736,131.4762773373206,4.796024313392742,21.230141609438036,172.38440148946628,0.6015110813318812,171.60146951680568,173.88086367645667,2.279394159650991,0.18400956992312578,0.8804070031466154,176.93110542349083,0.6177446274489704,175.68991486403377,178.3440438940514,2.6541290300176286,0.2348339135941748,0.5858429173351567,178.28413400810402,0.3731939240466445,177.75857174427057,179.1879404681847,1.4293687239141377,0.1526024365065386,0.3448136754291795,178.9067283881228,0.3915265917989397,178.0513307704673,179.54288687454965,1.491556104082349,0.250043378519118,1.251595809843451,-0.23920987703201976,0.32022749492287256,-0.9225306306159156,0.002591674454251347,0.9251223050701669,0.03602766343828508,0.130437422461397,-0.22662518185234806,0.3120886631762727,-0.9089228419036604,0.009585140367438294,0.9185079822710986,0.03561749221998071,0.1431948783735031,-1.3328458707088468e-17,8.57567363336768e-17,-2.5847379792054426e-16,1.3704315460216776e-16,3.95516952522712e-16,9.074398320885574e-17,2.7582103268031233e-16,22.44534325131873
shoulder_press_06,shoulder_press,89.2898315083804,47.734144866219864,28.416049261264728,156.97223488027265,128.55618561900792,8.704840287153933,23.147660289887753,94.13438282059529,47.25531151501305,29.342096828402795,158.75515420316123,129.41305737475844,8.663260621051323,19.640244526201897,96.80200624383987,47.77655612282649,28.539102035444458,159.07859429475076,130.53949225930631,8.624174560559275,22.27530950284725,97.06910986073308,47.04488149044771,26.462613580882167,158.95174533381604,132.48913175293387,8.688408232777864,21.230141609438036,173.11468243894421,0.7746507059520378,171.95335651972613,174.43133421209964,2.477977692373514,0.20935667539198388,0.6904254847713105,176.6373421807926,0.41032637668788524,175.68991486403377,177.24765422477856,1.5577393607447902,0.14687131265570927,0.49462760246532866,178.44176173112226,0.4256482249035707,177.75857174427057,179.1879404681847,1.4293687239141377,0.16040872892758162,0.5836580865047836,179.0651626460886,0.4342937330989103,178.41330907255727,179.801837908245,1.3885288356877368,0.20244402665652952,0.6163319930686555,-0.5428639508447034,0.31915450049286304,-0.9400224892581127,-0.005302162022911672,0.934720327235201,0.0603410866528427,0.130437422461397,-0.523025829896872,0.30841266070364654,-0.9256365045442015,0.007282567418547936,0.9329190719627495,0.05870130758870933,0.1431948783735031,4.394632805807911e-18,1.2626255522527815e-16,-2.8622937353617317e-16,2.8449465006019636e-16,5.707240235963695e-16,1.1449174941446927e-16,5.707240235963695e-16,48.22919263055691
shoulder_press_06,shoulder_press,67.94762035485064,47.486777563790504,29.73640952913613,156.97223488027265,127.23582535113653,5.6162084114990805,23.147660289887753,74.0289763392596,46.56797943760771,33.93565615322609,158.75515420316123,124.81949804993513,5.70661506864592,18.38967166994985,74.12424010381353,47.97711669840186,32.46504893587636,159.07859429475076,126.6135453588744,5.918187610989129,22.27530950284725,76.1970066979856,46.678941506660706,33.91618796216054,158.95174533381604,125.0355573716555,6.03208358586758,20.394516381195523,172.65094783071643,1.0461204621629299,170.9544928557632,174.43133421209964,3.4768413563364504,0.23943333966654784,0.6083680110115779,176.592108717794,0.6018172821739803,175.28107166824176,177.66873915217255,2.387667483930784,0.21758519581544336,1.0122411463296714,178.7355016488821,0.49720530649174205,177.85451411621594,179.62170013137103,1.7671860151550902,0.16473698779908094,0.5836580865047836,179.17760940548501,0.5069555689306775,178.14946067862442,179.801837908245,1.6523772296205834,0.23186705794474632,1.0440955876852342,-0.38416306732757455,0.33001241660971486,-0.9400224892581127,-0.04459773228111852,0.8954247569769942,0.04856315576740838,0.15202127399194243,-0.37732686618444267,0.30831161547328595,-0.9256365045442015,-0.03316224858235617,0.8924742559618454,0.0469424937936974,0.10651556187847466,-4.625929269271486e-19,1.4819855002257088e-16,-3.0531133177191805e-16,3.0878077872387166e-16,6.140921104957897e-16,1.1939682958792094e-16,5.707240235963695e-16,27.263916382789567
shoulder_press_06,shoulder_press,77.22535279848177,45.67863741412337,29.73640952913613,142.9748353323844,113.23842580324828,6.342703401583661,23.875930667149632,83.0612733577142,45.05868759772316,33.93565615322609,146.14548750724182,112.20983135401573,6.022201121278795,23.446297568954265,84.61027014950017,48.22337106093423,32.46504893587636,150.45187173892074,117.98682280304439,6.4429189955437005,22.34713302251231,85.73266222643305,46.657275249959035,33.91618796216054,147.7156120869465,113.79942412478596,5.964002591698263,21.119332390980688,171.84374809268317,0.44256641681117725,170.9544928557632,172.58688018379823,1.632387328035037,0.24547139601564194,0.6844325991580433,176.42872666122673,0.7364944500636545,175.28107166824176,177.66873915217255,2.387667483930784,0.29804191372682487,1.0122411463296714,178.2859751940041,0.9960160142228615,176.76186768127977,179.62170013137103,2.859832450091261,0.2606943081210994,0.8310792772249158,179.0434400823694,0.645107721422287,177.67847642088472,179.8874494911653,2.2089730702805923,0.29311958926220427,1.0440955876852342,-0.477251529474769,0.36286894127034586,-0.9618322646353196,-0.04459773228111852,0.917234532354201,0.048226825557904196,0.15202127399194243,-0.4477841676268069,0.32745675491773524,-0.8893954724250794,-0.03316224858235617,0.8562332238427233,0.046907500204881866,0.14807680757650032,2.856511323775142e-17,1.386663290767702e-16,-3.0531133177191805e-16,3.0878077872387166e-16,6.140921104957897e-16,1.1215884542953495e-16,3.0878077872387166e-16,22.574694174392405
shoulder_press_08,shoulder_press,61.313734237352875,18.623152596003106,42.84662532521003,99.24706006502554,56.40043473981551,4.1025417400560915,14.895403015533034,71.13234447888493,18.489889384845515,52.18488165293183,112.26155802333021,60.07667637039838,4.414531319688933,17.12008551953531,105.87192834747628,10.09956636998848,93.08372173161705,123.8652010223898,30.78147929077275,2.4614047009369586,5.230666700626827,113.91577023806917,9.975855663219345,100.11685361871,132.6171582690649,32.500304650354906,2.6070168188664344,5.468569345179702,89.334847394339,1.9240257239639669,85.6580419322452,92.78729042425918,7.129248492013986,0.5236859993743748,1.3279980305468513,84.6017200071045,1.9596142982527427,81.8303739156618,87.96922946382554,6.138855548163747,0.5032079091175754,1.3484425051761804,65.58944526669855,1.058935997384228,63.50472442233043,68.69162708259515,5.186902660264714,0.36604375494323205,0.995495430752996,71.34474814538153,1.5181375300315745,69.27262118471963,75.50228007499248,6.229658890272859,0.5387464351484916,1.9176153864717946,-0.554598280249784,0.17680218558089025,-0.8231444282265821,-0.2769336271450933,0.5462108010814888,0.04535862823669226,0.09535895489499135,-0.5911758945677986,0.16440581498569376,-0.8513001360368327,-0.3221456846775044,0.5291544513593284,0.04451748839722883,0.09495276472968439,0.0,0.0,0.0,0.0,0.0,0.0,0.0,7.03297945534128
shoulder_press_08,shoulder_press,75.12676307476394,21.653472074053873,46.735986758813105,109.45075516460953,62.71476840579643,5.298307879697432,13.789504912869248,81.36208477994205,21.765017131655718,52.18488165293183,114.48446235480627,62.29958070187444,6.205868435816949,17.12008551953531,112.98277206117626,10.812391715987651,95.4800156024639,127.23904613674277,31.759030534278878,2.510470898531752,5.230666700626827,119.25823479102722,10.796260587570476,102.48003812394091,135.17464637007583,32.69460824613492,2.8402339282223754,6.117785035395514,88.63137735656046,2.2211165329177107,85.13286667930835,92.78729042425918,7.654423744950833,0.5642207699212423,1.3279980305468513,86.3557402641745,1.989887180133134,82.7136712357125,89.34163362356861,6.627962387856115,0.6207618426642997,1.3484425051761804,66.09389446229815,1.6547721214301863,63.50472442233043,69.13845120835127,5.633726786020837,0.520636501110846,1.438075383556182,72.08998226280083,1.0122659577681263,70.44126114835836,74.31032545882405,3.8690643104656885,0.6062212232721975,1.5556296283945983,-0.6495204924543988,0.17770629230649074,-0.8391869497882539,-0.3305198885769922,0.5086670612112617,0.03850285890275427,0.11650804101192636,-0.6782944554872721,0.1655494146889759,-0.8969940524952862,-0.34274083663895116,0.554253215856335,0.0428496636210232,0.0997806184945853,0.0,0.0,0.0,0.0,0.0,0.0,0.0,7.290676986962505
shoulder_press_08,shoulder_press,65.48662671592767,21.412656112434487,38.016356663885354,109.45075516460953,71.43439850072417,5.627890453252341,14.137881067058437,72.26578700329796,19.04329977936749,53.66199489453671,114.48446235480627,60.82246746026956,4.864843643456172,13.633891957316905,107.25300520231987,12.508957112850393,88.6279138299493,127.23904613674277,38.611132306793465,2.9831267831049013,5.654860041055116,113.67086494395676,11.616498730266375,97.36802925969937,135.17464637007583,37.806617110376465,3.204080742736836,6.117785035395514,88.62501678677879,1.4939527232755192,85.13286667930835,90.82920914849822,5.696342469189872,0.3080895503936818,1.0039060458902043,85.19829458169507,2.310402984576365,82.17873376196971,89.34163362356861,7.162899861598902,0.5607522444408385,1.542938286372305,65.59755059938689,2.056655163613295,62.24592035347072,69.13845120835127,6.8925308548805475,0.4587808327512855,1.438075383556182,72.03087055038701,1.0673687512116339,70.44126114835836,74.31032545882405,3.8690643104656885,0.5956379641926274,1.7963610629254276,-0.557757175052178,0.2060751705560009,-0.8391869497882539,-0.19990957076980342,0.6392773790184505,0.05435341481488508,0.12204710790928652,-0.5869918106734936,0.19556097337536416,-0.8969940524952862,-0.2671571455867312,0.629836906908555,0.05422864704255075,0.12676786121025485,-2.999626010543229e-17,8.999939238975084e-17,-3.0444397003392965e-16,0.0,3.0444397003392965e-16,3.11352954912389e-17,3.0444397003392965e-16,8.672741329934059
shoulder_press_08,shoulder_press,78.15934583427965,30.833706122903767,38.016356663885354,125.00589335747921,86.98953669359386,5.001859646202297,14.137881067058437,92.36224121476597,38.82308174064037,53.81242395517716,159.10673302058248,105.29430906540532,5.1530699224612,17.65081047671653,112.7124869689971,15.7006576326034,88.6279138299493,134.55919013145515,45.93127630150585,2.6676379231775273,5.654860041055116,121.08149505636831,16.33167941985972,97.36802925969937,147.46567729112803,50.09764803142866,2.9504459775367815,6.414101120991063,90.334942466361,1.0198496632047056,88.41953506656232,91.90832575103123,3.48879068446891,0.25167720174616587,0.8229471117116134,85.83345583864966,2.7001648388336212,82.17873376196971,90.30218788898524,8.123454127015535,0.4793200873700365,1.5836350607643084,64.46927882018346,0.8774330479227999,62.24592035347072,65.36539624108894,3.119475887618222,0.22580225093915987,1.2495041764485393,71.18091540166579,1.1923912712014686,69.20674046077949,72.89733546070862,3.6905949999291323,0.4931079361620643,1.9640796451152767,-0.6195156905610356,0.21264054394449022,-0.8488634994717775,-0.19990957076980342,0.6489539287019741,0.04310753842400001,0.12204710790928652,-0.6350271540196827,0.18935498819873506,-0.8355140370603447,-0.2671571455867312,0.5683568914736135,0.04240934115629481,0.12676786121025485,-7.539180506740036e-17,1.2523217036284133e-16,-3.0444397003392965e-16,0.0,3.0444397003392965e-16,7.881775931151519e-17,3.0444397003392965e-16,10.878634483992757
shoulder_press_08,shoulder_press,90.46896587983414,27.78395804841568,44.42088441953279,125.00589335747921,80.58500893794641,7.348159509126459,48.497205231758805,103.7755188684151,39.63394101265404,51.15090071197377,159.10673302058248,107.9558323086087,7.372719396982597,23.800227242953895,116.72385392922662,16.11590293842251,84.45676501643622,134.55919013145515,50.10242511501893,2.646066793938832,6.74557849806574,125.52977037766108,16.10267414322633,95.80922694502605,147.46567729112803,51.65645034610198,3.099357588296669,8.18698957124289,90.42410864097766,0.926193465311038,88.21137772673018,91.90832575103123,3.696948024301051,0.3867311169090299,1.3530005452902714,86.53353855777969,2.8276959603955123,81.85783566875881,90.30218788898524,8.444352220226435,0.5036258030263334,1.8461955506767822,64.57708953532078,0.48276062860667834,63.58013624262714,65.23208620728673,1.651949964659586,0.20791556814327952,0.5260436510072424,72.04282403419009,1.9893286681414821,69.20674046077949,75.35881973420183,6.152079273422345,0.4147108833859951,1.9640796451152767,-0.6696349669337847,0.22802181173294225,-0.8771218929399737,-0.06439104399602047,0.8127308489439532,0.03871492733496223,0.16349727803709224,-0.6895031418892738,0.17878622771404704,-0.8398716800335684,-0.25313567192619646,0.5867360081073719,0.031125818998442235,0.0953512569576973,-6.557616139916493e-17,1.1906482334019485e-16,-3.0531133177191805e-16,0.0,3.0531133177191805e-16,7.92963037186812e-17,3.0531133177191805e-16,13.527117134494498
shoulder_press_08,shoulder_press,73.86728787095893,21.963990095008604,44.42088441953279,117.47731097968689,73.05642656015411,7.833694056633094,48.497205231758805,79.37376355096904,28.944962601964004,51.15090071197377,154.13637326776052,102.98547255578674,5.863521096290981,23.800227242953895,107.83118933039883,15.426705329940077,84.45676501643622,132.24216520624077,47.78540018980455,3.2672704474959433,6.74557849806574,115.91410958518564,13.620949865206715,95.80922694502605,145.6589253180132,49.849698372987135,3.1440026993536065,8.18698957124289,89.18876658761674,0.8489136887555183,87.92443660151002,91.10135607991029,3.176919478400265,0.37346457762949015,1.3530005452902714,84.94354762799615,2.8393533109339266,81.48993201077121,89.02101150380443,7.531079493033218,0.6038030393052505,1.8461955506767822,64.04610213757682,0.6107931939956397,62.878231682237626,65.23208620728673,2.353854525049101,0.2824449768886714,0.7854019572466697,72.62278923241813,1.7614202886082873,69.71058834426266,75.35881973420183,5.64823138993917,0.39077872391001833,0.9748779898229998,-0.5612662379891952,0.24861854669799713,-0.8771218929399737,-0.06439104399602047,0.8127308489439532,0.05506978076168724,0.16349727803709224,-0.6066381853322075,0.20138904022899418,-0.8398716800335684,-0.25313567192619646,0.5867360081073719,0.04392421406908239,0.14860119369097313,-3.957337929572091e-17,1.0093650492314653e-16,-3.0531133177191805e-16,0.0,3.0531133177191805e-16,8.187595716356051e-17,3.0531133177191805e-16,12.183334794749477
shoulder_press_08,shoulder_press,63.87627773364606,17.282503363687237,40.731427042157556,97.77347267665861,57.04204563450106,8.056610443603658,36.57277432041934,67.31737440829903,15.344236071862168,51.879310203537905,99.00747006593369,47.12815986239578,4.224296645564985,15.262475283946912,102.4703161434286,12.587663660265314,85.00446131970416,124.506845402025,39.50238408232083,3.3550677059790313,6.462274390387961,110.95308402441059,10.128014375545227,96.31686562345035,127.63614743706005,31.31928181360969,2.9667690729718257,6.10926871726798,89.06262817875505,0.9255281237283058,87.7491813139135,91.18572135854875,3.436540044635251,0.4387465200979334,1.4746104672622096,84.24427306684444,2.271511154001678,81.48993201077121,88.97431001854666,7.484378007775447,0.6015312762439028,1.6290534674952681,64.32883674541849,0.8322064766416144,62.878231682237626,66.14278791227291,3.264556230035282,0.29774164554124605,0.7854019572466697,71.10131534711643,1.2423121052502086,69.71058834426266,74.94990770284522,5.239319358582563,0.3871466575383125,0.8818694539771457,-0.4806829066395959,0.21663437857385104,-0.7826159476655974,-0.13129158623866777,0.6513243614269296,0.060445384663118065,0.1520211543953648,-0.5476929765730385,0.17883353649282427,-0.8111144112143109,-0.2622562773085,0.548858133905811,0.051382477819067074,0.14860119369097313,-5.818913059729703e-17,1.164555886932934e-16,-3.060702732926579e-16,0.0,3.060702732926579e-16,7.08320495169323e-17,3.060702732926579e-16,10.783161038440698
shoulder_press_08,shoulder_press,63.71281013383385,19.174369358894857,40.731427042157556,100.22212511805122,59.49069807589367,8.322583850515228,36.57277432041934,70.83453053393123,18.651298558584934,51.879310203537905,110.2499707935537,58.370660590015795,4.831042231128091,18.87659954928965,103.96264209758031,11.371447501890902,86.72886489699837,122.68320559309102,35.95434069609264,3.1228858674121214,7.503069747562819,114.03095641203878,10.507874744237368,98.00596490243733,132.59924049183869,34.59327558940136,2.832463580492605,5.42949311996864,89.91893048547755,0.8755852451461746,87.7491813139135,91.18572135854875,3.436540044635251,0.4697798704196459,1.4746104672622096,84.16173543700104,1.8095416469429613,80.93005550649791,87.3624067095531,6.432351203055191,0.5502361656646199,1.773273805827671,64.52280851501091,0.7527529522499524,63.02058035503902,66.14278791227291,3.122207557233885,0.2924595447244597,0.7995967969148907,71.00841886054103,0.6960510342667573,69.85724149223792,72.62722323322834,2.769981740990417,0.3461192911164669,1.09309727803263,-0.5206060109578238,0.2012323080534805,-0.7935174330292275,-0.13129158623866777,0.6622258467905597,0.05713489868217089,0.1520211543953648,-0.5800790676039281,0.15617271071803784,-0.7728178978974228,-0.30583840985507715,0.4669794880423457,0.042189270300777196,0.10052335454007699,-1.1233689759665433e-16,1.3774903107628622e-16,-3.060702732926579e-16,0.0,3.060702732926579e-16,9.845116520395528e-17,3.060702732926579e-16,11.521183293764528
shoulder_press_08,shoulder_press,66.1830777077016,15.944013628847166,42.06853411669986,100.22212511805122,58.153591001351366,5.6801106665043,15.786609157856354,72.07971460798153,19.594167697851827,49.231979582754434,110.2499707935537,61.017991210799266,4.850130637120559,18.87659954928965,105.98787146789168,11.97337405845428,87.49904219682763,122.68320559309102,35.184163396263386,2.89132425538624,7.503069747562819,115.55611473799512,10.993640788885,97.10301342607656,132.59924049183869,35.49622706576213,2.588035831972647,6.391143777555314,89.27812287493639,1.1672213329729244,87.53523970741054,91.08328940721194,3.548049699801396,0.3920397922123246,1.1949111115380617,84.1258576352471,2.0976477468001513,80.93005550649791,87.3624067095531,6.432351203055191,0.5232422835543344,1.773273805827671,63.807632533792095,0.7377512243080574,62.55267824074848,65.41433451382275,2.8616562730742743,0.282025136025642,0.8377857126902768,70.85279453520728,1.1338603551208493,67.86899406110915,72.62722323322834,4.7582291721191865,0.36419685381422134,1.09309727803263,-0.5504422906930418,0.2059484731002474,-0.7935174330292275,-0.18216735988408694,0.6113500731451406,0.048399374115204896,0.16161805863257395,-0.5932581694121333,0.1811172727062473,-0.7728178978974228,-0.27806299688215463,0.4947549010152682,0.036148383842046945,0.15288501182106373,-1.2489195875403646e-16,1.4323690971277402e-16,-3.1094918306884267e-16,0.0,3.1094918306884267e-16,1.0044011539623903e-16,3.0964814046186007e-16,10.25267992803161
shoulder_press_10,shoulder_press,77.8326272995319,20.21681697773106,62.57524410426291,125.05341688535903,62.47817278109612,4.596976776105085,24.90896396096288,77.64052982369239,54.840082566483446,19.90510197374201,169.0773275473498,149.1722255736078,9.932485949380736,31.3068274349002,78.02850587490563,14.535209896587043,60.51609241439472,108.06045281425308,47.54436039985836,3.208868090139294,9.556410330710875,113.79808097591788,47.01292504908288,62.51680649513568,177.05707877819097,114.54027228305529,8.346959443174663,30.434715423377042,126.80639374244537,2.490940655690862,123.07331007116994,131.7316905217236,8.658380450553665,0.4721366137361454,2.2071050378572323,167.39011422155892,1.3548884833517414,165.04921175483895,169.37958138505772,4.330369630218769,0.37051453067536794,1.000095796712742,87.60537058967115,4.706477597616186,79.39039790667384,97.50392883537218,18.11353092869834,1.2140725412200384,11.997058104316096,105.4889995803444,3.9864339995012563,92.96350903037109,111.65705678443143,18.693547754060347,1.042277068570175,6.2993652345198115,-0.4363155310227706,0.1484864786599353,-0.6877264823293834,-0.26133366521390333,0.42639281711548005,0.029210568368002263,0.06707384763607782,-0.454362793462775,0.26397745472017614,-0.8599846542562846,-0.10421339532082441,0.7557712589354602,0.0514812564926414,0.12100191466076327,0.0,0.0,0.0,0.0,0.0,0.0,0.0,8.417322978522185
shoulder_press_10,shoulder_press,102.44276709472344,32.450109563024846,62.57524410426291,142.25810570430636,79.68286160004345,4.486506405380767,24.90896396096288,121.67693691749199,60.12034401566056,20.321249148619817,177.6460311560664,157.3247820074466,6.13426891586059,18.10379792308055,96.06687620314518,20.299374600125002,62.469887130255486,119.84470789075783,57.374820760502345,2.878718837704061,9.556410330710875,138.87912356499365,41.707401483625894,63.096446039058065,177.05707877819097,113.9606327391329,4.929660758075825,19.390776094717623,125.27411749313816,1.2181180515728043,123.07331007116994,127.20646181927329,4.133151748103344,0.3978645829550952,2.2071050378572323,165.86159179059075,1.730842080202354,163.11149914808104,169.3547015201229,6.24320237204185,0.3312256220655358,0.8374726303171371,86.43531491174207,5.8350905960666255,77.76765317048864,94.77593207693565,17.008278906447003,1.0916476745485932,7.757873953721273,104.72733389820877,3.7257373053714784,96.37586338541306,110.65169158740258,14.275828201989526,0.7815015227006183,1.981500388671975,-0.5827604545142532,0.18325870888935228,-0.7751518845780205,-0.27637653573202015,0.4987753488460004,0.022506477228030383,0.06264746731594151,-0.6587521048925266,0.28789211394780023,-0.9130610694623681,-0.10976703002371802,0.8032940394386501,0.03280319211212463,0.12100191466076327,0.0,0.0,0.0,0.0,0.0,0.0,0.0,7.082036687687588
shoulder_press_10,shoulder_press,98.75846347000115,34.341170393415425,58.63835127441866,142.25810570430636,83.6197544298877,3.4543470257729325,16.80946582964995,115.8957829335096,63.03585668687722,22.51738520247171,177.6460311560664,155.1286459535947,5.943222152108099,31.430201002198572,92.66363292848418,21.933271671362537,63.75854002666365,119.84470789075783,56.08616786409418,2.4240304802391295,8.107610538659017,131.57333907717145,44.273928926199,63.17556840870846,177.8515068759293,114.67593846722083,4.873560754924727,30.083526324741598,126.6944489479659,1.1217072216259163,124.85215992258472,128.66139493312846,3.8092350105437447,0.3323667286893917,1.107664441599809,166.05660409992882,2.00494282145018,163.11149914808104,169.53080631820572,6.419307170124682,0.358431794793448,1.5005869039397908,84.22299800881278,4.040151120710285,77.76765317048864,93.07402376315244,15.306370592663797,1.2702562475317913,7.757873953721273,102.13705670128743,3.234122568856741,96.37586338541306,108.52144213254849,12.145578747135431,1.1325033488193295,3.4782383928804137,-0.5650296979957765,0.1821281126257597,-0.7751518845780205,-0.3082320851857775,0.46691979939224304,0.01989472249549659,0.0516672051314746,-0.6234110378012353,0.2831222849867284,-0.9130610694623681,-0.18447295143238107,0.728588118029987,0.027862974086835322,0.07725796151410014,0.0,0.0,0.0,0.0,0.0,0.0,0.0,5.396750203594352
shoulder_press_10,shoulder_press,85.74630404896423,30.50687299459839,58.63835127441866,141.91721346510576,83.27886219068711,4.092175038529154,19.089335054544023,97.98282975567341,57.543710277680404,22.51738520247171,174.4758721426212,151.9584869401495,9.703948476912235,33.92345309497608,85.80755728461082,19.81186757211345,63.75854002666365,123.11020288904729,59.351662862383634,3.068732093217187,8.370067968463673,125.269266266883,45.033941555570046,63.17556840870846,177.8515068759293,114.67593846722083,8.43062207455048,33.142263617654166,127.81962210789305,0.9810138253757299,125.10878260930794,129.25124545897873,4.1424628496707925,0.36661748188553217,1.107664441599809,167.68879899547795,1.047809273548304,164.44222596233973,169.53080631820572,5.088580355865986,0.3704966767880335,1.5005869039397908,86.65304245933083,3.2113396434895765,79.33989686340614,94.62608686128597,15.28618999787983,1.7167376163488757,5.617236896080939,99.94412627686636,2.9369915366773958,96.62320675635168,106.39191876763671,9.768712011285032,1.124549217036359,3.8513151946390707,-0.5076876185056018,0.16101481950223479,-0.7664586134629054,-0.3082320851857775,0.45822652827712795,0.02618888940669698,0.07359389923976078,-0.5481334546875576,0.25363643877671044,-0.8937837378685815,-0.18447295143238107,0.7093107864362004,0.04285943708106127,0.13145333350082455,0.0,0.0,0.0,0.0,0.0,0.0,0.0,7.068933230050198
shoulder_press_10,shoulder_press,103.31828832793231,31.89803613286662,57.90729614137133,141.91721346510576,84.00991732373443,5.726469900941839,19.089335054544023,131.17954325712157,48.12645577645299,32.59091027601939,174.4758721426212,141.8849618666018,9.775891102656736,33.92345309497608,97.53413327472975,19.35255323653212,68.8235212488885,123.11020288904729,54.28668164015879,3.776020147695301,9.014255334114722,148.68476237288039,34.22112833252487,71.0701468533256,178.8965967092733,107.8264498559477,8.371138264493304,33.142263617654166,128.35560244954803,0.8539048689640539,126.07413337536055,129.64958410895022,3.575450733589676,0.34310224686051366,0.9729822177180125,166.94083201511563,0.9555433151684728,165.3231731630447,168.50294224973908,3.1797690866943924,0.2740087915126061,0.9556926085463715,86.65990205320468,4.973796581125629,79.33989686340614,94.62608686128597,15.28618999787983,2.562225773823422,11.633137005763643,99.16071652899444,2.0197123902025536,96.62320675635168,102.55542481450483,5.932218058153154,0.6440318696179744,2.8494125408451083,-0.6044646553774097,0.15138924633507295,-0.7664586134629054,-0.3264983782269999,0.43996023523590555,0.03009204027321776,0.09269872059994455,-0.7039109941093912,0.20271305665356606,-0.8937837378685815,-0.2649611667931605,0.6288225710754209,0.04362387936509255,0.13145333350082455,0.0,0.0,0.0,0.0,0.0,0.0,0.0,7.231716770422755
shoulder_press_10,shoulder_press,87.01548850619723,30.982266576202857,57.04175508412116,137.72046755429773,80.67871247017658,5.549346412865214,23.0084709699497,98.18575255989055,61.254476409110346,20.876647852689967,173.24655948394866,152.3699116312587,10.23922609005778,42.83364809567809,85.09320836610827,21.25164145448705,58.5486475962194,119.53202888618912,60.98338128996972,4.046031521780633,9.294345986066148,125.0661719025666,46.72941797912234,64.76228727105793,178.8965967092733,114.13430943821537,8.629542455520651,43.78106809817922,127.92160970047702,1.4574783942533829,124.91687171250622,129.93624706721107,5.019375354704849,0.47317803495672967,1.3651686834935504,167.26647024658894,1.6267206946957198,165.3231731630447,172.14689522557336,6.823722062528674,0.5054362694685127,2.2109955378345205,85.58182335201975,5.522212636851398,76.28913657087824,94.26944400076165,17.98030742988341,2.7965421052017247,11.633137005763643,101.83436196736263,2.8260082476147375,97.22359596142748,107.8255708029661,10.60197484153862,0.9560692932914163,4.216449372499639,-0.49046363006402705,0.1972750127725124,-0.7648169243823933,-0.2155533111138468,0.5492636132685466,0.036785206716825794,0.10286285325445044,-0.5436252485117755,0.29172927521078756,-0.9174169668156719,-0.1279655087709709,0.789451458044701,0.05324932402982399,0.1990084339800664,0.0,0.0,0.0,0.0,0.0,0.0,0.0,6.0162309446929605
shoulder_press_10,shoulder_press,108.97029191963387,40.54757433632257,57.04175508412116,154.5688138016998,97.52705871757865,5.513584007000993,23.0084709699497,120.30371851632732,65.25074455224248,20.876647852689967,177.44252616577316,156.5658783130832,6.74548713905668,42.83364809567809,99.53621902937579,28.417119025420785,58.5486475962194,132.11774001456453,73.56909241834512,4.085966615504552,14.027072018566002,136.02486115264017,45.24625936251223,64.76228727105793,179.34364448501498,114.58135721395705,5.072735379529286,43.78106809817922,126.78846391437773,1.4470971164449609,124.91687171250622,129.93624706721107,5.019375354704849,0.4758690525057177,2.223648282311757,166.65169840278475,2.1342664927343638,163.9691831949268,172.14689522557336,8.177712030646546,0.5974046739483577,2.2109955378345205,83.09106927621207,6.953213210449623,66.64340951600985,94.33917450038906,27.69576498437921,4.077655969444503,15.427072802991447,102.1931593918774,2.6251113270163557,97.22359596142748,107.8255708029661,10.60197484153862,1.104003803704387,4.216449372499639,-0.5790711704588855,0.22768279718628642,-0.7952349561524856,-0.2155533111138468,0.5796816450386388,0.02828166371411134,0.10286285325445044,-0.6431618668523418,0.31601203430333974,-0.9370500185949685,-0.1279655087709709,0.8090845098239976,0.03774470361534738,0.1990084339800664,0.0,0.0,0.0,0.0,0.0,0.0,0.0,3.4241408229921255
shoulder_press_10,shoulder_press,104.37666868469937,42.40267474249189,56.69612561504422,154.5688138016998,97.87268818665558,3.9064401820442227,19.532142774319667,111.86637081944522,68.44257225878056,13.787159259400582,177.44252616577316,163.6553669063726,6.005243784560362,30.106296815641727,96.66901445254565,29.241718532505917,59.803295442232134,132.11774001456453,72.3144445723324,2.894472745292495,14.027072018566002,128.9754634862587,49.47489158033085,54.436440738097275,179.34364448501498,124.9072037469177,5.05335905272991,31.146872524198955,126.16329069250813,0.816243153310864,124.32213343420486,127.9754180182128,3.653284584007949,0.4111528562785794,2.223648282311757,166.41323664989983,1.6341530838234262,163.9691831949268,168.88840335922254,4.919220164295723,0.34680771023500584,1.3193570873645228,80.19013445234107,6.378809711558172,66.64340951600985,94.33917450038906,27.69576498437921,3.4508289357526967,15.427072802991447,103.26390427731417,3.4312749471033603,98.47836269360965,111.55747653348888,13.079113839879227,0.9624568078926805,3.101925268172536,-0.565830077666137,0.21450006537261448,-0.7952349561524856,-0.2519565208992004,0.5432784352532852,0.020738351793897353,0.07366678634608059,-0.6087824359352557,0.31000882938430996,-0.9370500185949685,-0.13352896284648563,0.8035210557484829,0.030102052626710944,0.10413427711243206,0.0,0.0,0.0,0.0,0.0,0.0,0.0,3.45361924252995
shoulder_press_10,shoulder_press,79.96190266241122,27.583842264846375,56.69612561504422,145.7286008969097,89.03247528186549,4.362656155612088,16.43213149007606,83.90357663056191,62.80579233434068,13.787159259400582,175.86975826281775,162.08259900341716,10.088372885476467,38.08738486120971,78.57960562001226,17.922391332097558,59.803295442232134,119.10864036371382,59.305344921481684,3.0535616075095917,7.163581801963474,112.04214200514495,48.53562406607533,54.436440738097275,177.16723210623852,122.73079136814124,8.926465357782634,39.071903723543315,126.9476868088189,1.0987191150901574,124.32213343420486,128.8793297589785,4.557196324773656,0.3910034809320368,1.0460668970570026,166.015919090422,2.01635523146326,163.1325738506563,168.88840335922254,5.755829508566222,0.42164767724713964,1.8276282061270308,81.80777698850262,4.732253891901692,70.4686192689664,92.44625308649762,21.977633817531213,2.234156834544378,7.7350462873552885,105.45933352992701,3.267211480399738,99.2488784619191,111.6277480042002,12.378869542281095,1.2090787864393142,3.4413725582423638,-0.464358653556552,0.16976128610591296,-0.7855095251011616,-0.2519565208992004,0.5335530042019612,0.029978377649860936,0.07811233736606527,-0.48755473365081226,0.28171084298621046,-0.9216931225688838,-0.13352896284648563,0.7881641597223982,0.049289034343379765,0.13320006520360517,0.0,0.0,0.0,0.0,0.0,0.0,0.0,6.210469727669722
shoulder_press_11,shoulder_press,62.21485363203933,11.466808294637325,41.71728277251909,86.01813369569595,44.30085092317686,4.592069791367203,21.557425664680473,65.16384847935136,11.889375283234708,48.39814252107475,85.61529306381125,37.2171505427365,3.4002364765322413,8.792106535368276,105.48086450648977,11.604011610702534,88.07713271118277,126.07426689990855,37.99713418872578,2.944042116205176,5.2633948280466285,109.77372952371368,9.175795594849879,93.55419596651892,123.6817459992978,30.127550032778885,2.4442543522020643,6.08589961610771,86.18162527176511,1.3350358790301464,84.06139792077543,88.81765538187747,4.756257461102038,0.388530320397015,1.0004732554531444,81.24087420529143,2.3938211151522624,78.35686866052416,84.93192898882204,6.57506032829788,0.6609488282491224,2.4797369391637574,64.07623546303941,2.2818443529767323,60.158377756359556,67.8258228171144,7.667445060754844,0.5440614562938714,2.1815724346107004,70.84830710985511,1.4291115659212004,68.47716780904017,73.75039955955486,5.273231750514697,0.7128685655980639,1.7253300369673923,-0.5146695345558576,0.1896997856576721,-0.7939168947140701,-0.11918226672034005,0.6747346279937301,0.05441025407465052,0.2015811279627906,-0.5493764551315561,0.1761164959979031,-0.774424959612565,-0.24857463879587693,0.525850320816688,0.04411611789269682,0.13972945747348398,-1.5571673001960977e-16,1.458918055298099e-16,-3.0878077872387166e-16,0.0,3.0878077872387166e-16,1.2038382742770085e-16,3.0878077872387166e-16,5.801486963904615
shoulder_press_11,shoulder_press,60.73870513926889,12.255010502242698,39.59347211195686,86.01813369569595,46.424661583739095,4.001215675250883,11.444265398810103,66.48365407753383,12.027862665506618,49.75492241928507,85.61529306381125,35.86037064452618,3.0331950510848835,8.792106535368276,107.45067070887336,11.418323449738583,90.0108750621556,126.07426689990855,36.063391837752945,2.715880614646914,5.786143839157134,111.3482381979365,8.331394654892993,97.50472005956739,123.6817459992978,26.177025939730413,2.13363663841472,5.7187949360894095,86.68888965725634,0.9113510205202009,84.5468744536011,88.81765538187747,4.270780928276366,0.43490343596766345,1.1012914658383721,82.3249339659629,2.9755342670840115,78.2455394745183,88.72909085101858,10.483551376500287,0.7510997309862071,2.4797369391637574,61.40182179269027,1.6912234340083951,56.96812739659892,64.92658109898936,7.958453702390436,0.6706539086426746,2.8953619851876837,69.30930673151103,1.6692548072307565,66.45907495439448,73.0311905417734,6.572115587378917,0.6167261244124973,2.459070220131153,-0.5474865706166978,0.1878674163088589,-0.7939168947140701,-0.22907400197770844,0.5648428927363617,0.043665650843250615,0.08943869055129205,-0.5783901164025846,0.17941816815351022,-0.7781186004889309,-0.2836292996648181,0.4944893008241128,0.03962434244022372,0.13972945747348398,-4.644722106927901e-17,1.03870105113147e-16,-2.8579569266717897e-16,0.0,2.8579569266717897e-16,5.781414619074428e-17,2.8579569266717897e-16,4.804725761602147
shoulder_press_11,shoulder_press,62.11899584414812,13.007615822857428,39.59347211195686,86.88793071616331,47.294458604206454,3.8357595800893893,12.696339498325663,65.43051223456031,11.93991713991471,49.75492241928507,87.05584198844181,37.30091956915674,2.8135896541089287,5.943093760939007,106.02751995587687,11.917627786890897,90.0108750621556,124.74051375599748,34.72963869384188,2.48918915828964,5.786143839157134,108.7286160796586,9.416922098008625,93.64865856449921,123.57299483271728,29.92433626821807,2.0993493035538773,6.064163092285526,86.4458399536882,0.6838365294031402,83.63924333799898,87.35323600102807,3.7139926630290887,0.5038193362920944,1.8669394999115383,83.34738889069304,3.5276214814571336,78.2455394745183,88.72909085101858,10.483551376500287,0.6975275072345726,2.4782268605033693,62.56045599804254,2.7543779258017618,56.96812739659892,69.15412075774765,12.185993361148725,0.7851334062420502,2.964510808495106,69.0369907296949,1.6168760248955896,66.45907495439448,72.3171342257621,5.8580592713676225,0.45732810625771947,2.459070220131153,-0.5223704419459348,0.20830182649438064,-0.7909009239845386,-0.20808475025741646,0.5828161737271221,0.04294216179442432,0.1000376486554233,-0.5333673133465555,0.19487811758825682,-0.7968325751445028,-0.2715935238380851,0.5252390513064177,0.03864370375663219,0.09193168168960342,0.0,0.0,0.0,0.0,0.0,0.0,0.0,4.598514309982279
shoulder_press_11,shoulder_press,63.12198932885084,11.494728797602,49.06216961242254,86.88793071616331,37.825761103740774,3.286627102780192,12.696339498325663,66.19337791602695,10.106215078417769,54.878005681291285,87.05584198844181,32.17783630715053,2.5480847587522106,5.943093760939007,106.61232210885552,11.360677156099076,88.98379349842457,124.74051375599748,35.75672025757291,2.207167877436555,5.248649910440406,108.44792563620877,10.395815086389392,90.49002506269628,123.57299483271728,33.08296977002101,2.2136475852594426,6.116662090099126,85.5219053686438,1.1480873375639349,82.52950992925345,87.35323600102807,4.823726071774615,0.5730582194341604,1.8669394999115383,82.78285907112904,3.016316260251328,79.5944038434053,88.70463077129027,9.110226927884966,0.47574202524345544,1.7161954407415152,68.57754837347439,4.585475323636485,61.961971954569265,74.24435473438915,12.282382779819883,0.6316973642703122,2.964510808495106,71.14861175986604,1.8851238515602164,67.65888469398334,73.59096627751033,5.932081583526994,0.3959711801712087,1.318887897397616,-0.5364044537809475,0.1980050431228677,-0.7909009239845386,-0.20694218411886922,0.5839587398656694,0.03860503779928013,0.10125292491768134,-0.5364771844119127,0.18685011941667287,-0.7968325751445028,-0.24477315728359428,0.5520594178609085,0.03581511365559402,0.13490537844342143,-9.027790089562633e-17,1.3803520383611573e-16,-3.157196726277789e-16,0.0,3.157196726277789e-16,1.0420304466039993e-16,3.157196726277789e-16,4.938926786652506
shoulder_press_11,shoulder_press,62.6971425083608,10.027048778862577,44.62894678949544,82.39250450419092,37.76355771469549,2.8533236077631576,8.422203446019537,67.29553953214092,9.346897032374418,54.85635071216124,83.45689646627739,28.600545754116148,2.2800877913388424,8.15738518756418,108.22187617859291,10.262398371556202,88.98379349842457,121.65371353879196,32.66992004036739,2.013321323345615,4.928493391120497,111.34878075484629,9.975423840165421,90.49002506269628,124.52587423883499,34.03584917613871,1.8496934386513013,6.116662090099126,85.6596762772298,1.1649700581566769,82.52950992925345,87.79045383493234,5.260943905678886,0.37271481051363875,0.9567729923683146,82.26714072017441,1.934751375727114,79.5944038434053,85.91150804773963,6.317104204334328,0.45938128764055264,1.7636345388306154,69.84085218434844,3.4328210758236564,63.4804967087354,74.24435473438915,10.763858025653747,0.7311281187597729,2.3767783414461263,72.05524392986906,1.2397632028166474,70.01476892366898,73.59096627751033,3.5761973538413514,0.37605960624169704,1.4993493176573338,-0.5738333196807591,0.18186326902438324,-0.7715112303579705,-0.20694218411886922,0.5645690462391013,0.03257628249726855,0.10125292491768134,-0.5889044401004597,0.17252132302375506,-0.7829672967569202,-0.24477315728359428,0.538194139473326,0.03071105112301382,0.13490537844342143,-1.4776952809529102e-16,1.4801132379870954e-16,-3.157196726277789e-16,0.0,3.157196726277789e-16,1.230681624616477e-16,3.157196726277789e-16,4.639045638229302
shoulder_press_11,shoulder_press,58.86490522139487,13.353620007669823,40.99964770293425,82.39250450419092,41.39285680125668,3.5520055730885316,16.16605479416434,65.26822718193729,10.477324857237425,54.425372235465666,83.45689646627739,29.03152423081172,2.0244646240418223,8.15738518756418,102.5847887189572,13.375810586537193,83.89969817367786,121.65371353879196,37.7540153651141,2.1154739818945805,4.505528649451506,109.06367518260365,9.898736509171881,94.78148862186396,124.52587423883499,29.74438561697103,1.7295511244402575,4.388780206856879,87.56407157149157,1.179956080032236,85.68076596142772,89.42542993018624,3.744663968758516,0.3566247154192836,1.0646359357879476,81.18305268468232,2.9294747314171197,76.46378142081535,85.91150804773963,9.447726626924279,0.6135701339082849,1.7636345388306154,67.59028942301482,2.382301505343197,63.4804967087354,73.92816598398642,10.447669275251016,0.9173535668771026,2.3767783414461263,71.53773027503054,1.7084555413147038,69.66062716239726,76.7916434443213,7.131016281924033,0.538059176172753,3.020151737469817,-0.491833824999249,0.21072055455673255,-0.7715112303579705,-0.20405531076135885,0.5674559195966117,0.03131263030768592,0.0734002442305367,-0.5313682829004325,0.1857032215150978,-0.7829672967569202,-0.27637825304102126,0.506589043715899,0.027884424290925993,0.09137955181064994,-1.0936200494817093e-16,1.4397692790122307e-16,-3.172375556692586e-16,0.0,3.172375556692586e-16,1.156028229770056e-16,3.172375556692586e-16,3.8841795074655296
shoulder_press_11,shoulder_press,50.60484242701588,6.653035486906212,40.99964770293425,63.85733104253995,22.8576833396057,2.056149555917951,16.16605479416434,57.89473882529002,2.070733215005623,54.425372235465666,61.82393960492399,7.398567369458327,0.9497716285734789,3.1354190215451823,97.18387298529915,7.419003372670537,83.89969817367786,107.6100645335238,23.710366359845935,1.1976701389296458,4.16244646791921,106.57825777984273,6.803348486385129,94.78148862186396,116.00403778861029,21.222549166746333,1.074908233195719,2.7572735818910274,88.48389088256735,0.5886976247328699,87.13726414358298,89.42542993018624,2.2881657866032583,0.33893871785010066,1.0646359357879476,79.7718804802725,1.5232001679316787,76.46378142081535,81.95392540168473,5.490143980869377,0.3984398954376253,0.9291569763678069,72.09423183140021,4.312575367803138,64.95220548970865,77.84531734956556,12.893111859856916,0.5795399508316229,1.6458080249889804,73.79138848096947,2.6756316152675477,69.66062716239726,77.4096161555604,7.748988993163138,0.5850805695682634,3.020151737469817,-0.4163323088454543,0.12829216659976705,-0.6162934470170189,-0.20405531076135885,0.4122381362556601,0.019759168854220112,0.07153318875302184,-0.4654881447903232,0.11533252298801093,-0.6547350045745649,-0.27637825304102126,0.37835675153354364,0.01782155934768098,0.0562029860877602,-1.0049323117723949e-16,1.42259324540681e-16,-3.172375556692586e-16,0.0,3.172375556692586e-16,1.2614575444738187e-16,3.172375556692586e-16,2.7752376239955447
shoulder_press_11,shoulder_press,60.5071179899958,13.023200694719273,45.495781913430314,96.01014866887115,50.51436675544084,1.7740381150237727,6.669013600950635,67.78902337475685,11.569852131080312,54.817949604120095,99.08401579553791,44.26606619141781,1.6321162284556547,10.339928572744256,109.42458375485786,7.052880725691503,101.11127813694334,123.13359696030352,22.02231882336018,0.7830939943408629,3.2807616466950975,116.81130882373083,5.78358166811366,108.37563894191501,129.85963652403876,21.48399758212375,0.7818869671027024,2.13921838345253,88.14044810881202,0.8062783899387415,86.13027606350592,89.34227131992473,3.211995256418817,0.3804180134770204,1.110555612376217,81.80668730553785,0.9567110478378599,80.3489711588685,84.11362549437854,3.764654335510045,0.2521430385457741,0.7704353112877556,74.10803116817833,4.035033537545379,63.78248298508195,77.84531734956556,14.062834364483614,0.5983181728031574,3.9068703896481765,75.87495395418445,1.0221755683985938,73.90652866168767,77.4096161555604,3.5030874938727266,0.3984771009055232,1.907133804091913,-0.625114307510735,0.11153216891740873,-0.8088987938920345,-0.4716910095251491,0.33720778436688537,0.012740847760089925,0.036821597067306144,-0.6552720862960223,0.10178142732476918,-0.818673085419104,-0.5040406894346686,0.3146323959844354,0.012637358837954245,0.030628637028437877,-7.610376449399917e-17,1.2628064450149127e-16,-2.970713952610282e-16,0.0,2.970713952610282e-16,6.00031129907107e-17,2.970713952610282e-16,3.0509810692828516
shoulder_press_11,shoulder_press,74.1216119829841,17.804665052418766,45.9957221803666,103.54975896550421,57.55403678513761,3.657983560344538,8.858786768203913,83.22848941570712,15.94025295813974,60.14752300984473,114.16929335993308,54.021770350088346,3.6328344334611935,10.339928572744256,115.21948095532615,7.866030953335087,97.24587352110171,125.8674166191686,28.62154309806688,1.6222648992588184,4.025575155761459,121.32945329568612,8.168776954542587,103.73461004565667,135.10041522208996,31.365805176433298,1.7222897614726178,5.141188745981339,87.41033690710377,1.1624800258183872,85.859311904055,89.34227131992473,3.482959415869729,0.3952245724810459,1.110555612376217,83.25007300326082,0.8813734240664659,81.93389344072122,84.79288267465776,2.8589892339365406,0.24181484763132807,0.694532386024008,69.28798993764673,4.749028458425929,63.78248298508195,77.56850341565146,13.786020430569515,0.6692902433931371,3.9068703896481765,74.93764784998594,1.533856863155707,71.9975346762959,76.88014073748292,4.882606061187019,0.41011653060237235,1.907133804091913,-0.7072213657821802,0.11313057904592867,-0.8346707241399282,-0.4004316393517273,0.43423908478820084,0.02348759085548813,0.09615449526454911,-0.7272698424385892,0.0853564610758817,-0.8233398414114935,-0.47825005514616437,0.34508978626532916,0.01912446041155827,0.07535417164108071,-9.231563629126758e-17,1.3061677849135975e-16,-2.9566193243679706e-16,0.0,2.9566193243679706e-16,7.785389423360513e-17,2.9566193243679706e-16,6.196158487837053
shoulder_press_12,shoulder_press,131.4021709237278,46.47894128013683,40.659545135847594,171.98063047085182,131.32108533500423,8.236857691077622,106.15244664455415,132.714407128226,34.80803761947814,55.93808250305026,173.05156414075705,117.1134816377068,7.682575335477558,115.7705761603414,137.70118333090147,49.39500161578974,17.210862681872765,177.64349034802143,160.43262766614868,5.56274219739423,33.44926396223252,129.89943788762722,40.48418500515259,15.477639262432707,161.89901053691577,146.42137127448305,5.155361572176919,39.370317200369385,175.62365008729765,12.382063006114764,109.00367492144933,178.93782203011088,69.93414710866155,2.496189232768613,67.81146709364093,177.73341995378027,2.716301575455913,163.48414565610162,179.29514813399047,15.811002477888849,0.7831372290903436,14.98791037021931,177.59984873293936,8.090609646811336,134.13366960018067,179.98684182852503,45.85317222834436,1.7263615805674752,44.591259956832346,177.67970873727373,4.329137032126722,155.1175467162354,179.95722480131198,24.83967808507657,1.1729138319951549,23.051563512364567,-0.7343320591194806,0.38544487813236783,-0.9732140666941772,1.0794986856061914,2.0527127523003688,0.07706793328980677,1.4697207966024757,-0.6413978774224526,0.4547715315232375,-0.8736698917424341,1.686719294320256,2.5603891860626904,0.09659388550640749,2.0899161845846788,-1.5612511283791264e-18,1.061820824606766e-16,-2.1250362580715887e-16,2.8449465006019636e-16,4.969982758673552e-16,6.905993975914565e-17,2.8449465006019636e-16,4.311256387371619
shoulder_press_12,shoulder_press,147.94461034920042,32.99785292988336,56.597481157636544,171.98063047085182,115.38314931321528,4.579737306148872,14.780355128528427,144.88261654698624,20.134214719189373,93.4552964710485,161.32502847048627,67.86973199943778,2.81393832430308,8.459387313217135,158.10481607825176,29.74199506541225,72.3673324645301,177.64349034802143,105.27615788349134,4.018064748624879,15.439215105994052,147.47857892841228,18.517913413064242,98.39683069362417,161.89901053691577,63.5021798432916,2.548690129677359,8.631665036634743,178.3433054745308,0.26134629014723687,177.87005209138343,178.93782203011088,1.0677699387274515,0.16092398420453422,0.5799580098838817,178.7275318399571,0.9184043999085724,176.78640462232474,179.85270527788194,3.0663006555571997,0.23075528930805322,0.6607882138266632,178.80583379242867,0.38200879769795376,178.4407184517624,179.98684182852503,1.5461233767626368,0.14047712148543065,0.7266096378016869,179.30927379997036,0.4668077564038999,178.14785612054246,179.95722480131198,1.8093686807695235,0.2200113703138962,0.7706705301131649,-0.810114382656861,0.16131090256945552,-0.9732140666941772,-0.45639494885095844,0.5168191178432188,0.02181673542635103,0.08486556859490069,-0.7488777688407598,0.09859757248975978,-0.8736698917424341,-0.533382635601581,0.3402872561408532,0.017832935771909947,0.045932688570174296,-6.736509498376601e-18,7.14826353451888e-17,-1.8735013540549517e-16,1.691355389077387e-16,3.5648567431323386e-16,5.4135336060655533e-17,1.8735013540549517e-16,18.560261623236382
shoulder_press_12,shoulder_press,81.41447356651221,54.093013840389865,27.85512523077147,170.13045499929137,142.2753297685199,4.932954898949095,14.780355128528427,94.76855248662193,41.389969823605185,44.61983816355479,159.2290705260587,114.60923236250392,3.997710856066043,8.53464415348084,93.44928609734686,54.01206236388367,34.11696437794675,176.67407740707327,142.55711302912653,4.915762518245743,15.439215105994052,96.33752195741006,43.837513140436876,37.95748149473808,160.28798079447984,122.33049929974175,4.218293079301439,9.338894075936366,177.66844127309392,0.9003187001100803,175.3799923307364,178.85400395443781,3.474011623701415,0.22432169278297429,0.8505749813768091,179.4374360073361,0.29634966919466477,178.94350639138588,179.85270527788194,0.909198886496057,0.17129310824739424,0.5673498671340553,178.6650351781864,0.27966704967753314,178.06265872625167,179.21469583236313,1.1520371061114645,0.14139348952754116,0.49228643697051666,179.39864171623458,0.5194901772761393,178.25019103167736,179.9957174092632,1.7455263775858327,0.1840994674197614,0.5573046129043746,-0.46771916722718443,0.271020898983525,-0.9176846049243668,-0.11095168244846987,0.8067329224758969,0.02809904868746884,0.08486556859490069,-0.4989319936474034,0.20965082758467005,-0.8287611066003049,-0.1940185156538643,0.6347425909464406,0.023086557320920197,0.05077803829224825,1.3097162243624893e-17,8.359055969576952e-17,-1.8821749714348357e-16,2.1163626406917047e-16,3.9985376121265404e-16,7.794292031716481e-17,2.1163626406917047e-16,25.05134794725324
shoulder_press_12,shoulder_press,44.80560227732755,24.591207715621596,27.819880160849817,121.87082425221743,94.05094409136761,4.056379359374471,15.210607313969803,65.87302778482905,23.501979640966688,44.61983816355479,120.99820132379715,76.37836316024236,4.192925711815741,10.663243205659512,56.76182212704029,27.252644210326284,33.95536638513659,137.6286054927131,103.6732391075765,4.676939042268172,16.150838162402465,65.67388423003675,27.95926482519057,37.87987842146993,130.42488100271208,92.54500258124216,5.053223835925141,11.9598947169183,176.79839143410763,0.9004438126802555,175.22570081661104,178.1231443068065,2.8974434901954567,0.23556877339421456,0.8505749813768091,179.46346842841896,0.39638409789883966,178.53526910125348,179.9857189253749,1.4504498241214208,0.19257921086458038,0.637035619491968,179.0884559885051,0.5548992376515363,178.06265872625167,179.88633517519457,1.823676448942905,0.1508960591857613,0.419021262261424,178.72430654012337,0.9791737941399082,176.94466415473443,179.9957174092632,3.0510532545287674,0.20915148465526506,0.9742009738381228,-0.30484385444883605,0.18127824542122764,-0.7318930744410631,-0.11095168244846987,0.6209413919925932,0.03262231272632577,0.08001319397722251,-0.36110970297949313,0.15007195010405094,-0.7008648626124956,-0.19193817448578376,0.5089266881267118,0.02852091650499641,0.07369407292753083,1.474514954580286e-18,1.0475229608813239e-16,-2.0990154059319366e-16,2.1510571102112408e-16,4.2500725161431774e-16,1.1179993712416043e-16,3.885780586188048e-16,22.81092356959745
shoulder_press_12,shoulder_press,106.16957214442388,56.05546087973233,27.819880160849817,168.1052557171084,140.2853755562586,4.871665113017871,15.210607313969803,110.55754363577189,42.03292477825351,44.95319810542775,157.5569924285949,112.60379432316714,3.941707236261302,10.663243205659512,117.4061499334471,55.51113693271633,33.95536638513659,175.69824318709146,141.74287680195488,4.920689299474183,16.150838162402465,112.85448176252575,45.2640344311434,37.87987842146993,158.3432810314546,120.46340260998468,4.17487088920775,11.9598947169183,177.42538414154276,1.0950886426804916,175.22570081661104,178.88755737233564,3.6618565557245972,0.17006832453970955,0.6389452113276093,179.1358946459854,0.5329778371408999,178.3615737254916,179.9857189253749,1.6241451998832872,0.14688997741448234,0.637035619491968,179.46003540334948,0.4048831169725561,178.50821435417635,179.9898819905698,1.4816676363934675,0.16529787684656827,0.6119391565244428,178.21540687189787,0.7392083471861882,176.94466415473443,179.4021226770602,2.4574585223257657,0.19868109035337414,0.9742009738381228,-0.6338203367587014,0.3026508188758891,-0.9550069582202491,-0.11763398537006631,0.8373729728501828,0.03253599039109536,0.08001319397722251,-0.6058176672440148,0.2363522144269952,-0.8568175437642407,-0.19193817448578376,0.6648793692784569,0.02463469015688207,0.07369407292753083,-6.447388919047133e-18,9.43695107078198e-17,-2.0990154059319366e-16,2.1510571102112408e-16,4.2500725161431774e-16,8.820171604578628e-17,3.885780586188048e-16,26.300414662583716
shoulder_press_12,shoulder_press,151.38241451112597,21.517941259370325,87.1263657483265,168.30764062003536,81.18127487170885,4.186595020532317,17.21863021757423,144.88363483879908,12.77906666971984,110.88178952764504,157.5569924285949,46.675202900949856,2.7758616384702495,8.859722587976222,161.36289248844926,19.64084603076236,100.00705517108365,175.69824318709146,75.69118801600781,3.7413014080413727,17.50120368096283,149.0312156162048,10.854851533929208,117.36770551254587,158.3432810314546,40.97557551890874,2.3013574751412182,7.860534606589638,178.23155471894628,0.35257696815659784,177.70547684923324,178.88755737233564,1.1820805231023996,0.13224979555061783,0.30773357606898344,178.97895370775004,0.42566783292415306,178.3615737254916,179.98414449996116,1.6225707744695512,0.09387716494938818,0.37197926600825326,179.3298078066909,0.49213226732122517,178.50821435417635,179.9898819905698,1.4816676363934675,0.18659575437764936,0.6119391565244428,178.8074998181029,0.6084406174645841,177.53526186610426,179.6148843155992,2.0796224494949342,0.14272548596363974,0.6832413194076139,-0.8283127059473606,0.124435836965162,-0.9550069582202491,-0.5236813146415642,0.43132564357868486,0.02515808329395031,0.07182305680173962,-0.7679154440704441,0.07392816900238658,-0.8568175437642407,-0.5958948352316824,0.2609227085325583,0.015594805329733391,0.03918609506288728,1.1680471404910501e-17,7.69973429186547e-17,-1.8041124150158794e-16,1.7867651802561113e-16,3.5908775952719907e-16,7.202093327848536e-17,1.8041124150158794e-16,23.41373241012807
shoulder_press_12,shoulder_press,94.00250569613465,56.00206715321264,26.840819390878966,168.30764062003536,141.46682122915638,4.899102909781144,17.21863021757423,106.66347202189246,40.00295070202222,45.817511262276305,155.73227499049554,109.91476372821924,3.79796649044384,9.91881927336648,105.42500544944528,54.50817345144622,34.89002887719697,175.4848765169306,140.59484763973364,4.854644001876663,17.50120368096283,109.50018469624389,41.704559173341075,41.93361862177697,157.67178743856024,115.73816881678327,3.9915273795539745,10.849192035730795,177.73929678987042,0.9642100608041599,174.7611921373642,178.82628975065313,4.065097613288941,0.22825717148738778,1.6043499584689869,179.40908666985328,0.38836143976911885,178.79566109526337,179.98414449996116,1.1884834046977915,0.13894190917403354,0.598587443515072,179.0454035201655,0.4784748814145435,178.4017975156013,179.9453485754891,1.5435510598878182,0.1953533930933398,1.0360045380511735,179.2901201579277,0.4073238326709179,178.29168715276364,179.98368494454837,1.691997791784729,0.17807238506562117,0.8575932385628562,-0.5389340798205607,0.2602407761339205,-0.9307870863077436,-0.11331703441555496,0.8174700518921887,0.02818862247904099,0.08113301033819986,-0.5663256994074654,0.19326709339015163,-0.8416060267737664,-0.21213687797758807,0.6294691487961783,0.021897114657070248,0.054076815384854315,2.4734265561635974e-17,9.396230786749372e-17,-2.1163626406917047e-16,2.0990154059319366e-16,4.215378046623641e-16,1.0333568292241153e-16,4.215378046623641e-16,23.68708067617028
shoulder_press_12,shoulder_press,38.77780072543117,15.24161624211179,26.313481304410313,77.23076445416122,50.9172831497509,3.5329364131523944,14.256801948673228,63.67947756173997,19.409576067031647,44.63399119726074,103.78183134276202,59.14784014550128,3.8254196008953745,11.19903807044836,49.514389216868416,18.05677445690426,31.803603924887152,91.14703413459719,59.343430209710036,4.08725625860313,15.073861244717122,62.93184830898931,23.391137928197413,38.363599035642885,109.40343123423352,71.03983219859063,4.596001484831823,14.099091040560388,176.59220870644998,1.3013463272917818,174.51481593834936,178.81600034260194,4.301184404252581,0.3174216722023269,1.6043499584689869,179.5219247483549,0.27614638084000226,178.8687283501345,179.97087216229284,1.1021438121583458,0.20717556619712732,1.1021438121583458,179.07409799657412,0.4156484640141535,178.4017975156013,179.7404582575005,1.3386607418992185,0.16641811021000505,1.0360045380511735,179.23201012340135,0.6366615196048251,177.45542966916193,179.98368494454837,2.5282552753864422,0.23717536588553254,0.861085842974461,-0.2751408346051091,0.14706505360828948,-0.5279326093444502,-0.10510884493097894,0.42282376441347125,0.02851025724833756,0.08113301033819986,-0.3477380955596398,0.13212442028174065,-0.5708859071755612,-0.1831671208926231,0.3877187862829381,0.0258821706061342,0.09228502546659989,5.7390434996899364e-18,8.395757588619247e-17,-2.1684043449710089e-16,2.0990154059319366e-16,4.2674197509029455e-16,7.097411738780971e-17,4.215378046623641e-16,17.28266993729905
shoulder_press_12,shoulder_press,87.91443824863406,56.461044365386364,26.313481304410313,163.0469690387016,136.7334877342913,4.793352384382002,14.256801948673228,95.20612308805113,41.57260817128751,44.63399119726074,151.92231872297899,107.28832752571824,3.766880112498906,11.19903807044836,98.01691149817692,57.748971779816486,31.803603924887152,171.3480104221299,139.54440649724276,4.8656135773608,15.073861244717122,97.21449559584616,46.767744397712676,38.363599035642885,155.31485997048827,116.95126093484538,4.1475192020580645,14.099091040560388,176.9979268380766,1.3395403055492323,174.51481593834936,178.76665597087242,4.251840032523063,0.225679107649311,1.259062850217191,178.9802873637869,0.6355524386829114,177.8017233367588,179.97087216229284,2.169148825534023,0.22424098962930777,1.1021438121583458,179.5161424736519,0.3242157815552231,179.00859314459402,179.99874397795804,0.9901508333640265,0.12364271575270597,0.39796356347360984,178.55930081494168,0.7686751602802409,177.45542966916193,179.86813758619058,2.412707917028655,0.16737333262611973,0.861085842974461,-0.5240569207910389,0.31772258139959664,-0.9244094131751956,-0.10510884493097894,0.8193005682442167,0.029648558287202434,0.07912985392692695,-0.515358085670612,0.24244319244403317,-0.8120662938978433,-0.1831671208926231,0.6288991730052202,0.023767997943473805,0.09228502546659989,5.5222030651928356e-18,7.893356649898508e-17,-2.1684043449710089e-16,1.9255430583342559e-16,4.0939474033052647e-16,6.669712674876345e-17,2.1684043449710089e-16,23.71778645068887
shoulder_press_12,shoulder_press,145.88746003929847,22.21679339860097,86.21827124413171,163.9747321244366,77.75646088030489,4.718658789381521,13.192655496931962,138.0032738298659,14.124117479649287,104.78048302227621,152.133377085364,47.35289406308779,2.832929388314398,6.949669541068843,156.43955526506446,20.125082781512774,101.33660193366497,172.26717222805925,70.93057029439429,4.337156050407274,12.78746386741085,144.13745892668558,12.368382125308301,110.7766130689451,155.57931345827896,44.802700389333864,2.5994577399155956,8.450510857776777,178.6689544974772,0.6499508901688377,177.30141408035982,179.5395564537291,2.2381423733692714,0.11734161183742756,0.5028072883821721,178.4482742171996,0.40220148140697204,177.8017233367588,179.4270754193575,1.6253520825986811,0.18272720176071386,0.8727895832499826,179.40667313642552,0.37985022152734255,178.6519972450148,179.99874397795804,1.3467467329432452,0.11812219247642902,0.3086231738470815,178.6694752206528,0.7728575566020027,177.65391212104913,179.83089206643305,2.17697994538392,0.13907832096895614,0.36775775376742104,-0.8003989458941554,0.10163590455359602,-0.9244094131751956,-0.575282697522233,0.3491267156529626,0.023913964922130503,0.0629216710729934,-0.7344407624124154,0.06045837859888295,-0.8120662938978433,-0.5888520252457843,0.22321426865205907,0.015220982551682227,0.03529005214457426,9.97465998686664e-19,1.0381702554716939e-16,-1.8388068845354155e-16,1.9255430583342559e-16,3.7643499428696714e-16,1.056087688564501e-16,3.5214886562329184e-16,25.998563468193826
shoulder_press_12,shoulder_press,101.5139909220002,52.95790929040566,32.425592580723645,163.9747321244366,131.54913954371295,4.554562152329596,13.192655496931962,110.54390524162456,35.56888688906994,50.72649125004547,152.133377085364,101.40688583531853,3.5275398272720606,7.61379139795595,113.32034744460698,50.86244616170509,43.963670246181245,172.26717222805925,128.30350198187801,4.430385874407261,12.76811542172591,114.68759765743008,37.04517220279751,49.05513178206893,155.57931345827896,106.52418167621002,3.6992033163531,9.300586699501693,178.6471215512397,0.8334543475286501,176.9978735341717,179.5395564537291,2.5416829195573882,0.1305338589853179,0.42594885387629233,178.83178171833558,0.5330776956881772,177.859942545133,179.94555873009563,2.0856161849626176,0.1822910247739281,0.751333309865089,178.76667004064103,0.4549783048847201,177.89268896773143,179.47552664382167,1.5828376760902358,0.139821155165022,0.7049519089861747,179.41758580463863,0.3705540044343552,178.3342443639009,179.83089206643305,1.496647702532158,0.1640180864626904,0.6190966221779775,-0.5828257516627645,0.2273930369691697,-0.894788004560436,-0.2118100964754991,0.6829779080849369,0.02430397772613075,0.09005950105953153,-0.5905522903368954,0.16176521344463343,-0.7976573237764191,-0.3030587216732086,0.4945986021032105,0.017371252465680248,0.05492148682345732,-6.1438123107511915e-18,9.656779374760084e-17,-1.8735013540549517e-16,1.7867651802561113e-16,3.660266534311063e-16,8.521081350099868e-17,3.5214886562329184e-16,26.289337263115705
shoulder_press_12,shoulder_press,37.51245170853216,19.836461211468524,14.734805472872083,95.217767738055,80.48296226518292,2.8519422537578074,11.143235702686582,61.57151496036479,21.853315315303238,41.97388864998359,111.78268075234122,69.80879210235763,2.4639559705143883,7.61379139795595,48.023004325292526,23.140147462459637,21.87016652968482,108.85775124920686,86.98758471952203,3.01829118735864,10.823928258823415,59.56792303626911,27.1116951903125,30.513061469414122,118.48376212771748,87.97070065830336,3.059065308256034,9.300586699501693,177.12294979175167,1.14911969758236,175.35629694330495,179.4776224176282,4.121325474323243,0.20015232513696998,0.672181016842103,179.26764585824654,0.3060793823239583,178.53451323007795,179.94555873009563,1.4110455000176785,0.17467184073630462,0.751333309865089,178.5840233722496,0.3179257456240552,177.89268896773143,179.09363638829865,1.2009474205672177,0.14738375464742737,0.7049519089861747,179.52683699160102,0.19031745095028846,179.09714924588872,179.9132848625237,0.8161356166349947,0.1504815586041461,0.6190966221779775,-0.23075552017469178,0.16924215051452454,-0.5395854066087259,0.015236495499182268,0.5548219021079082,0.01966872423872753,0.09005950105953153,-0.3053796414767237,0.16292377580407033,-0.5952634522139881,-0.10037455375157434,0.4948888984624138,0.01726279306441559,0.05492148682345732,1.8735013540549518e-17,7.426480665576004e-17,-1.8735013540549517e-16,2.0469737016526324e-16,3.920475055707584e-16,5.2400612584678726e-17,2.0469737016526324e-16,16.936870686173364
shoulder_press_13,shoulder_press,76.98051299383428,65.90832878263497,16.92151658629328,170.67856249359346,153.75704590730018,11.025663413002732,84.74188878841677,81.07509256584484,44.7421969395604,26.01293537230267,144.35705763303713,118.34412226073445,7.877052747345823,25.571498573748528,65.88724268254845,60.75380813112257,2.0506312503213984,153.69535792462887,151.64472667430746,11.414759449591731,84.64185707214108,72.4037708273733,56.34525436013498,1.1763373956705139,146.75932521907927,145.58298782340876,8.227520137453714,26.722244914599685,172.91892270880257,3.512615247253882,163.4393610047793,178.2757580765754,14.836397071796114,1.4180104149862172,4.974865847408665,153.6676383078733,23.222950807885802,124.50782882974647,179.3247196839654,54.81689085421894,3.0403271158715186,28.93665187171426,171.71435037989852,6.028683716390729,160.52035175016835,179.88637827795745,19.366026527789103,1.5635717562481777,8.707744108755975,145.3555947358307,31.164326957130292,108.85361296081835,179.77936231969076,70.92574935887241,3.8770030445076777,35.43055290518451,-0.30070507971078114,0.4993518528443307,-0.9019450302832727,0.4128016203764897,1.3147466506597625,0.06955622183325336,0.22133989375124496,-0.2684142980551376,0.3969656727854295,-0.7304963035999203,0.3020152085894594,1.0325115121893798,0.05250121144220809,0.161784430197633,-1.2663481374630691e-17,1.0359766081073352e-16,-2.2898349882893854e-16,2.3245294578089215e-16,4.614364446098307e-16,1.128168439893882e-16,4.614364446098307e-16,3.893861714917411
shoulder_press_13,shoulder_press,71.43947938695108,69.61950734146836,11.759534666128745,170.67856249359346,158.9190278274647,7.401287381387147,84.74188878841677,72.06011613427034,51.73304332842192,18.34882146803994,144.35705763303713,126.00823616499719,6.112871111341419,23.766253710381733,60.61941560852857,64.39847957283556,0.566180754736562,153.69535792462887,153.1291771698923,7.690119423436294,84.64185707214108,70.48065326469934,55.59779177354479,9.228036416509285,146.75932521907927,137.53128880256997,6.4589487192103645,24.13021579746831,173.42610662996736,2.300087058809207,170.51328409969946,178.2757580765754,7.7624739768759525,0.9290865776456956,4.394373423571977,177.80918764474714,4.099908742046553,162.36544967626952,179.97419787991717,17.60874820364765,1.041824861043811,13.808272676002645,177.4706887856191,1.9082711282781213,171.17863416920147,179.88637827795745,8.707744108755975,0.8115117132736139,8.707744108755975,177.2441093015487,5.379098607427755,157.20400054449658,179.967297124579,22.763296580082425,1.5037418047898923,20.343508619438893,-0.2546249706703463,0.49802573582362314,-0.9019450302832727,0.3148637077656695,1.2168087380489423,0.05337854435051224,0.1747065577457484,-0.27026860255064755,0.36371434315668427,-0.7304963035999203,0.18451779011689673,0.9150140937168171,0.04282715708254966,0.12170377778840957,-1.6826817716975028e-17,1.147622832063129e-16,-2.5673907444456745e-16,2.6020852139652106e-16,5.169475958410885e-16,1.2920698993482425e-16,4.614364446098307e-16,6.454074193246059
shoulder_press_13,shoulder_press,59.6331486156921,72.0114528108593,8.995344751444696,179.81804430546242,170.82269955401773,6.583911843114802,86.19467046827795,61.40425869659136,51.840704021518825,18.34882146803994,154.3652014927472,136.01638002470725,6.749796988328637,32.12687543731079,53.553610807806784,68.86644013384604,0.566180754736562,169.3017500390682,168.73556928433163,7.1342746489435,87.25000363740207,59.91856245652528,56.177820643395776,9.228036416509285,156.10219600998653,146.87415959347723,7.354884932600995,34.248072828334784,172.59770775538948,1.557286416361772,170.51328409969946,175.32984410511807,4.816560005418609,0.5164675655650297,2.7190009348595083,179.1788738998469,0.6598566996902716,177.4288304083574,179.97419787991717,2.545367471559757,0.33985937130617866,1.296386800185104,178.45166072504162,0.9032585689847431,176.74829762438773,179.90071252833496,3.152414903947232,0.3894835293184983,1.3356839489784704,179.3436958412489,0.48032716358777444,178.38371031407038,179.967297124579,1.5835868105086206,0.2979961456609993,1.1583543013085205,-0.1720424732352154,0.4901227749030668,-0.9622727095792978,0.3148637077656695,1.2771364173449673,0.06965019438113114,0.2605562555620571,-0.21216937255928323,0.37247419155769285,-0.8066213825347591,0.18451779011689673,0.9911391726516559,0.055815265663116204,0.1770710530433005,3.816391647148976e-18,8.894739998708083e-17,-2.5673907444456745e-16,2.6020852139652106e-16,5.169475958410885e-16,8.153200337090993e-17,2.6020852139652106e-16,18.022249807334386
shoulder_press_14,shoulder_press,139.76094049755,51.00589678429589,29.54758395513277,178.48232488149083,148.93474092635805,7.852013017270306,24.615196566315774,140.2758595809533,52.50470076716287,26.465726634489346,179.7479332011271,153.28220656663774,8.358233587950666,31.029731069444736,141.19241356909293,43.80024327699972,42.628295680336734,172.51208545227723,129.88378977194049,6.494953635756501,25.328284221438963,139.14474324868797,45.745010695647935,34.69619961674978,170.72702475868172,136.03082514193193,7.134232775510709,30.930420141979525,178.53727784350673,1.4885976585603415,173.95701988019667,179.90086351402883,5.943843633832159,0.5378935261645519,3.7558856161178085,173.8892378809762,0.6702375846583811,172.59993511192417,175.60089496188434,3.000959849960168,0.3385195747244605,1.6502685686233747,176.5002231549461,2.170191863727726,173.1762369504299,179.9804187788322,6.804181828402278,0.4782075007205621,1.366792132630252,178.133483787065,0.7718658412575183,176.82881337497227,179.98372533902068,3.1549119640484093,0.3141478527264212,0.8458477088459802,-0.7354924209367819,0.24610420115133416,-0.9832858163531586,-0.13279835183121058,0.850487464521948,0.047932764950176114,0.16165983713210919,-0.7774551423635226,0.268370453565542,-1.0226786981133262,-0.12674140064357375,0.8959372974697525,0.05380082110588312,0.18104351245659212,-3.666048945897652e-17,1.1296720604456975e-16,-2.6020852139652106e-16,2.0903417885520525e-16,4.692427002517263e-16,9.75034229600757e-17,2.6020852139652106e-16,17.88111043144168
shoulder_press_14,shoulder_press,100.22255636547034,67.26064231926885,27.538125205920146,178.48232488149083,150.94419967557067,5.539443023984235,26.769165110251294,101.82341021394909,65.91669815930925,29.919920025471765,179.7479332011271,149.82801317565534,5.537389324269922,22.24691402321301,104.43839569717396,60.192330132921676,36.56110310333048,172.51208545227723,135.95098234894675,5.104627169271412,25.703025452347063,103.00664862710421,58.845719468006735,36.80757952213029,170.48059988508263,133.67302036295234,5.006714396656303,19.673901613400233,178.14105527016423,1.705151379462117,173.6818184651082,179.90086351402883,6.219045048920634,0.831080455299938,3.5263592661134737,174.40478413759982,1.3671819589725862,172.89058108116882,177.90755968321196,5.016978602043139,0.45310965917123025,2.729125022813406,176.31632394628332,1.9440440492316662,173.1762369504299,178.93639770373844,5.760160753308526,0.6076830780831591,1.9946912461680597,178.31926552294712,0.9241039383362807,176.82881337497227,179.73294260748796,2.904129232515686,0.2815243473096759,0.84651865535875,-0.5339282043038968,0.312745179770468,-0.9122527448704458,-0.15382600925062961,0.7584267356198162,0.031204308051371157,0.10184114385041632,-0.5615281877709416,0.32771070090413607,-0.9662448499091892,-0.17803663698083194,0.7882082129283573,0.035004559648225894,0.14180943972800064,1.734723475976807e-18,1.155024954137539e-16,-2.3418766925686896e-16,2.480654570646834e-16,4.822531263215524e-16,1.2310554874345756e-16,4.735795089416683e-16,9.74887176669377
shoulder_press_14,shoulder_press,93.871465962719,65.00850149971917,27.538125205920146,178.48429383779367,150.94616863187352,7.0096566015225905,29.78829731398497,96.34782946925102,64.73484227647135,29.919920025471765,179.67380538146364,149.75388535599188,6.901080975386595,31.58224463485675,99.34943704483028,58.8337497411627,36.56110310333048,172.35562031482976,135.79451721149928,6.5993937808735925,27.282905393913083,99.00170227577118,58.33307200786119,36.80757952213029,172.38681808197518,135.5792385598449,6.578208967955822,30.932386198333305,177.75959556974928,1.509625005041767,173.6818184651082,179.90438351947256,6.222565054364367,0.8703337145349831,3.5263592661134737,174.3326980265301,1.5227693170409695,171.93103893250483,177.90755968321196,5.976520750707124,0.565907225648617,2.729125022813406,177.87000775653812,0.9034392322917746,176.21761322289436,179.76175470018353,3.5441414772891733,0.6171602676020961,1.902375485041631,178.87077583563214,0.562052917320061,177.76680478398626,179.8643322652599,2.09752748127363,0.25176286250837654,0.84651865535875,-0.52662863384974,0.3232963563870526,-0.9696772218635741,-0.15382600925062961,0.8158512126129445,0.04603403918540216,0.1731407235892366,-0.5550802267948568,0.3354528491084181,-1.0189371820982493,-0.17803663698083194,0.8409005451174174,0.04801670511076035,0.16978950061554243,9.54097911787244e-19,1.3501646574373995e-16,-2.42861286636753e-16,2.480654570646834e-16,4.909267437014364e-16,1.4505877342219852e-16,4.822531263215524e-16,11.75115501530566
shoulder_press_14,shoulder_press,114.67023052913673,61.49736277200664,26.033294314985778,178.48429383779367,152.4509995228079,9.783623921374707,29.78829731398497,115.84060341248367,60.77466661767276,29.908131964234475,179.67380538146364,149.76567341722915,9.68731535954856,31.58224463485675,119.68482301323816,54.50685569748966,38.713903200664234,172.35562031482976,133.64171711416554,8.56093466644502,28.625676312984368,117.19799619232413,54.50071968596337,37.27923209194627,172.38681808197518,135.1075859900289,8.594902630378908,30.932386198333305,178.12782377001432,1.3190946625126492,174.75032493886587,179.90438351947256,5.154058580606687,0.6292975529951401,2.3374145926691767,174.22859362161554,0.8843083108209903,171.93103893250483,175.8685955345581,3.937556602053263,0.3703852048438107,1.2880232471229363,177.84732724874257,0.8119712744338176,176.76683022852072,179.8733046539789,3.106474425458174,0.5105488929487811,1.7949569163136516,178.85573401547754,0.4167611658758371,178.17200942713743,179.8643322652599,1.6923228381224646,0.2454714465557039,0.9873235721477158,-0.6217761421617781,0.3009871946165521,-0.9696772218635741,-0.1143399968840837,0.8553372249794904,0.05581154398763823,0.1731407235892366,-0.6474095689258673,0.3150089171656353,-1.0189371820982493,-0.15963214353760835,0.859305038560641,0.055271167494127624,0.16978950061554243,-2.2059900202838397e-17,1.238864004449585e-16,-2.42861286636753e-16,2.393918396847994e-16,4.822531263215524e-16,1.1790137831552714e-16,4.822531263215524e-16,20.861600479698062
shoulder_press_17,shoulder_press,95.6267945848526,83.62692151841368,1.865078997587387,179.57943315225944,177.71435415467207,12.493987334775703,155.36689782021838,99.95024407104736,53.00697498282768,28.20969521775264,171.0596497730059,142.84995455525325,8.709078476404096,43.05342270375628,94.31864288815525,69.71018598118684,1.0344794589987774,168.24921808893444,167.21473862993565,11.81984260325341,129.14170146485833,90.77980276954477,58.40746705230199,8.320502667902954,160.24351794038046,151.9230152724775,8.873837539335925,45.26517287284125,148.93819423411702,5.669144393272527,140.5428693160747,155.62133475081393,15.078465434739229,0.9695680879172753,3.669368444564384,120.3402380901462,6.762900081662812,108.88535563653751,127.76225271748422,18.876897080946705,1.180182807535266,3.963746329129279,129.37880633145693,5.26556421259632,121.20677578110165,135.40795985674762,14.201184075645969,0.8933413117070923,2.8522763088923853,104.47251132996351,6.4871434295179355,93.39377668216714,111.63513760287142,18.24136092070428,1.0894040780877792,3.701469175790521,-0.5208142737498407,0.3761989021765191,-1.038149902687797,0.010115223837209641,1.0482651265250067,0.06408198666314716,0.27354556264417507,-0.4519337737417615,0.34585934653208183,-0.9142265347064298,0.06723186078499066,0.9814583954914204,0.05715165300834718,0.2305103556084731,0.0,0.0,0.0,0.0,0.0,0.0,0.0,10.138362641325585
shoulder_press_17,shoulder_press,96.0634081543336,83.1656087872642,3.2924856063368244,179.57943315225944,176.28694754592263,12.446921193609255,164.59787025263802,100.04853681777708,50.68613675629609,35.61089321971339,171.0596497730059,135.44875655329253,9.080760863479876,40.5233133302564,94.17879944332711,68.20133844031794,1.0344794589987774,165.24176545418533,164.20728599518654,12.115389980037623,139.97880791567314,90.06114310742429,56.07909314090573,12.953203904756341,160.24351794038046,147.2903140356241,9.96739099261696,44.5785476029602,148.58801989820188,5.2851758082043245,140.5428693160747,155.09594948760753,14.553080171532827,0.9850126324395461,3.669368444564384,120.29379372721904,6.75976667103497,108.88535563653751,127.29102468331581,18.4056690467783,1.201925123780572,3.963746329129279,128.84506438078796,4.768685990553291,121.20677578110165,134.322791874197,13.116016093095354,0.9257545822113625,2.8522763088923853,104.24485962028619,6.338367540085895,93.39377668216714,110.9226986347758,17.528921952608655,1.146677296656992,3.701469175790521,-0.5001870006626731,0.3660171578172594,-1.0262556292244203,0.009790965934620477,1.0360465951590407,0.07088570029904194,0.32490620033541107,-0.45659515595617467,0.31641207662195614,-0.8905988830814524,0.023057743702162847,0.9136566267836153,0.06335039186222892,0.19361578345111707,0.0,0.0,0.0,0.0,0.0,0.0,0.0,10.238712947212404
shoulder_press_17,shoulder_press,102.35730728412673,82.10099293025822,3.2924856063368244,179.59658099523952,176.3040953889027,12.11167086712793,164.59787025263802,103.44547073810051,52.536874632664905,35.61089321971339,171.9629480337216,136.35205481400823,9.253080045928352,40.5233133302564,98.9950703213552,66.92154044492446,7.141366525301287,165.24176545418533,158.10039892888403,11.296503574934754,139.97880791567314,92.97897782873244,57.336805999208856,12.953203904756341,160.9475269674494,147.99432306269304,9.761361064857606,44.5785476029602,149.577691757358,4.35669775578503,143.13626275070806,155.09594948760753,11.95968673689947,0.7310037446490631,3.2980353587568345,122.15225187886139,5.177479839185099,114.32317843955585,127.63702636171077,13.31384792215492,0.8715217357890247,5.381122921284586,130.02304539046676,3.6532172286941247,124.3920572947854,134.322791874197,9.930734579411606,0.6172634622682874,3.1555331928942962,106.06187100264577,4.709249688912196,98.78546623764528,110.9226986347758,12.137232397130518,0.8179684917247217,4.783388159157994,-0.524341915960452,0.3760298359038695,-1.0730243094309024,0.009790965934620477,1.082815275365523,0.07175207971391598,0.32490620033541107,-0.4748718893152765,0.3264650075556115,-0.9136882212417501,0.023057743702162847,0.9367459649439129,0.06210807555935189,0.19361578345111707,0.0,0.0,0.0,0.0,0.0,0.0,0.0,13.96510961409051
shoulder_press_17,shoulder_press,91.6557249270355,82.10582718819053,1.7317759108902397,179.59658099523952,177.86480508434929,12.400402316390283,148.30538968988986,98.039090471008,53.2513031544833,34.26890887144661,171.9629480337216,137.69403916227498,8.913581551331262,34.78798162830536,90.56905621388964,67.54831318934443,7.141366525301287,166.87645576592533,159.73508924062403,11.237169446367869,120.53736446466706,87.29996172907285,57.61958238844332,12.799283098848273,160.9475269674494,148.14824386860113,9.69960191605383,41.74529761053296,149.760802293871,4.5913577140487725,143.13626275070806,155.6272220869358,12.490959336227746,0.8475746504210666,3.2980353587568345,121.83204114733898,5.014634338128643,114.32317843955585,127.63702636171077,13.31384792215492,0.9308517085842886,5.381122921284586,130.4885735362985,4.150571260093147,124.3920572947854,135.72496532829078,11.332908033505376,0.7553779577200048,3.1555331928942962,105.7544928430963,4.507489925915468,98.78546623764528,110.63142387695096,11.84595763930568,0.8851593280219707,4.783388159157994,-0.4928746578819872,0.3663682010141962,-1.0730243094309024,0.012480333281003397,1.0855046427119057,0.07034246375877398,0.2903965174814922,-0.433044443798256,0.33103316948648137,-0.9136882212417501,0.0366705322173837,0.9503587534591338,0.060376052953697065,0.23374576303299466,0.0,0.0,0.0,0.0,0.0,0.0,0.0,12.357766744625819
shoulder_press_17,shoulder_press,101.79150015023093,83.1335753808093,1.7317759108902397,179.82802724468104,178.0962513337908,8.909313742921446,148.30538968988986,102.36168995496602,53.65345806148021,34.26890887144661,173.31314983363475,139.04424096218816,8.363229705199938,34.78798162830536,100.4159281072059,66.22641080663621,14.524874748991497,166.87645576592533,152.35158101693384,8.029634493260787,120.53736446466706,91.38769366910118,58.30318736667743,12.799283098848273,160.54314797124073,147.74386487239246,8.804905712088086,41.74529761053296,149.83875549365064,4.788685792459512,141.89425477676926,155.6272220869358,13.732967310166543,0.7907406162181675,2.9631337755496645,120.80949386733914,6.648577588163589,109.11954559415162,127.33024463700602,18.2106990428544,1.0552078563728116,6.680438152155588,130.63905592356852,4.379917464563124,122.87674070945397,135.72496532829078,12.84822461883681,0.7302815002734628,2.79649862152084,104.48650400534032,6.356219122711699,93.1622081980086,110.07887984228044,16.916671644271844,0.9633742440782929,5.958855000585572,-0.5216061036193129,0.3713022202125159,-1.0746129902158679,0.012480333281003397,1.0870933234968714,0.06796945843612391,0.2903965174814922,-0.4547208320257719,0.33594962053822064,-0.9227701123932015,0.0366705322173837,0.9594406446105852,0.060269400375516584,0.23374576303299466,0.0,0.0,0.0,0.0,0.0,0.0,0.0,9.635846711395773
shoulder_press_17,shoulder_press,92.13477630073831,82.80581917668631,3.6788253180352233,179.82802724468104,176.14920192664582,6.287202003058675,72.27133837093754,98.91410534363116,53.429725254729306,33.99067446075223,173.31314983363475,139.32247537288254,6.3201104889484085,17.44148994280249,89.97821393959522,67.59293933778214,7.475780495278772,163.51871251233376,156.042932017055,6.315100611906755,73.19810225571105,87.34806729885067,58.31771470364893,13.481981957480192,160.54314797124073,147.06116601376053,6.53027811738263,24.711328155299793,148.77236789213086,4.628798970606006,141.89425477676926,154.62379629481435,12.729541518045096,0.9370758800993664,4.3798474499919,120.05266658709334,6.805113348403408,109.11954559415162,127.44494652088862,18.325400926737004,1.3369771618197526,6.680438152155588,129.50708768726597,4.351976384704533,122.87674070945397,134.49669968952384,11.619958980069867,0.8053039881720957,3.9126510691689873,103.70355935461912,6.481477872993208,93.1622081980086,110.84111754156021,17.67890934355161,1.2576457683923357,5.958855000585572,-0.4747914351948367,0.380108372527661,-1.0746129902158679,0.02104655569896363,1.0956595459148315,0.04978349129742685,0.16155146981675927,-0.4378802811790901,0.32443818262127494,-0.9227701123932015,0.008229105447506546,0.930999217840708,0.04501629922012887,0.2244978053242428,0.0,0.0,0.0,0.0,0.0,0.0,0.0,5.868728337043293
shoulder_press_17,shoulder_press,88.29870612074812,84.07472030358703,3.6788253180352233,179.79472087098213,176.1158955529469,7.9970996966620485,173.0367205561884,98.06890054489782,53.42490177020072,33.99067446075223,171.72799541511193,137.7373209543597,8.374337290586908,48.10939188291613,87.4352733229139,68.33258785880815,7.475780495278772,163.25426140270616,155.7784809074274,6.702187610674506,132.92361253812533,86.73121662361201,58.89480244277111,13.481981957480192,161.27037400730893,147.78839204982873,9.14685800196535,52.613400358992834,150.08974169690674,4.404961904244351,143.02275247189087,154.9430372342359,11.920284762345034,0.9060971372007003,4.3798474499919,122.60524000156511,5.3422820678600855,113.24514253401124,127.63938335509613,14.394240821084892,1.1015545346893556,4.999308654463562,130.68631134778465,3.9605456807184534,123.97331744470927,134.49669968952384,10.52338224481457,0.7414998922535466,3.9126510691689873,106.24549870756717,5.137901302763119,96.97887001223977,110.84111754156021,13.862247529320442,1.0533075994508925,4.936443882520024,-0.4787752708758777,0.39291107885694004,-1.1005550581423607,0.02104655569896363,1.1216016138413243,0.07170094399888512,0.3487217698497045,-0.44609734326799627,0.3364886282083399,-0.93505090174936,0.008229105447506546,0.9432800071968666,0.060335991207689725,0.23537957530880504,0.0,0.0,0.0,0.0,0.0,0.0,0.0,8.473590698454874
shoulder_press_18,shoulder_press,89.91827332399741,62.458953102703546,14.775460428726154,165.46848463956488,150.69302421083873,6.734706246450366,32.71414914051936,97.06993854076764,53.578594906138626,34.79492603811018,170.8152036706874,136.02027763257723,6.751035470688872,19.67102181367082,107.10151215646945,60.749593662920766,34.16052457325198,175.03719626890518,140.8766716956532,5.872887813910163,34.45865547495582,93.44506020546338,59.77930961349764,20.580666535008596,167.06602005056487,146.48535351555628,6.686534652439322,22.780749323012017,169.44727374719372,1.9034396738138797,166.6590385989252,172.54085513931489,5.8818165403896785,0.48435834595449123,1.8058199665727273,131.27909746681286,0.9828501868133076,129.2284302855848,132.75407647384924,3.5256461882644317,0.3259391258112091,0.9798308921389776,163.14310337309763,3.805317462952076,157.4512669761313,167.67033404343658,10.219067067305275,0.6181244408769554,3.12434448174767,122.7941723557071,1.105528801447616,120.91361273821029,126.28141132049822,5.367798582287932,0.6224007764203389,2.808843799426498,-0.46740268995543705,0.4420093805326714,-1.0314513996793013,0.10146144157350023,1.1329128412528016,0.05434907963069941,0.18878482220680315,-0.46441011379175035,0.34727646997287526,-0.9254012144890214,-0.01565035216489441,0.9097508623241269,0.04384946024563746,0.1366713374699191,0.0,0.0,0.0,0.0,0.0,0.0,0.0,12.699861534781714
shoulder_press_18,shoulder_press,106.07633497667096,49.51240677635377,26.381753546341578,165.46848463956488,139.0867310932233,9.70589103376131,33.62232202852999,109.24958580495742,43.27643897681542,45.8022030576866,170.8152036706874,125.0130006130008,8.750639718647466,23.4464997634238,124.34140135527956,46.60434124403715,47.237366106768704,175.03719626890518,127.79983016213647,8.87316375188559,32.40289034249024,111.75319774145729,43.05498287980503,45.4546086562526,167.06602005056487,121.61141139431227,8.520601323411153,24.836164696971878,167.95927400555644,0.8924450779497815,166.6590385989252,170.5418131972312,3.8827745983059856,0.4072143837369336,1.7013020459175152,130.7612909535067,1.1519869864120547,128.82028930160575,132.50952918447817,3.689239882872414,0.32008443226139655,0.9798308921389776,160.20100166066672,2.250038659788688,157.4512669761313,166.00484848068334,8.553581504552028,0.6206017152054116,3.12434448174767,122.93121763095267,1.543076399508318,119.34355966779746,125.13238509660499,5.788825428807527,0.7291577230667284,2.257413503306992,-0.6248379259385594,0.28815508189271843,-1.0314513996793013,-0.13158794212199165,0.8998634575573097,0.06181835844041405,0.1753352763692395,-0.5826558635122704,0.23016943145269425,-0.9254012144890214,-0.23046353909100414,0.6949376753980172,0.04812595493168822,0.11590029916944544,0.0,0.0,0.0,0.0,0.0,0.0,0.0,17.260130164378708
shoulder_press_18,shoulder_press,106.99473888360467,50.50799263902948,26.381753546341578,168.8153935668405,142.43364002049893,9.53893946606303,33.62232202852999,110.22570368731482,43.93283417070002,45.8022030576866,169.4838657004486,123.681662642762,8.308825978706032,23.4464997634238,125.0335659045538,47.31088477152691,47.237366106768704,176.8829506691381,129.64558456236938,8.628541366747266,32.40289034249024,112.26102761532864,43.35451898355104,45.4546086562526,165.79173889750564,120.33713024125304,8.064121012594187,24.836164696971878,167.42740840753152,1.4425378339612238,164.28034442876753,171.50968102595797,7.229336597190439,0.7268021601285255,5.248490068613904,131.0390909015402,1.5910702053985368,128.82028930160575,133.5154730212422,4.6951837196364465,0.35231958897824517,1.5123022937786743,159.575795526693,2.0318595225183995,155.38854998320272,163.92561506675642,8.5370650835537,0.8139944727469364,5.199583552827306,122.77491841831059,1.6799128759799122,119.34355966779746,125.06764782981732,5.724088162019854,0.806336509036537,2.7064477296547267,-0.6212195580030667,0.2877849505593876,-1.0042092330641508,-0.13158794212199165,0.8726212909421591,0.05928235514814747,0.1753352763692395,-0.5896993319025714,0.2364993121439202,-0.933596051419012,-0.23046353909100414,0.7031325123280079,0.04747870142969414,0.11590029916944544,0.0,0.0,0.0,0.0,0.0,0.0,0.0,12.795344563310628
shoulder_press_18,shoulder_press,101.92810591115298,52.93149455871109,23.577633580591343,168.8153935668405,145.23775998624916,8.288373716299747,36.67777204252431,106.38693556302209,46.87239977011932,40.845508402752216,169.4838657004486,128.6383572976964,7.736408585194754,25.674999553934256,120.26311010761127,49.475183834788105,45.11433902884153,176.8829506691381,131.76861164029657,7.556892021290946,39.583626053214246,107.69131624769622,46.94220269214826,38.038140352395644,165.79173889750564,127.75359854511,7.506373011850527,27.81306128601298,166.41218543338445,1.7500424197578468,163.25351151429092,171.50968102595797,8.256169511667053,0.8251388305044419,5.248490068613904,131.3067200423204,1.340429398380551,128.90826721809117,133.5154730212422,4.607205803151032,0.38971904041695565,1.5123022937786743,158.25712077536122,2.336873072373774,154.50995326594844,163.92561506675642,9.415661800807982,0.849517490002071,5.199583552827306,123.86171747163505,1.5419855677529817,120.46879334231228,125.79343081610175,5.3246374737894655,0.6095333243128503,2.7064477296547267,-0.5935464019168143,0.3023619615072386,-1.0042092330641508,-0.1044894390812503,0.8997197939829005,0.05274632300489635,0.17022206000789852,-0.5637210005838876,0.25811224619364853,-0.933596051419012,-0.17791813378655352,0.7556779176324585,0.04600383460071835,0.14094618005060877,0.0,0.0,0.0,0.0,0.0,0.0,0.0,11.626443156524031
shoulder_press_18,shoulder_press,100.09260246539844,51.639510207445326,23.577633580591343,165.65421553884065,142.0765819582493,9.526486818448857,36.67777204252431,104.35959073153187,45.19540073943703,40.845508402752216,166.03579276423977,125.19028436148756,8.206944574676141,25.674999553934256,118.47964768092264,48.19477382832309,45.11433902884153,174.2814769985246,129.16713796968307,8.65166115011948,39.583626053214246,106.34917829874158,46.00633496370153,38.038140352395644,164.72897265874005,126.6908323063444,8.258797088841689,27.81306128601298,164.85945961043168,2.0686259771072866,161.8849401015049,168.34307020653074,6.458130105025845,0.575879104479274,2.2231654544395667,130.93733838814336,1.2967412047140232,128.70986434829706,133.35503240087317,4.6451680525761105,0.37692474621823147,1.001114732532983,157.01542760550885,2.421822892848348,153.1873883241863,161.8617197678416,8.67433144365532,0.6818011578228558,3.1817172750415352,123.30859576510446,2.1839937162876994,118.59040486565556,125.79343081610175,7.2030259504461895,0.5912207325796244,3.1399803157852517,-0.5824726039159902,0.2932461742756322,-0.9845942095805955,-0.1044894390812503,0.8801047704993452,0.06037794332281574,0.17022206000789852,-0.5503676262732816,0.2467048326289497,-0.9084512610643858,-0.17791813378655352,0.7305331272778323,0.04821169511317761,0.14094618005060877,0.0,0.0,0.0,0.0,0.0,0.0,0.0,15.564511180001643
shoulder_press_18,shoulder_press,97.1235195269472,53.695526980202864,22.947540021632317,165.65421553884065,142.70667551720834,9.138240513942335,30.081612834362517,102.06734460125577,46.98741970797095,38.319074891044366,166.03579276423977,127.7167178731954,8.172172278195902,20.24382623677087,114.89659634662286,51.09984907682274,41.14971061753246,174.2814769985246,133.13176638099213,8.591797126489773,32.07214741812433,103.60120100840669,48.139883641056294,35.208072216039504,164.72897265874005,129.52090044270054,8.249170513535425,22.64339679312299,164.43189101123917,1.7994193435795616,161.8849401015049,168.34307020653074,6.458130105025845,0.5603060540993959,2.2231654544395667,132.1057610969746,1.5765953696323938,128.70986434829706,134.44668763276638,5.736823284469324,0.4343123431432273,1.2191821705562234,157.2836046487321,2.22803726179591,153.1873883241863,161.8617197678416,8.67433144365532,0.6502324856797677,3.1817172750415352,124.63072334728193,3.4090969052042985,118.59040486565556,129.47931664166242,10.888911776006864,0.8086328016336681,3.1399803157852517,-0.5630471057661983,0.3095421207661576,-0.9845942095805955,-0.08750678062072237,0.8970874289598731,0.05770118897885967,0.13274739642371602,-0.5377571662185331,0.25692146222298823,-0.9084512610643858,-0.16389791616299076,0.744553344901395,0.04751499180197181,0.11706267582323404,0.0,0.0,0.0,0.0,0.0,0.0,0.0,13.919546580699148
shoulder_press_18,shoulder_press,95.75069549407725,52.766826310789156,22.947540021632317,167.44428775578405,144.49674773415174,9.54221239091834,30.081612834362517,101.32183611889704,46.98500364105161,38.319074891044366,170.66170691154295,132.34263202049857,8.611873797483229,20.24382623677087,113.97890742604679,50.39400590111584,41.14971061753246,176.19182262543455,135.0421120079021,8.84543115371195,32.07214741812433,102.85573471852598,47.882631514472145,35.208072216039504,166.71595601286623,131.50788379682672,8.540397913235038,22.64339679312299,164.73670540459082,1.9260191383121232,161.21660833638353,168.75561901417967,7.539010677796142,0.6437321614940513,2.8330450847807356,132.76161165400478,1.3117494939625285,129.8929629857305,134.69560756574538,4.802644580014885,0.47408449089421806,1.5551648457188207,158.019951350114,2.0473813798363265,154.3899919553015,163.1219754472798,8.731983491978298,0.7305770245948165,2.9066162035076104,126.43689965042212,1.8097166356150498,123.19190547708969,129.47931664166242,6.287411164572731,0.6115019540297536,2.0940980262589903,-0.5619725209714103,0.3087478552835809,-1.0061404511808616,-0.08750678062072237,0.9186336705601392,0.06196069228463734,0.13274739642371602,-0.5324703852732011,0.2538946345550062,-0.9212809205469394,-0.16389791616299076,0.7573830043839487,0.049636206239089146,0.12495439619989313,0.0,0.0,0.0,0.0,0.0,0.0,0.0,14.447732988051742
shoulder_press_18,shoulder_press,96.98719434884467,52.93399361418183,20.289677846888207,167.44428775578405,147.15460990889585,10.198989061752101,29.794148828207327,102.00124326093594,47.26828226226887,37.97682176081375,170.66170691154295,132.6848851507292,9.2768568463399,21.685436895304306,115.6164555304593,50.193577621286295,40.21293452595294,176.19182262543455,135.97888809948162,9.374392215842859,32.74988971249918,103.56206651567852,48.24503114749169,34.98410806268326,166.71595601286623,131.73184795018295,9.203402731512584,24.867742666261535,164.61096346629327,1.9467232381707136,161.21660833638353,168.75561901417967,7.539010677796142,0.7164769842460469,2.8330450847807356,132.253404814657,1.2486892693969665,129.8929629857305,134.69560756574538,4.802644580014885,0.4088361378165879,1.5551648457188207,157.7557966819371,2.0382267428993845,154.3899919553015,163.1219754472798,8.731983491978298,0.7778591288448279,2.9066162035076104,125.24387941969071,1.1124935083285268,123.19190547708969,127.39976733194989,4.207861854860198,0.49867462574629856,2.0940980262589903,-0.5645561329464193,0.31569491299914293,-1.0061404511808616,-0.040720815160887325,0.9654196360199743,0.06653338194333985,0.14384008167904572,-0.5355037556211509,0.25562849690283224,-0.9212809205469394,-0.1571407448737716,0.7641401756731678,0.05364360554505115,0.13031643710713403,0.0,0.0,0.0,0.0,0.0,0.0,0.0,15.84349161694419
shoulder_press_18,shoulder_press,94.32218276781165,51.7422434514006,20.289677846888207,160.52709711808345,140.23741927119525,9.865216097765218,29.794148828207327,99.3404971142562,46.05372124839572,37.97682176081375,168.89484734026928,130.91802557945553,9.41224270321701,21.685436895304306,112.99803023167841,49.125895318038445,40.21293452595294,171.84227062939527,131.62933610344234,9.28056447223353,32.74988971249918,100.87119244386705,47.06028107180133,34.98410806268326,165.70517656709453,130.72106850441128,9.413945773699485,24.867742666261535,165.1442449069429,1.8156093391732964,162.60561665731908,169.8974923436832,7.291875686364136,0.8957307040688897,6.572181394849139,132.71340230639555,1.2770714507758167,131.2654103859535,135.3039575670092,4.038547181055719,0.390489159538594,1.4389837404832235,157.9038201897768,1.725129154977493,154.50226472680302,162.1421792800907,7.639914553287667,0.943363030689759,6.457598211114146,124.98472248858039,0.8217027403335737,123.22438644890502,126.33204559110936,3.1076591422043407,0.4725198427818792,2.2887963623371945,-0.5427478864343088,0.3025149345859981,-0.9739227012059329,-0.040720815160887325,0.9332018860450456,0.06577058045323712,0.14384008167904572,-0.5197998373994885,0.24886197338178276,-0.8986175464283201,-0.1571407448737716,0.7414768015545485,0.05385609384741364,0.13031643710713403,0.0,0.0,0.0,0.0,0.0,0.0,0.0,14.05274807869134
shoulder_press_18,shoulder_press,93.12456876473917,52.681529399868644,21.75241106609812,160.52709711808345,138.77468605198533,9.235963615360692,24.512539614904476,97.98551443815323,47.726823041957935,35.077163336678375,168.89484734026928,133.8176840035909,9.069031423405008,22.132739633909672,111.43678741205251,50.406296566549806,41.584388387129444,171.84227062939527,130.25788224226582,8.70235600594526,26.33299430328627,98.89987765105114,49.4763339490002,28.8210582584814,165.70517656709453,136.88411830861313,9.202078017759383,26.398152144276267,165.05952802308926,1.7418932943695253,162.60561665731908,169.8974923436832,7.291875686364136,0.8585751887566136,6.572181394849139,133.02965168819074,1.103679418689841,131.2654103859535,135.3039575670092,4.038547181055719,0.3997592079485638,1.3470128913005226,157.99124165190037,1.55696723486237,154.50226472680302,162.1421792800907,7.639914553287667,0.9158285713016165,6.457598211114146,125.72700047280908,1.3219853106770678,123.22438644890502,127.805541707212,4.581155258306978,0.45131881346735025,2.2887963623371945,-0.5373520416678101,0.3048425499070167,-0.9739227012059329,-0.0563132235112348,0.9176094776946981,0.06137303620604957,0.13013625513757465,-0.5092409396872986,0.2635303760438207,-0.8986175464283201,-0.10743863668412668,0.7911789097441935,0.05376853321355313,0.13687535997161393,0.0,0.0,0.0,0.0,0.0,0.0,0.0,13.791536973507252
shoulder_press_18,shoulder_press,97.20567738261045,55.093539763090995,21.75241106609812,169.62882450691342,147.8764134408153,8.866674378917027,24.512539614904476,102.27368722993108,50.21355138326198,35.077163336678375,172.33439122418392,137.25722788750554,8.269165017687017,22.132739633909672,115.11330265346083,52.512443787452085,41.584388387129444,177.68633046225588,136.10194207512643,8.09642766041304,26.33299430328627,102.58021637094647,51.4509496449632,28.8210582584814,167.2957432957488,138.4746850372674,8.313971700588883,26.398152144276267,164.2048718820659,1.6896659878059725,160.68002586931118,167.3269764126483,6.6469505433371125,0.737202572448776,3.6573507196781065,133.13612973044275,0.9258262297591119,131.319852413887,135.0711989244245,3.751346510537502,0.35113639242689193,1.0680135603086285,157.12346983464718,1.7435021138042175,152.52561980986255,160.1327727095917,7.607152899729158,0.7019083731121112,3.2747401126035243,125.18932987720683,2.1664848591433095,121.07406129070351,128.13209540208922,7.058034111385709,0.6189191143860299,3.012781416670805,-0.5699857694651985,0.3281205183129085,-1.019919869357023,-0.0563132235112348,0.9636066458457883,0.06059343079567717,0.13013625513757465,-0.5381960990147867,0.28291062991857385,-0.9503537130580102,-0.10743863668412668,0.8429150763738835,0.052290689659751116,0.13687535997161393,0.0,0.0,0.0,0.0,0.0,0.0,0.0,13.924417187758888
shoulder_press_18,shoulder_press,96.77427359561119,55.02008495736387,21.60330619295862,169.62882450691342,148.0255183139548,9.58424467073464,29.054688707291717,102.84998586964772,48.73798535945227,37.28819354844476,172.33439122418392,135.04619767573917,8.579775543559187,21.178652380448327,114.90487485570908,52.28171807740475,40.46792974273899,177.68633046225588,137.2184007195169,8.912456650872544,31.293739001194083,103.40430864201984,49.38817772776942,33.92773233914994,167.2957432957488,133.36801095659885,8.358834052593128,22.394823215812735,162.69958450731676,2.0646038686468,160.33828413566061,167.3269764126483,6.988692276987678,0.7751438822241435,3.6573507196781065,132.9017972549919,1.1709539502060993,130.6590451360863,135.0711989244245,4.412153788338202,0.331123743181031,1.0018850557377732,155.2436867701385,2.0842104879361054,152.52561980986255,160.1327727095917,7.607152899729158,0.7586192860274096,3.2747401126035243,124.40772659615028,1.8924172448165926,121.07406129070351,128.13209540208922,7.058034111385709,0.6992709176786448,3.012781416670805,-0.573184355908735,0.32178732173327856,-1.019919869357023,-0.08822727068194913,0.9316925986750739,0.06009422916422413,0.126846368762759,-0.5448110904493723,0.26815040046699656,-0.9503537130580102,-0.1668699133796171,0.7834837996783931,0.050075713773456335,0.11466937965957746,0.0,0.0,0.0,0.0,0.0,0.0,0.0,13.81947340193246
shoulder_press_18,shoulder_press,97.88384800604429,55.64658415911205,21.60330619295862,169.46410661583838,147.86080042287975,8.697217657149968,29.054688707291717,102.46828231750483,48.11304186863783,37.28819354844476,170.9383274630209,133.65013391457614,8.244080053889432,21.178652380448327,116.2310056085068,53.119836754055875,40.46792974273899,178.20944172716406,137.74151198442507,8.049336058576648,31.293739001194083,103.14252361504764,48.82007220394237,33.92773233914994,165.7218579509186,131.79412561176866,8.02733433192542,22.394823215812735,161.83685485791437,1.3289845570758105,160.33828413566061,165.09971240875953,4.761428273098915,0.4954930851252539,2.214715887714817,132.2474917731233,0.8711568591772934,130.6590451360863,133.85868498525275,3.1996398491664593,0.33484076062489876,1.0339626036565903,153.7134536945584,1.5038982678971793,151.55926945280896,157.45793885773372,5.89866940492476,0.5520837700909228,1.779129512728531,124.72205062996824,1.3770405036333635,122.0795902342563,126.73919993828612,4.659609704029819,0.5165718563306378,2.171639967516299,-0.5661751635254257,0.31181497636604755,-0.9810457895359173,-0.08822727068194913,0.8928185188539681,0.05753759608334258,0.126846368762759,-0.5360537468916687,0.25833944958607247,-0.9117690297605865,-0.1668699133796171,0.7448991163809694,0.046820829077012176,0.11466937965957746,0.0,0.0,0.0,0.0,0.0,0.0,0.0,17.387125408221262
shoulder_press_20,shoulder_press,54.526972508117325,34.91472934298541,8.89126259765006,129.8716058929945,120.98034329534444,9.267827426812554,54.65446475701093,55.87473633476686,21.55903019338094,28.205600473028884,103.46149811911006,75.25589764608118,5.068004080540439,16.180754909949997,65.84557423205263,39.94197772630664,1.450070856906765,148.5832493388148,147.13317848190803,7.431901484593595,30.612538361789372,55.70658621725444,28.70915875353443,10.517764882439725,111.51060386587457,100.99283898343485,5.427016176991508,22.760335277380936,134.89908771153966,61.42110074839395,15.186787416456479,179.28638988693834,164.09960247048187,9.961868811591703,137.8101605114575,134.94342395539624,62.1528132941553,16.514956578735504,179.9939338150725,163.478977236337,9.230769442894054,126.54230569391515,155.60595654555593,36.05860836900205,29.564225792329655,178.81528272338946,149.2510569310598,12.35549205783894,81.4107308332652,164.88968952677305,27.154135252839414,78.8488436635973,179.93793915390987,101.08909549031257,11.535165369973486,86.52196963137077,-0.3424105020117363,0.23393444063697402,-0.6912225849529348,0.40054751084439977,1.0917700957973344,0.06148993078055466,0.5180795505614563,-0.22667918187410974,0.25938873077244046,-0.6110431358717608,0.30392180721312456,0.9149649430848854,0.05689002324918578,0.4530725486113545,-1.3588667228484989e-18,6.454620009280482e-17,-2.255140518769849e-16,1.8561541192951836e-16,4.111294638065033e-16,4.7794622665705825e-17,4.111294638065033e-16,0.6312132982925842
shoulder_press_20,shoulder_press,115.43978160919785,45.66982428669908,31.86303449068619,165.33006004769413,133.46702555700796,4.602311226103722,16.720186134187408,103.04147523632822,36.91779988511309,43.40785506786231,158.47978332022683,115.07192825236453,3.9679975259436047,8.012745605298178,131.0657390083357,42.748587414047336,52.77703119554274,172.81811521798204,120.04108402243929,4.1393477249116994,17.385860434527302,109.3530069884799,35.267717740297144,48.41426142793475,156.99582827870924,108.5815668507745,3.744191960371534,8.391726011186805,178.44394081491137,0.5527772320685448,177.23954611411696,179.61067204193776,2.371125927820799,0.13395589275981382,0.4319399521936873,179.46414399102403,0.3349414775112355,178.53015403977244,179.9939338150725,1.463779775300054,0.1507720953368942,0.9023048023878459,178.22922555925007,0.30301909236367913,177.6761570885198,178.78811441712278,1.1119573286029834,0.13617271965489505,0.6345484208491712,178.73112393224625,0.25996927650999413,178.18864333862817,179.21488003623946,1.0262366976112958,0.14503756116788175,0.42800150248010027,-0.7098216548737324,0.21898405657691788,-1.0390465531690776,-0.3413664126364424,0.6976801405326352,0.02657296077615692,0.06487744330385681,-0.5959287139790193,0.18897715137427837,-0.8694779621457172,-0.2363620203721053,0.6331159417736119,0.022116073450284126,0.05194705847535408,4.5102810375396986e-18,5.592763911074992e-17,-1.4137996329210978e-16,1.4051260155412137e-16,2.8189256484623115e-16,4.737589630943556e-17,1.4137996329210978e-16,29.07357452385222
shoulder_press_20,shoulder_press,150.26664575926534,40.07967700224077,2.960029230790117,169.95434039492636,166.99431116413623,6.98113418946413,162.2929595105527,145.81065727130712,26.79664586610331,53.312445762399044,169.98836853246715,116.6759227700681,6.131684113271966,60.44386430138571,160.18199908761386,37.00575111096593,19.692881169195886,174.89750307312198,155.2046219039261,6.140518730749016,146.7244853978979,148.99344209471636,16.6835844976068,104.30946106988608,165.2791539698037,60.96969289991762,3.762037424893282,39.24653012104184,179.26449905515122,0.5077548819750445,178.2185464272796,179.83528210159326,1.6167356743136736,0.08389417049685942,0.3064001217073269,179.46229647363808,0.18174490010064298,179.10511546127944,179.98889312237262,0.8837776610931769,0.1178479958614487,0.32886270945903107,178.54539703853303,0.45561111090269957,177.6761570885198,179.22171032185153,1.5455532333317308,0.12931955161155,0.8208357605870447,178.63152896407485,0.44415741509683415,177.9735072824808,179.90654017796993,1.9330328954891343,0.17207638846765028,1.1612386359290667,-0.8868577061065547,0.22371619748878502,-1.0437796607957974,-0.059931313996545055,0.9838483467992524,0.05562998334418879,0.7950243224779986,-0.7838847220447861,0.19589657435581467,-0.9341031837776264,-0.06490266405841072,0.8692005197192156,0.04245386071335059,0.7024760894183582,2.8912057932946783e-19,8.92911826446168e-17,-1.4051260155412137e-16,1.3964523981613297e-16,2.8015784137025435e-16,9.517051897514138e-17,2.8015784137025435e-16,45.74365201900483
shoulder_press_20,shoulder_press,135.74498279096213,58.7925563516645,2.960029230790117,169.95434039492636,166.99431116413623,11.889587646698534,162.2929595105527,148.7350032859239,43.68739837800221,8.884421849820976,169.98836853246715,161.10394668264618,22.057522128913714,151.6555229052947,135.2477146488605,64.52172722176067,11.327608672334508,174.89750307312198,163.56989440078746,11.443151285050225,146.7244853978979,138.97675819684844,53.73351367972768,10.355454629275297,171.431441081567,161.0759864522917,11.336133366475217,141.4472349837551,138.13368705411312,59.01513634173185,31.28525831981777,179.85241381227834,148.56715549246059,7.043713951218792,141.22965146274055,138.68609511674407,57.462041482576495,34.064772071640625,179.98889312237262,145.924121050732,6.838129124447454,134.93869961585497,139.6938214559932,56.157290229679774,36.606072174877355,179.70844328500962,143.10237111013225,7.089977254891616,141.01374173120212,139.6648234525974,55.14755745839548,37.28903457894064,179.90654017796993,142.6175055990293,6.869314832396757,133.7744939642829,-0.6926300079959887,0.49288521140015545,-1.0437796607957974,0.5864304419588537,1.6302101027546512,0.12189324503906862,1.4422460829492705,-0.6766103429006781,0.4407498932225558,-0.9834316498499356,0.34283545430413476,1.3262671041540703,0.097375633488185,0.7024760894183582,7.54604712049911e-18,9.053006164676643e-17,-1.4051260155412137e-16,1.9255430583342559e-16,3.3306690738754696e-16,9.205998032856228e-17,3.0184188481996443e-16,2.0375029284947312
shoulder_press_20,shoulder_press,138.83461650644597,44.71187774325818,3.514329701762409,166.79835459548192,163.2840248937195,6.565570999311491,89.83475917677295,146.82588282875133,37.86344277670019,8.884421849820976,169.78279914770454,160.89837729788357,17.01627493263283,151.6555229052947,137.84833306597776,54.43056464019017,11.327608672334508,168.69781466690415,157.37020599456963,6.424723698010255,142.9474084634215,140.54687312811504,53.301628791943315,10.355454629275297,171.431441081567,161.0759864522917,6.82334510015413,141.4472349837551,86.91815075249968,43.02492324097344,31.28525831981777,179.85241381227834,148.56715549246059,7.366022698628987,141.22965146274055,87.36176370799222,41.80837667959222,34.064772071640625,179.94603985682465,145.88126778518404,7.363525841496392,134.93869961585497,91.54433311788138,41.215686769301236,36.606072174877355,179.70844328500962,143.10237111013225,7.355970029399471,141.01374173120212,91.91537447231333,40.30752828559766,37.28903457894064,179.5923212513009,142.30328667236026,7.338107095130583,133.7744939642829,-0.6838363837921609,0.44292446758040627,-0.9580301236478496,0.5864304419588537,1.5444605656067032,0.08327489873246605,1.4422460829492705,-0.7250165889441001,0.4181051192551736,-0.9834316498499356,0.34283545430413476,1.3262671041540703,0.06384765051912154,0.6648543178805753,1.1796119636642288e-17,4.432074201379595e-17,0.0,1.9255430583342559e-16,1.9255430583342559e-16,1.884268603216187e-17,1.9255430583342559e-16,1.2517123195442885
shoulder_press_20,shoulder_press,137.9302135114651,18.667679534434058,100.26162842639562,160.58829448205861,60.326666055663,2.080229863988379,5.046774972890461,137.55423524184056,18.33374200604266,101.89887905049423,163.2274988961797,61.328619845685466,2.114779994678809,4.7078205448373325,148.69720315678748,13.418337914416087,119.60697670834604,165.28995042194535,45.68297371359931,1.5752749556413554,4.136698788495039,149.7128914385119,14.091092444979045,120.3485727768174,166.97864762367695,46.63007484685954,1.6079336154089499,4.239134022490731,78.46507656066404,1.7343783633177166,75.56116352158023,81.51885827188728,5.957694750307056,0.4419712647466049,2.0922488284179224,75.41398989909517,2.627430759004305,72.21794840955351,81.57443714488224,9.356488735328725,0.7505836163775913,3.4160652368402395,83.96432069804573,1.8034606510874938,81.2714515785578,87.03657960554554,5.765128026987739,0.4407919759081953,2.1616924807073445,81.38269402097188,2.626529515619731,78.29298899101813,87.47763299349506,9.18464400247693,0.7634635698035388,3.41548336904755,-0.7458066804449082,0.1170892170701868,-0.9309063878856302,-0.538660670445487,0.39224571744014314,0.01377439216181824,0.04777949306305351,-0.8056053870949882,0.11731210635633625,-0.9726194184142132,-0.6048515006911533,0.36776791772305983,0.012681652335277925,0.041411870859744626,0.0,0.0,0.0,0.0,0.0,0.0,0.0,3.078348770143496
shoulder_press_20,shoulder_press,103.34818657267144,22.613606049602833,70.08638161685485,142.17689527748368,72.09051366062883,2.516141747815021,5.046774972890461,102.66816539377473,23.00594586023974,65.66519309746991,141.15347405936282,75.48828096189291,2.6030441710997554,5.219895947247053,120.13262254881347,20.191070839596776,88.54262639367697,151.34851952402397,62.805893130347,2.166423531020916,4.749778092421096,120.13081735469383,21.217584814187937,84.97820210375268,153.5963772056258,68.61817510187312,2.366143969030108,5.083456395435334,81.07335216928104,2.029184505275862,77.57129485944675,85.12668558816695,7.555390728720198,0.3222362018874041,0.9651691726121641,74.01422456110663,1.4458081519328154,72.21794840955351,78.49244529810493,6.274496888551411,0.4533673879814929,1.4834227036674719,86.91579762496282,2.1447898186830128,83.24320684132282,91.24592333843624,8.002716497113425,0.3151846280750786,0.8709448881202349,80.4268682803311,1.6439778758945305,78.29298899101813,85.55894078219308,7.265951791174942,0.4701802368882559,1.4741009683074537,-0.5564239022813401,0.09662336630272118,-0.7112601253182995,-0.4258756130269712,0.28538451229132833,0.011319662183225068,0.02390377972835589,-0.612484982500966,0.11306962835216307,-0.8250974917078198,-0.43693313521074906,0.3881643564970707,0.013936312704060838,0.041411870859744626,0.0,0.0,0.0,0.0,0.0,0.0,0.0,6.183182875404835
shoulder_press_20,shoulder_press,69.60406712578002,16.525740456018028,46.05717591658768,97.74811209284213,51.69093617625445,1.812708041457284,4.0412665763034425,69.0961098960247,16.032709007558914,48.013831598913114,100.22231572233859,52.20848412342548,1.800292555980189,5.219895947247053,87.95095775343812,16.908359437716044,62.86955992674681,116.93923417877923,54.06967425203242,1.8651746041824824,4.749778092421096,87.95394845798417,16.193117544812836,66.09600520191529,119.18363196913826,53.08762676722297,1.8306078195594129,5.083456395435334,83.35059393847011,1.5201680260462647,80.85308746036148,85.50005230139044,4.646964841028961,0.28395780460877323,0.9291616033505221,77.18775671992287,3.3851477972570865,72.60296844898679,80.82369630856861,8.220727859581828,0.32023758345333714,1.4834227036674719,89.45288351265864,1.6154797740147175,86.7463161957991,91.68242225282394,4.936106057024844,0.2932035590212287,1.027302006106126,84.2760826900701,3.591952634927647,78.88030261151984,88.11621902144749,9.235916409927654,0.340564832223734,1.4741009683074537,-0.4016549867651824,0.0812689624422132,-0.5272268703415552,-0.2830220687320615,0.24420480160949376,0.009546921208402205,0.022825383116382936,-0.4498744826437631,0.08053340234852341,-0.5872562190425358,-0.3323738600591245,0.2548823589834113,0.009574370124503002,0.025600320252858078,0.0,0.0,0.0,0.0,0.0,0.0,0.0,5.903874687892986
shoulder_press_20,shoulder_press,47.888809502917084,13.98742554922805,11.190849486248517,85.08177301706272,73.8909235308142,4.52053883227753,48.40363743994989,49.521008719874025,9.596693147450528,20.652933803275705,71.92860858349339,51.275674780217685,3.26135770072489,24.096765402440994,64.42446351873801,15.547565695433962,22.068807729094754,101.22418144762358,79.15537371852882,4.972216977330649,53.18630807748265,65.03488974064052,13.948031739127998,21.873059092046073,83.33692647190314,61.463867379857064,4.120563133810998,36.47121524324763,73.91277403640795,24.94670479894819,0.20005506633182987,85.50005230139044,85.29999723505861,2.9944537270634597,53.43415241377814,77.60276935338901,13.180846316843258,22.263497827651886,106.41167935444902,84.14818152679713,5.004041494914265,49.46894148748326,84.96920608581812,28.420962820803567,6.221033869883432,176.41368157117398,170.19264770129055,13.723470057139789,161.69788510822085,90.00746473405344,16.741905911679567,38.32592700076494,156.8739425408441,118.54801554007915,8.625886271425689,84.29709686164074,-0.32216448339014764,0.09403281613731208,-0.7379416836904473,-0.2461559339778432,0.49178574971260414,0.02280905330704884,0.27622241645264367,-0.3347347387828472,0.10192237674748193,-0.5471135861831966,0.10237556608546028,0.6494891522686569,0.04128120067162874,0.39220191898274337,-7.748431526029739e-18,4.1726580764466844e-17,-2.3245294578089215e-16,0.0,2.3245294578089215e-16,8.015618820030764e-18,2.3245294578089215e-16,0.5560418870521997
shoulder_press_22,shoulder_press,63.110186639817314,5.958423858302687,50.71779129319348,74.70617021620028,23.9883789230068,1.3339917537481891,4.059702894615938,58.736580866406136,7.696780366082993,51.500679366564874,78.5147259933005,27.014046626735627,1.6639675100780595,4.091760773721916,87.82018842063208,11.780076538208084,72.43198211022774,110.059212489635,37.627230379407266,2.435227146495682,8.284981507472367,97.54625489521032,13.435664178660339,80.39223307321224,124.67695080140116,44.28471772818892,2.808575252232123,6.397026308132709,161.37330780373486,2.2751539442747215,158.2613507340975,167.39088431456474,9.129533580467239,0.448707751119952,1.6818934172144964,158.6923281511048,1.2835511820333203,156.93771305367585,160.5985327010637,3.6608196473878536,0.2753019136982504,0.9272274482705996,176.80912385249513,1.865725467072275,174.0187447685456,179.51112669638727,5.492381927841677,0.34473397378385157,1.174984699645421,173.9737288669154,1.4591678787348163,171.60843582838874,175.769790155516,4.16135432712727,0.19551585318948556,0.6662344230624626,-0.2764246021281456,0.1829756479765556,-0.6563468995450574,-0.05904908774850881,0.5972978117965486,0.03804249194571598,0.0900465675570773,-0.3007242399940019,0.1812087207407673,-0.6771282596073057,-0.09458431449032234,0.5825439451169834,0.03692122843530259,0.09359697885449592,0.0,0.0,0.0,0.0,0.0,0.0,0.0,6.519042740881408
shoulder_press_22,shoulder_press,84.85338491773224,32.272078947487614,50.71779129319348,142.6560548020873,91.93826350889384,3.9278007896448233,11.675136513109251,87.29128101079381,37.03154492700201,51.81438888577624,152.12988542309793,100.31549653732169,3.651344897910089,9.935636258085836,110.80418113554116,29.271576836967323,72.43198211022774,151.1972244421213,78.76524233189356,2.987530560745029,8.284981507472367,120.38034391345401,32.13786609219639,80.39223307321224,170.68099333380715,90.28876026059491,3.2898245706239724,6.397026308132709,163.3094457574597,4.508777072032721,158.2613507340975,171.5513341733558,13.289983439258293,0.5839515627875089,1.6799508650001655,159.44801918652053,0.6891362084269211,158.57825597604716,160.5985327010637,2.0202767250165437,0.20042785308821415,0.7808089242468839,177.6044967234342,1.4364424378764902,174.1031489738566,179.0390407312555,4.935891757398906,0.2562405358808133,1.174984699645421,174.0877347915747,2.205422430560664,171.60843582838874,178.84403130450133,7.235595476112593,0.38588591364855307,1.1914902787381152,-0.5442743254785508,0.36326265442792405,-1.0053684593147862,-0.05904908774850881,0.9463193715662774,0.03445411534633442,0.0900465675570773,-0.5658183119115653,0.363633949421172,-1.0459592151344577,-0.09458431449032234,0.9513749006441353,0.03409142366195135,0.09359697885449592,0.0,0.0,0.0,0.0,0.0,0.0,0.0,9.713595404663153
shoulder_press_22,shoulder_press,124.46462052003774,25.127238676383634,59.05888122686555,145.27801931682066,86.21913808995511,3.9486113278694535,11.675136513109251,128.9184039295158,24.305116795268685,68.19704589016158,152.12988542309793,83.93283953293636,4.242867171858723,9.935636258085836,139.1791083383656,11.06876673897619,111.65329677185966,151.1972244421213,39.54392767026164,2.3409820791151565,5.324093776385354,155.3925944189095,14.397897935849159,121.17421629811585,170.68099333380715,49.5067770356913,2.750302289405206,5.06884858755879,168.93905681807746,3.059013715135653,162.1053831683563,171.81152235019582,9.706139181839518,0.5093196207414518,1.6799508650001655,159.7644625652234,0.7780013502008427,158.57825597604716,160.9074055184564,2.329149542409226,0.13165067757897034,0.3857999272310053,177.556377135194,1.1199613748271435,175.55303480892675,179.0390407312555,3.486005922328758,0.2162986045155033,0.7182408863712055,176.59226276012913,2.006594745860953,172.6572718239374,178.84403130450133,6.186759480563921,0.33285578709091096,1.1914902787381152,-0.9304735900875536,0.09924810885425178,-1.0087662667238013,-0.6264390585935419,0.38232720813025944,0.017705372846036963,0.07155410201704693,-0.9562394898023215,0.10529541298240398,-1.0468293463561158,-0.6409128840947118,0.405916462261404,0.018818729693226965,0.07495357612337183,0.0,0.0,0.0,0.0,0.0,0.0,0.0,11.160816157057546
shoulder_press_22,shoulder_press,107.71198653775065,34.4361695815035,56.883848116513335,145.27801931682066,88.39417120030733,3.3134785900336112,10.96121336801393,107.76282493142402,36.25556938633215,51.3675089928025,150.44562486035863,99.07811586755614,3.508570903039234,9.9080528899661,120.89854954690352,22.889918694037185,84.50268875477404,149.70085316006924,65.1981644052952,2.2506138444227997,4.375220130627611,138.62183146113736,25.57656392493423,97.122710059167,170.0594798181083,72.93676975894128,2.542251114584687,4.765155421850693,167.14601650274295,3.864161259907758,162.06096394586882,171.81152235019582,9.750558404326995,0.3774061932070338,1.1026934588741426,159.51242734010333,1.537221585387374,156.32965994782893,160.9074055184564,4.577745570627457,0.2281395661075529,0.9692073586355434,177.2281414104414,1.4335324395495799,175.4090331194714,179.7863640482978,4.37733092882641,0.4036787907027956,2.294642483142354,176.63550289965573,1.2186187298929505,175.02482377976202,178.43503227812013,3.4102084983581165,0.17240226600277855,0.5195740557416286,-0.7416935888265693,0.28836221381590615,-1.0087662667238013,-0.21059179540744954,0.7981744713163518,0.02810348982054689,0.07106498122366367,-0.7864540605141982,0.2703592797131895,-1.0468293463561158,-0.2533885124488674,0.7934408339072484,0.02755557375596324,0.06537383743392133,0.0,0.0,0.0,0.0,0.0,0.0,0.0,9.829596192815378
shoulder_press_22,shoulder_press,66.8313401092677,16.65051879289131,51.47016168791192,118.4185752630434,66.94841357513147,2.5416667694785433,10.96121336801393,64.36956540137756,18.972644177836816,49.50667555348985,114.00248699826193,64.49581144477207,2.6675694726340184,9.9080528899661,88.96628114879418,14.593706365496665,72.01811690321436,122.0549277280861,50.036810824871736,2.3134617417665106,7.418573847812922,101.51489190492875,17.270153649389204,80.75810464030492,138.17151823824116,57.41341359793624,2.692708465464542,6.9184793235043145,162.7943417838316,1.350241247954862,161.14752234261698,166.85849528810354,5.71097294548656,0.2844362907743644,1.0468043361842376,157.34110207600543,1.778005535571677,154.6405176905371,160.6351645237228,5.994646833185698,0.3231374251961046,1.1413412611970557,176.70356503919908,1.501033168482781,175.39066938369402,179.7863640482978,4.395694664603781,0.3569855367940518,2.294642483142354,175.03274076090673,0.8138906036471742,172.76487530375684,176.55628692996177,3.7914116262049333,0.216264178048142,0.8490305488863328,-0.31591845192897255,0.24325592018869024,-0.8619808741421527,-0.07692732982759898,0.7850535443145538,0.03367690768908031,0.08043563000047882,-0.35643844480849474,0.25480062025011,-0.8945833432799624,-0.07826971507548952,0.8163136282044728,0.03657807010881284,0.0980562988767335,0.0,0.0,0.0,0.0,0.0,0.0,0.0,8.651087184400803
shoulder_press_22,shoulder_press,74.29422527277298,28.853130593520024,51.47016168791192,143.00042984430635,91.53026815639444,3.5583683897566627,13.182326539456625,76.65363341192163,33.77104488813452,49.50667555348985,156.7748869836955,107.26821143020564,3.9670252205935745,10.899447926298464,103.03411906053712,29.534458160321098,72.01811690321436,153.58937604782264,81.57125914460828,3.2027751885058717,7.418573847812922,112.0517448884412,28.543901071970044,80.75810464030492,169.53352285133363,88.77541821102871,3.5422456772275024,6.9184793235043145,164.21331163708365,2.958449759139,161.14752234261698,172.37062097230753,11.223098629690554,0.4480350928877842,1.6085703901882766,157.89386275222967,2.3692770687478606,154.6405176905371,162.18743800333334,7.546920312796232,0.3849725466088412,1.1413412611970557,175.42829359364106,0.86742767347609,173.56893355278703,177.3521296655723,3.7831961127852765,0.27223419938679794,0.8750605031094949,173.9534187517135,0.9535154621582986,172.5050297146365,175.53773430741373,3.032704592777236,0.2904383059399269,0.8490305488863328,-0.44149106828431317,0.3404471509360446,-0.956527809026978,-0.07692732982759898,0.879600479199379,0.03477859210066299,0.09930885654827548,-0.457494517218931,0.33914806772068223,-1.0060465567005419,-0.07826971507548952,0.9277768416250524,0.03710809373505584,0.0980562988767335,0.0,0.0,0.0,0.0,0.0,0.0,0.0,10.22470265054161
shoulder_press_22,shoulder_press,112.49557827905298,31.651972609497747,54.192802173885866,143.00042984430635,88.80762767042049,3.914555362304638,13.182326539456625,126.1081527442647,35.22966797506174,56.50627232042672,157.9482990082642,101.44202668783748,4.325882701704769,10.899447926298464,136.3358077300201,16.58992481315298,94.26027430076581,153.58937604782264,59.329101747056825,2.6187420862744415,6.68477099350801,151.7542539509183,20.526754565854528,106.66084515173354,169.89665898871357,63.23581383698003,2.5677534395321917,5.849176020049441,170.00863461800046,4.1798896763344855,162.86493000583073,174.06049749800385,11.195567492173126,0.41643430423469213,1.6085703901882766,160.88274930121216,1.9476858675852364,155.9185633173459,162.5361880784244,6.617624761078503,0.2819107608697552,0.9131852499031936,177.06678168893723,2.099656425105569,173.56893355278703,179.1540642991582,5.5851307463711635,0.276019943273665,0.8750605031094949,174.88601366979327,1.8011742490785663,172.5050297146365,178.4365405729306,5.931510858294104,0.2740391646188649,0.8220151245631087,-0.8588670175638431,0.1744907242263604,-0.9756856797484122,-0.36781296504464966,0.6078727147037626,0.023337664441566795,0.08772769099525668,-0.8781270649935827,0.18292077375087593,-1.0060465567005419,-0.38171445210306265,0.6243321045974792,0.02300602202983116,0.08038663029122783,0.0,0.0,0.0,0.0,0.0,0.0,0.0,10.75527772194378
shoulder_press_22,shoulder_press,109.28716255248533,30.412796071174625,52.9879424593851,139.63368365241237,86.64574119302728,3.1237410909758627,13.492626799497657,118.13416706033581,37.67952949443553,54.427146483660046,157.9482990082642,103.52115252460416,3.569694914641522,9.928251578618443,130.03445898048324,16.56780886749352,96.96254631261795,150.15284773549436,53.190301422876416,1.834148324926773,4.8211621898914245,148.10363735062523,21.522234959853062,106.88633975466321,169.89665898871357,63.01031923405036,2.178715294249586,4.72447300542413,170.91463571664505,3.716918558341647,163.6674148058446,174.06049749800385,10.393082692159254,0.38550865324435396,1.210870957741804,160.44590869958677,1.8318328240879276,157.31845258023088,162.5361880784244,5.21773549819352,0.24216192760702146,0.9246031277401698,179.15681984911527,0.37577065091208456,178.0462556357064,179.93199822579706,1.885742590090672,0.1937793077085295,0.9523842835326946,176.38152406272846,1.4624609662455184,174.59561452173628,178.79532403610048,4.199709514364201,0.2903896919303655,1.2351209913731225,-0.8421153835463294,0.17499447702530144,-0.9756856797484122,-0.43084035521663555,0.5448453245317767,0.019760422591732253,0.05895915039736954,-0.8517965138504853,0.20501902424016916,-1.005497139958119,-0.3768366251707491,0.6286605147873698,0.022857515751750254,0.0654018654639178,0.0,0.0,0.0,0.0,0.0,0.0,0.0,9.629356440137482
shoulder_press_23,shoulder_press,108.51161046455148,46.624025917092546,33.54929255437016,176.54157339443356,142.9922808400634,46.990187034088905,142.9922808400634,107.45966341420386,22.232103501115496,60.01363964364892,154.34564351486543,94.3320038712165,12.668509102803542,45.06216770080683,92.13201737899705,41.906793546357676,31.741826975002965,167.28758483788943,135.54575786288646,29.97762215967869,128.27974783949116,103.718750544639,21.920482968146285,75.7481000701187,144.52767029978102,68.77957022966233,4.8275818446972885,15.040057019311334,120.3805337099436,1.3557214175572294,115.2149160355276,121.93855276581755,6.723636730289954,0.6795438477512966,2.6853125953659855,113.0819748086199,1.0074025270042415,111.14984538957523,115.33961674605852,4.189771356483291,0.49777583493558686,1.6282975714079697,141.03149800087667,4.574569971776086,135.56655579063437,160.10657313389535,24.540017343260985,1.591704806193128,11.80458353349141,108.10955946324457,2.528780972993978,102.93202797535751,114.22435741718203,11.29232944182452,1.937280561648638,4.753347066161197,0.054208767723080954,0.6626690534717153,-0.8044416630079855,1.0859544682545137,1.890396131262499,0.5270944113481904,1.7570212667805274,-0.46940749235721135,0.21046368379201505,-0.810652584026217,-0.0880032701877459,0.7226493138384711,0.0601275865642458,0.23127657261986356,0.0,0.0,0.0,0.0,0.0,0.0,0.0,20.071775868131944
shoulder_press_23,shoulder_press,120.85850697039271,45.54911223817774,42.90202337340164,174.96924771658578,132.06722434318414,28.3098468637207,118.20939163465681,101.20937981777917,28.779173672883744,49.47149384864857,154.34564351486543,104.87414966621685,11.74320481316622,38.88292196482588,83.0388509598419,47.19377546778054,31.741826975002965,167.28758483788943,135.54575786288646,20.77978158827903,128.27974783949116,101.24407681599347,24.512317227150035,74.19098400358472,144.52767029978102,70.3366862961963,4.996682094003003,15.040057019311334,119.5466520922693,1.297586877028936,117.25045427454947,121.90995173456079,4.659497460011323,0.5387050833117379,1.513878234719087,113.64965632539844,1.2395726956195519,112.20041104851894,116.21916822249992,4.018757173980973,0.3747627273120095,1.0584814318168156,140.1607688238001,2.5576569345430658,135.43266716718315,144.97614222162753,9.543475054444372,1.1192297105037625,3.2114079031796905,109.54153973917333,2.443144509946346,105.24239125011972,114.22435741718203,8.98196616706231,1.824051084930144,5.669843253396607,0.2123417485911515,0.7521791074403227,-0.7794203848871574,1.0981158363642765,1.8775362212514337,0.3459165943854583,1.7570212667805274,-0.4185603537028106,0.2763970315589822,-0.810652584026217,-0.008147972763549505,0.8025046112626675,0.07543871880275331,0.289298647246956,0.0,0.0,0.0,0.0,0.0,0.0,0.0,17.06865603212326
shoulder_press_23,shoulder_press,126.92969548082823,40.63680929763731,45.389302961426836,178.3845089279301,132.99520596650328,21.371549650545315,112.14725123428147,96.9313322697017,37.675766838916125,37.45048315239182,155.1514360060474,117.70095285365556,10.372540964452018,32.891260728249414,77.1657064041765,44.83292048505878,31.44810284834157,154.7475833301586,123.29948048181703,20.921066748871954,92.66853415753472,96.5873905280274,22.272084728632997,72.75849842192632,136.12793828523047,63.36943986330415,4.563921716791754,18.16556378251174,118.78313551616931,0.8593584075832604,117.03669545747975,120.66556453289806,3.628869075418308,0.6226476881796073,1.6011908141746005,114.01403457534471,1.1443791819043416,112.56181660143854,116.21916822249992,3.6573516210613803,0.3801829325799398,1.1302522177159773,140.7540828838166,2.6038219823852575,135.43266716718315,144.97614222162753,9.543475054444372,1.162810154249909,3.731514440713113,109.300622929279,2.553095991778714,105.26829229079807,113.51325182763749,8.244959536839417,1.2238547511109183,5.669843253396607,0.2812872509137827,0.7394333970019834,-0.7605987816377054,1.0981158363642765,1.858714618001982,0.345058040183974,1.4852503604287277,-0.3648560452289928,0.24619174377522948,-0.7656495998854548,-0.008147972763549505,0.7575016271219053,0.08074292176301574,0.289298647246956,0.0,0.0,0.0,0.0,0.0,0.0,0.0,16.884246826596527
shoulder_press_23,shoulder_press,119.59757823981619,39.66870123166653,43.560008524268284,178.3845089279301,134.82450040366183,26.22386091721819,114.97857022520958,100.60680766581389,40.27899075533195,27.54911346780733,155.1514360060474,127.60232253824006,9.44226075516152,29.55228723938371,75.63149579096053,41.3194529859952,31.44810284834157,154.7475833301586,123.29948048181703,25.81292696919308,102.46303833568655,97.91100982521985,21.682425034668437,71.85577088560483,136.12793828523047,64.27216739962564,4.306224699132729,18.16556378251174,118.63432885549528,1.6588111822367946,114.82991474114947,120.66556453289806,5.835649791748594,0.6076015570435354,2.4336510894354006,114.78091567753135,1.975253349523495,112.56181660143854,119.0684563599092,6.506639758470669,0.5364416634282394,2.1720243278318065,141.8561521734303,2.2153670774012624,137.5764970113473,146.0705951710865,8.494098159739195,1.3116951946583981,6.070029851663946,108.5225034474207,2.7864558347650075,103.89790966905335,113.98218207548726,10.08427240643391,1.3825819265526638,5.731056552392488,0.2570941078876204,0.6933489300143822,-0.7934293523753791,1.1799851302376079,1.973414482612987,0.4738686469111409,1.5528003217487243,-0.403642054629154,0.2206281155714871,-0.727040903103117,-0.09168670428020853,0.6353541988229084,0.06609127041322774,0.22096916571073044,0.0,0.0,0.0,0.0,0.0,0.0,0.0,17.139078420917638
shoulder_press_23,shoulder_press,124.1601011264295,38.357961161902765,43.560008524268284,164.09695164339806,120.53694311912977,23.078659947998332,114.97857022520958,98.11163020823446,31.494235978204156,27.54911346780733,145.1951003919814,117.64598692417408,11.815342107638001,65.63835637111289,70.49658920154964,38.77763905859631,32.22493955981603,150.93774382870916,118.71280426889314,19.3002206975968,102.46303833568655,94.60713719073384,18.51639145565895,60.57773833536113,131.87468512809932,71.29694679273818,8.434930545471573,63.60597516266502,115.89669397257028,2.6853383812777882,113.00755496912734,120.06175877555044,7.054203806423104,0.46219838624577786,2.4336510894354006,116.25732199129872,1.8178821713331499,113.37676593488642,119.0684563599092,5.691690425022784,0.6306999093188632,2.1720243278318065,137.00855433923115,6.129521156900067,126.61823769398588,146.0705951710865,19.45235747710062,1.5907169817796,6.070029851663946,107.33870517593962,2.827602435190986,103.59898631673802,113.98218207548726,10.383195758749238,1.2002888035820547,5.731056552392488,0.4410005450089212,0.7105768082462737,-0.7934293523753791,1.1839770061930883,1.9774063585684676,0.4025966254151049,1.5528003217487243,-0.4164238917458793,0.20086418097983008,-0.7479076645712799,-0.09168670428020853,0.6562209602910714,0.08263189339705629,0.5476269663434221,0.0,0.0,0.0,0.0,0.0,0.0,0.0,16.125308965860942
shoulder_press_23,shoulder_press,135.029190334838,32.401934606129956,41.68838757879562,164.09695164339806,122.40856406460244,14.968963563602113,77.99821649850304,90.30272478755269,33.50525855323669,29.314255881628572,145.1951003919814,115.88084451035284,10.79910528202724,65.63835637111289,64.09634867157864,36.73943741772486,31.967654510336416,152.68802638692435,120.72037187658793,18.385153402053,91.33334094107879,91.16192836151544,18.153046677399956,60.57773833536113,131.87468512809932,71.29694679273818,5.854218291799469,63.60597516266502,115.28328008834139,1.776465945563508,113.00755496912734,118.02281773463687,5.015262765509533,0.47647522784648616,1.6096890412671456,117.39790819485461,2.4402533654903382,113.55009603185708,122.37288413029539,8.82278809843831,0.6120893335698387,1.5676264405037017,135.9906916134846,5.286219186800729,126.61823769398588,143.2665046842909,16.648266990305032,1.3746087739533892,5.761700741751525,106.65167467252164,1.6420447247736802,103.59898631673802,110.01504618438962,6.416059867651597,0.59463321188611,2.2369901915380552,0.6477612797820531,0.6255125622540383,-0.6072613252021302,1.194931300261838,1.8021926254639682,0.33082519054947734,1.2501415612646563,-0.3808657164686248,0.21942741670438262,-0.7479076645712799,-0.003145688806345359,0.7447619757649345,0.06984036453515627,0.3958857497950753,0.0,0.0,0.0,0.0,0.0,0.0,0.0,16.354023633169387
shoulder_press_23,shoulder_press,125.20810226484984,39.07005368411048,41.68838757879562,175.39473363732762,133.706346058532,31.23740862283691,131.34128205588297,91.57151374441133,34.50154199895358,29.314255881628572,135.29736698539688,105.98311110376831,7.087267067141293,18.925075316922452,76.05238490639425,45.5815444941971,31.967654510336416,163.24549687588532,131.2778423655489,25.794336924086426,121.18044127279848,94.23869921709837,17.814093770551516,69.78680353053058,127.63975458493061,57.85295105440004,4.0259842560466,13.60791315587393,117.7033142971734,1.1351365135916698,114.86062979020683,120.59644856332073,5.735818773113905,0.5669846981695285,1.6096890412671456,118.1137672222517,2.5899639206032976,113.55009603185708,122.37288413029539,8.82278809843831,0.5978810940136421,1.6801257740846296,137.34875002549148,4.32998160901334,128.06470237795617,143.2665046842909,15.201802306334741,1.1303524575770667,3.2445178223761957,109.70758074145085,2.531957191283369,104.59430098910192,113.78436833776236,9.190067348660435,0.8739552748276602,2.265634023277528,0.41742031032155563,0.7362532776533198,-0.8436973948966677,1.194931300261838,2.038628695158506,0.4388536703168806,1.4063027388701275,-0.43868753519018583,0.24425549521590675,-0.8344660801420544,-0.003145688806345359,0.831320391335709,0.05372950801372707,0.18652326865563895,0.0,0.0,0.0,0.0,0.0,0.0,0.0,21.502450510018207
shoulder_press_23,shoulder_press,121.74853802357818,46.050857604592316,27.96967978439009,175.39473363732762,147.42505385293754,27.955174823895966,131.34128205588297,93.5120483102361,26.75453593206822,51.60342023283464,135.29736698539688,83.69394675256224,5.42723178231491,18.13942401779333,70.19997573804432,42.04173216344256,33.160730629350375,163.24549687588532,130.08476624653494,20.439757305266074,121.18044127279848,93.59054883427274,17.111071769931858,71.49467992788547,127.63975458493061,56.14507465704514,3.467068603542698,8.527237656526651,118.19246634681568,0.8135694949066168,117.01908443866338,120.59644856332073,3.5773641246573504,0.4610753849458144,1.321901174725781,117.32991143957003,2.0668871103961926,115.05128695361071,122.02121685531728,6.969929901706564,0.5227453466427598,1.6801257740846296,134.29710857407483,3.956076421200976,127.46635448220007,141.13229637402955,13.665941891829476,1.2001137822930437,4.382567337411302,113.23610814083992,2.628912106401557,110.04023129940954,119.2815428861509,9.24131158674136,1.6730339638653946,5.334570205460253,0.4597014036288846,0.7176990206461477,-0.8436973948966677,1.1569731241430068,2.0006705190396747,0.3972322077148352,1.5395079271499426,-0.4435680169826691,0.20018261000724838,-0.8344660801420544,-0.17986163312526493,0.6546044470167894,0.04465340992246085,0.15675988866972945,0.0,0.0,0.0,0.0,0.0,0.0,0.0,14.853435501366674
shoulder_press_23,shoulder_press,123.0585396287852,46.46307787330203,27.96967978439009,179.7986423965656,151.82896261217553,25.24469570008229,82.91972865809791,98.3831483146462,25.025289031897774,51.60342023283464,148.26757927394857,96.66415904111393,7.378367919840189,27.764386361562558,73.0575352533306,42.95759883978512,33.160730629350375,160.6706644986441,127.50993386929372,24.672220148640452,115.42985316540286,93.48355042227834,24.297386116140196,4.295361547836406,138.14755243260504,133.85219088476865,12.592190783155484,121.89518450187659,116.9622470300889,1.133906669071095,114.91394039898647,119.3868307773631,4.472890378376633,0.47434476698064265,1.3888523488197109,118.35699340076535,2.152877311510234,115.22834766102558,121.02935715579332,5.80100949476774,0.3753612450795527,1.6385610825660137,133.82405191206595,3.2765684344017574,127.46635448220007,139.7235352918795,12.257180809679426,1.5068541872175802,5.9608170015421535,112.94932646828849,3.221862064751815,108.7412659608636,119.2815428861509,10.540276925287301,1.9282541735154979,7.1517691153282215,0.40852395186553875,0.7001288669103973,-0.8403434520834314,1.1280691439294843,1.9684125960129157,0.4382133050616766,1.8295505976203321,-0.434482528014359,0.2229409313112985,-0.7561991821786084,0.32156226115830777,1.0777614433369163,0.10901552638109333,1.0777614433369163,0.0,0.0,0.0,0.0,0.0,0.0,0.0,16.310502269473748
shoulder_press_24,shoulder_press,103.60814339513978,31.986751216924162,63.77707197287248,157.08695813697813,93.30988616410565,8.042791233454231,24.576055924310637,82.23857663203674,22.717895997566714,56.21409700124024,131.1291586006718,74.91506159943154,5.766273080776373,24.769303484602958,129.920544839593,10.8523365270837,111.00071012952553,146.98165682636144,35.980946696835915,2.4831894183776346,6.113738320739557,85.77886229262121,14.537851909368813,67.99456780079448,116.9121369705766,48.91756916978211,4.018364208246819,17.621045239929458,105.92118847215923,6.918161262136834,98.85001725146587,130.31955370807881,31.469536456612943,1.7154423360935198,11.696865534598999,117.42353645921781,4.146929323303302,112.67887188706904,134.0005118081376,21.321639921068552,1.5044354282454013,10.367535525470643,50.532560052742355,11.635848786750973,36.46982019487285,80.31578027000872,43.845960075135864,3.467704833600205,15.242321463109178,33.88635641743194,7.79463435564551,26.307428672640206,61.14548042744761,34.8380517548074,2.1514810737545718,10.632499544409988,-0.5221188505998057,0.14027400019916889,-0.7418655360408276,-0.261879243814543,0.47998629222628464,0.03722095108305166,0.08736174719922885,-0.48043185698842866,0.10601296900946537,-0.6541535945678377,-0.3416984706579801,0.31245512390985763,0.028208968231684024,0.08118206219311985,0.0,0.0,0.0,0.0,0.0,0.0,0.0,2.2978245994423565
shoulder_press_24,shoulder_press,103.8715804812884,28.013299677778114,63.42734659455185,157.08695813697813,93.65961154242628,8.624588000435452,20.938694333803895,87.90356474702527,27.603367644232975,53.688191857709995,131.1291586006718,77.44096674296179,8.182256682684562,24.769303484602958,132.49877687219836,13.806939185020491,111.00071012952553,151.52603344280507,40.52532331327954,3.470370575156994,7.898923251148602,95.41059405497468,18.088302380230772,73.99613967595957,130.32886942626365,56.33272975030408,5.670017660935374,17.621045239929458,99.69615800883192,2.8778041905905414,95.64400461201868,104.73832604586853,9.094321433849856,0.9522502054512368,3.028242701345519,115.16869226980673,1.4969091576734617,112.46624709922635,118.31402637271441,5.847779273488058,0.6225141826512098,2.46649819085674,59.28264860800936,13.891014065510351,36.46982019487285,82.20792655325009,45.73810635837724,5.327035231545999,22.196161072804266,32.362586817468284,3.023213605787755,26.66929321125597,38.68299488186968,12.013701670613713,1.5488904844656848,4.07930045465389,-0.5226067503984084,0.1580661811610476,-0.7418655360408276,-0.261879243814543,0.47998629222628464,0.04169324220126031,0.11342100918191489,-0.5241226055151184,0.09224255361988219,-0.6541535945678377,-0.35782467621503355,0.29632891835280417,0.02968843101968053,0.08118206219311985,0.0,0.0,0.0,0.0,0.0,0.0,0.0,3.070427692831884
shoulder_press_24,shoulder_press,87.7364085441973,23.659588709470025,61.4946434954941,132.41030177978033,70.91565828428622,7.455154914271862,20.938694333803895,80.110905120659,26.55493317436255,52.64537942527324,128.3724800807984,75.72710065552516,7.780691954675268,19.958558859669793,130.35652537919245,12.984822980829774,112.66459451267731,151.52603344280507,38.86143893012776,3.7744230254980553,7.898923251148602,92.46579153884146,19.563216759147082,73.07007504882863,130.57721404717316,57.50713899834453,5.819072973558879,14.738299494103615,98.67775887904375,2.0915475750529215,95.64400461201868,102.20610436143255,6.562099749413875,0.675750695647131,2.291528542934074,116.76462337995612,1.7440541529504747,112.46624709922635,119.02798167280706,6.561734573580708,0.4279537050153898,1.8509816926572,63.75128818510745,14.247587400418336,37.03513763347291,82.20792655325009,45.17278891977718,6.034356550173677,22.196161072804266,29.85294056821227,2.378088265640708,24.582853625402706,34.06154330210791,9.478689676705201,1.2595301176510807,4.470394426823557,-0.4913629618368108,0.13328899090808244,-0.6908961040278949,-0.3010599553875155,0.3898361486403794,0.03785877565499572,0.11342100918191489,-0.4896865853955068,0.08939271022067728,-0.6435495308111889,-0.3646583842552138,0.27889114655597513,0.026201235240987306,0.08554069540130615,0.0,0.0,0.0,0.0,0.0,0.0,0.0,2.956722072497483
shoulder_press_24,shoulder_press,85.47697026776056,25.431847404727062,61.4946434954941,141.22355492872978,79.72891143323568,5.972888533667754,20.321957037489852,73.31253662346674,26.227631106116498,51.19294492087514,127.84093306158738,76.64798814071224,5.66214437429929,19.958558859669793,126.39120497393597,12.858157357127746,112.66459451267731,152.45443388013456,39.78983936745725,3.143288809716908,7.401323335036665,89.84599231075407,20.136397150450694,73.07007504882863,132.0887484204411,59.01867337161248,4.330206179401878,14.663994163912704,99.34399369108493,1.8321077184018821,96.60987629347927,102.32282800059838,5.712951707119103,0.542871782272331,1.871401042983237,117.0315229555242,1.2091310915494156,114.70968011146019,119.02798167280706,4.318301561346871,0.34045197132820604,1.2011774423914119,64.90323748743354,13.808236197930318,37.03513763347291,80.91431713600876,43.879179502535855,4.637938809108761,21.264604105343977,33.00292737055591,10.088675124905658,24.582853625402706,75.24245446608771,50.659600840685,2.874073319914146,22.772128932294017,-0.45277118123037574,0.13394385305674408,-0.6837227750207362,-0.3010599553875155,0.3826628196332207,0.03099788011518127,0.08524080787464094,-0.478831854792057,0.09734044573021157,-0.6525168141578735,-0.3646583842552138,0.28785842990265975,0.022320179684396254,0.08554069540130615,0.0,0.0,0.0,0.0,0.0,0.0,0.0,2.276088552530269
shoulder_press_24,shoulder_press,101.65368495150781,30.18959112200359,63.94015730711683,155.24818469722666,91.30802739010983,6.387476428083846,24.645659313641232,84.31729554562104,26.48890154312543,51.19294492087514,125.21589180318503,74.0229468823099,6.671825053705775,16.489105206860117,133.8586214600774,14.410912756172342,114.62620093657537,156.28967616829894,41.66347523172357,3.768450381788157,11.443712706863153,102.53408583499235,22.12093062037872,74.54632573015418,138.57031469697398,64.0239889668198,5.549684507896406,16.64039842154007,98.53105772903389,2.332479720390948,94.891591689443,102.43113944026334,7.539547750820333,0.7081851001099427,2.118258853944866,117.20688102317791,1.3492524564414434,114.70968011146019,119.72584465063973,5.016164539179542,0.547126742027123,2.537038928816159,61.40197498082335,15.026583922988824,38.715678649323706,88.78643515249955,50.07075650317584,4.922239713817496,21.264604105343977,59.79951170863863,30.23306746514495,25.283784810936897,125.25359057831257,99.96980576737568,9.131134398054993,40.08531422126043,-0.5224061704072107,0.14552330467177502,-0.7444472623646806,-0.31853222439044293,0.4259150379742377,0.04167766469464735,0.10870395930984678,-0.5350965628262029,0.0913504491153557,-0.671587854166668,-0.40602010879184114,0.26556774537482686,0.023658665051242807,0.06275697638399202,0.0,0.0,0.0,0.0,0.0,0.0,0.0,1.4617476926955466
shoulder_press_24,shoulder_press,125.7623834366489,26.434965056895205,63.94015730711683,166.84334832398898,102.90319101687214,8.526040087946651,24.645659313641232,82.66407616686787,21.07740964583461,54.10293603018307,121.99608785130071,67.89315182111764,7.7775454167894,17.27780792592509,137.73103048613783,11.836044339055473,118.418956843272,156.28967616829894,37.87071932502694,3.85738401283265,11.443712706863153,96.17311359743059,21.221226780050955,68.66899916630867,138.57031469697398,69.90131553066531,5.560714955201613,16.64039842154007,99.41615072340097,3.260266327348856,94.891591689443,109.18385920988517,14.292267520442167,1.036280200226662,3.4649867019173826,118.93043965104748,1.7022713995499799,116.7847353670405,124.09047729796455,7.305741930924057,0.8766683499800694,2.4520562792669978,55.085800007220904,12.0474826061841,38.715678649323706,88.78643515249955,50.07075650317584,4.194259677844857,15.494897721791418,84.88333144617332,34.226350203646525,28.393142634402775,130.6088473075602,102.21570467315743,11.463699744171116,52.32092503680657,-0.5145677482497214,0.14510833775289222,-0.7444472623646806,-0.24046985090012996,0.5039774114645507,0.05583638372107298,0.18785216599842092,-0.5297757196687254,0.08459606611166669,-0.671587854166668,-0.3918405550139511,0.2797472991527169,0.028049041496747258,0.05575188641464279,0.0,0.0,0.0,0.0,0.0,0.0,0.0,1.4638790729217246
shoulder_press_24,shoulder_press,131.31133097846796,24.55788581835843,76.6365624428402,166.84334832398898,90.20678588114878,10.472202827209497,38.632076507583506,78.66466574417178,16.836397584365887,55.733477501109675,116.27074287797274,60.53726537686306,6.032462495031489,17.27780792592509,137.8753018052877,12.481207889718073,121.77004924611919,161.02941779039588,39.2593685442767,3.3350651837686054,8.072454096540696,77.9449677112305,14.715506242201675,55.38921157242716,106.42999013919795,51.0407785667708,3.9094922766331677,11.79202350357751,114.12516089383658,15.034724706809437,96.5977629902699,144.87397000782238,48.27620701755248,2.4220783448387677,6.9701045632031935,123.71635370419641,4.883977479611412,116.7847353670405,132.7420847920292,15.957349424988706,1.0631786559296075,2.4520562792669978,70.73302277716644,31.267996570858973,44.01913489252747,165.79882678867838,121.77969189615092,6.334606290940312,34.380028412411235,59.84480705599833,40.13681424863772,26.736827203994878,130.6088473075602,103.87202010356533,5.686775363579266,52.32092503680657,-0.4723932632575819,0.14296378763657666,-0.7130917195197274,-0.24046985090012996,0.47262186861959743,0.04701436798611578,0.18785216599842092,-0.46085505009758065,0.11730903545782857,-0.6509658538222345,-0.2779745169480349,0.3729913368741996,0.027186723410782355,0.08276568158468278,0.0,0.0,0.0,0.0,0.0,0.0,0.0,1.5315519572350373
shoulder_press_24,shoulder_press,118.05356450152973,23.029315096311713,76.6365624428402,157.2276905016545,80.5911280588143,9.90933193641165,38.632076507583506,97.32426860047711,19.718111335238476,64.0244707742149,128.28049803642548,64.25602726221058,5.850282274541725,24.352372976300174,151.3593779244402,18.353051950621026,121.77004924611919,179.9489025434182,58.178853297299014,4.353363264719241,13.242197126310373,82.24080497898701,18.132879367646584,55.38921157242716,106.9722544448383,51.58304287241114,4.799459364289144,17.841849616765643,138.03805158825006,14.249017741468272,115.18305699103922,161.87665330267467,46.693596311635446,3.163789950528229,13.740041769347101,132.36550830259998,5.862337701039046,124.516086940076,147.99620930201056,23.480122361934562,1.6253463725693889,6.479060321603896,110.91368418032326,41.70107765929789,51.550026890522226,176.35079457011472,124.8007676795925,15.67715622449646,52.52632297302068,41.72773457478717,15.928826304324062,26.736827203994878,86.27065168346844,59.533824479473566,3.122889130723049,20.750683742116706,-0.5635570621418194,0.1400611285113625,-0.7237799421749481,-0.2984417807180011,0.42533816145694703,0.039002571536543844,0.08122736643743766,-0.4642796835082853,0.11439148494803011,-0.6400449169958163,-0.2779745169480349,0.36207040004778146,0.029651746235657778,0.08276568158468278,0.0,0.0,0.0,0.0,0.0,0.0,0.0,1.0560958484991003
shoulder_press_24,shoulder_press,101.60492142453133,19.661472165214214,70.07439426668923,135.80472184825314,65.73032758156391,6.376280116922983,23.001483899123016,104.40299709877681,20.560622303918734,70.30809274423554,137.93405575707865,67.62596301284312,6.470032491470039,24.352372976300174,152.8082951794372,16.88177318939369,128.66066633907465,179.9489025434182,51.28823620434355,4.632050552409339,13.242197126310373,88.01302823910264,18.522555595767322,64.94192890509416,127.21953793927449,62.27760903418033,5.011123427147187,17.841849616765643,160.6333851483302,14.955167275241534,134.84286871888216,179.92555157188926,45.0826828530071,2.381953544423381,13.740041769347101,152.69993204810947,16.75262874519885,131.01941859580182,178.99213686286038,47.97271826705855,3.7444500386747546,16.3110654279416,146.82113987516172,28.377689234613676,75.94300854906606,176.35079457011472,100.40778602104865,11.375902567212492,52.52632297302068,103.2851166755849,55.80622694764568,37.600290726804666,179.80208092149525,142.20179019469057,7.077753257325778,36.18759612234973,-0.6077035521804733,0.11349206726748778,-0.7887652566585261,-0.4252551950420338,0.36351006161649235,0.0375491541481576,0.08628351506258036,-0.4713072074915324,0.10462184963569689,-0.6770249607113032,-0.30215035642111343,0.3748746042901898,0.031221925444811283,0.08705805787944121,0.0,0.0,0.0,0.0,0.0,0.0,0.0,0.9149484228245043
shoulder_press_24,shoulder_press,94.46547935160386,24.524900283932723,65.09664875864246,136.59922066947587,71.50257191083341,5.594506624658624,22.01979400482584,106.90564580328031,24.99024009944252,70.30809274423554,144.4088585867819,74.10076584254635,6.230597578214011,20.710877377789615,145.0326654212685,16.923455925230076,121.64185539978422,172.67389435028306,51.032038950498844,3.958070775320305,9.035091057969566,94.69270061382528,24.07409398967101,64.94192890509416,133.40458412392272,68.46265521882856,4.886814601965107,16.322697921848643,173.30322854742755,5.5175150056273345,158.62718574825652,179.92555157188926,21.298365823632736,1.7732839761220296,7.982304566178925,170.10975421945577,6.969984723728729,151.60684824086056,179.52934150125296,27.9224932603924,5.807210571003318,20.391873771265267,150.99177298849003,24.412857389290437,100.28926095012254,177.18738009365902,76.89811914353648,7.8560208799619335,46.4375780805281,149.85797630965504,21.982965576084112,103.37550875377107,179.80208092149525,76.42657216772417,10.435839599857125,36.18759612234973,-0.6005421939266645,0.14559393919820668,-0.833716782347696,-0.3916971858444901,0.4420195965032059,0.036048233114933,0.09639821895993206,-0.47988937737885085,0.14388352531284446,-0.7065124645753149,-0.30215035642111343,0.4043621081542015,0.03133816200349366,0.08796166423793284,0.0,0.0,0.0,0.0,0.0,0.0,0.0,0.7989218437452477
shoulder_press_25,shoulder_press,134.45844396812586,22.31459072449459,97.32909306570124,164.87596675650113,67.54687369079988,4.865320453206954,20.273295828571634,124.5700358043029,21.95281626122311,78.01009115013134,151.310167566926,73.30007641679465,4.668357070294977,10.674916662617974,145.99401241968337,26.167874282461494,105.73052776670005,179.7774158556982,74.04688808899814,5.38195974069128,16.770583652646224,135.27415692005573,19.784858243989014,103.51213231287909,160.73986509244415,57.22773277956506,3.9010349227321752,7.558824029457838,169.58511947512787,1.5032805884313032,165.7904750121321,171.60568133256666,5.815206320434555,0.4281207904928212,1.0749821557319024,168.29095435738034,3.0130938076567317,162.04648866298155,171.62443649825528,9.577947835273733,0.5496233876922351,1.6630635822439217,152.32429815978963,17.366568880234727,109.72932763068282,179.45490010907375,69.72557247839093,6.2737948119477975,43.47419692596044,150.35881791781142,12.273998594656476,129.2593558522812,176.37625050652596,47.11689465424476,6.61906403884263,22.199323135129532,-0.7220293157892992,0.11883718241796605,-0.8469137452769213,-0.4772869358873961,0.3696268093895252,0.026155518245176045,0.06718747604352293,-0.7354933145450436,0.1179837692802992,-0.8511444427288063,-0.4681094440971475,0.3830349986316588,0.028263592791718813,0.07211847123842596,0.0,0.0,0.0,0.0,0.0,0.0,0.0,1.3565864546492776
shoulder_press_25,shoulder_press,98.99150831221955,34.25224227900919,63.63170514216016,161.11613266576666,97.4844275236065,3.6558857370521993,20.273295828571634,91.21354991423033,30.58095764057863,62.703257996638534,143.8651928666698,81.16193487003125,3.059294999919295,10.415077852800138,117.35233690211386,32.20365903958388,84.9531189787092,179.7774158556982,94.824296876989,3.5007175550967116,16.770583652646224,112.96784267607832,24.702613847094103,87.49642396418433,158.40883886580264,70.9124149016183,2.451021428931141,7.558824029457838,167.92629615715205,2.2221880239062397,164.96923820381534,171.60568133256666,6.636443128751324,0.4295598374095062,0.9196217736204062,166.65393781105675,3.8025811647537195,161.8843072005453,171.62443649825528,9.740129297709984,0.35218663187643723,1.289632102246486,161.41433109903647,14.54770471010223,141.21074210813475,178.62204351911336,37.41130141097861,2.538946025302966,25.191177872355752,158.23036569285296,15.041056103109128,129.2593558522812,176.37625050652596,47.11689465424476,3.533395555375719,22.199323135129532,-0.4834463867512387,0.23482202920678139,-0.8193213346093029,-0.18745775574230683,0.6318635788669961,0.022226125933071248,0.07301490033824432,-0.5234817075132648,0.22467684785329886,-0.8470586391581773,-0.24186753530847815,0.6051911038496991,0.021645828843271302,0.07136472713512809,0.0,0.0,0.0,0.0,0.0,0.0,0.0,1.8480824332370105
shoulder_press_25,shoulder_press,90.51599052164312,26.853364753936457,63.63170514216016,141.92473620807877,78.29303106591861,3.59929964735925,11.72082429296384,83.0023432720014,26.116293647083584,62.703257996638534,141.4643640505058,78.76110605386725,3.128890376238268,10.413700477125573,103.26491395898857,19.887339266034072,84.9531189787092,151.54567081787494,66.59255183916574,2.971360875508075,8.160345639500903,101.98012962398705,15.351842270008364,87.49642396418433,137.8481674768021,50.35174351261777,2.2617978284748714,5.013144140453875,167.27858907413764,1.3084631200050625,164.96923820381534,169.79428322044868,4.825045016633339,0.3918071580030677,1.212105570603228,163.20068893637188,1.4012824860653794,161.8843072005453,166.70641003808473,4.822102837539433,0.3488986472178765,1.4372086171929368,164.9747717065473,15.359902634703289,114.13270272720831,178.62204351911336,64.48934079190505,7.070416450119014,51.28993651373085,157.94095396584953,14.526306921943531,120.43775735557269,174.3756488263948,53.93789147082212,4.752698837974476,26.516051228011435,-0.41385956126206996,0.223279154721683,-0.8526660290506505,-0.18745775574230683,0.6652082733083436,0.031130804331245952,0.07059923026030523,-0.42661382338417597,0.1829726154436357,-0.7997160527629025,-0.24186753530847815,0.5578485174544243,0.02638955574995996,0.06818895163387118,0.0,0.0,0.0,0.0,0.0,0.0,0.0,0.9520470435499465
shoulder_press_25,shoulder_press,131.18740553115447,26.316292679621203,76.67532997438832,165.8431221180131,89.16779214362478,4.554463103939457,13.354282125075798,123.88116492720647,30.248133002137692,66.48460860084167,155.2025904029304,88.71798180208874,4.143025323211127,10.413700477125573,141.11587138715288,31.190044237720354,86.34481290599628,178.7224988757174,92.37768596972113,4.538723590431979,12.331733926092653,132.4693918695669,24.769605546787556,88.42494138946256,161.6864665358841,73.26152514642155,3.4730085780468145,8.204084885761432,168.6110397510535,0.9268127954262683,166.4227129767475,170.12924034372304,3.7065273669755356,0.39223066531014905,1.212105570603228,167.05952221436735,4.074243571901186,162.39963899316345,172.58579576734417,10.186156774180716,0.4098659688907962,1.4372086171929368,137.3056816518488,26.659333197940132,89.26075892622683,177.54768873558038,88.28692980935355,12.094540034584277,52.876785750888104,141.71721914467327,13.562561328890162,119.64225637291104,166.6961137981816,47.05385742527058,7.483026981899661,26.516051228011435,-0.693281325093712,0.21221437942250887,-0.8625088784724912,-0.19600028950925452,0.6665085889632367,0.026608632218612323,0.07059923026030523,-0.6881610374603702,0.2094878255578515,-0.8604903971949363,-0.2486384060288277,0.6118519911661086,0.023881138793962992,0.06818895163387118,0.0,0.0,0.0,0.0,0.0,0.0,0.0,0.8198967795559197
shoulder_press_25,shoulder_press,117.79945349178047,37.585297598821064,57.36476165302817,165.8431221180131,108.47836046498493,4.706537981689396,13.354282125075798,119.05936126115799,32.198228741752224,63.35767159350419,155.2025904029304,91.84491880942622,3.867991791562786,7.928070663425899,137.87686963032212,32.22900507820793,86.4999964091541,178.7224988757174,92.22250246656331,3.9301037116289517,12.331733926092653,130.40974716036814,25.528179011378896,88.77061861878244,161.6864665358841,72.91584791710167,3.168477990859712,8.204084885761432,168.107095250945,1.1233265357371849,166.60803833989172,170.12924034372304,3.52120200383132,0.2895721660651006,1.1023924196830706,169.09558362323568,2.917848591502489,163.21721743680283,172.58579576734417,9.36857833054134,0.5405469253547608,1.5226069869435435,141.39558841438145,28.9145866212852,89.26075892622683,177.85957158344706,88.59881265722024,7.03737673494482,52.876785750888104,146.27326753848234,13.764691752062618,119.64225637291104,168.26695260872714,48.6246962358161,4.940994224249486,18.00773027885407,-0.6551031040867609,0.2158353672373898,-0.8625088784724912,-0.2013098995122229,0.6611989789602684,0.024012690268804888,0.05807393025656715,-0.6823443223523759,0.1982623482840059,-0.8604903971949363,-0.27206511233654607,0.5884252848583902,0.021895760538994054,0.053965902684606326,0.0,0.0,0.0,0.0,0.0,0.0,0.0,1.2236502049661442
shoulder_press_25,shoulder_press,85.60370340663198,22.36768137610228,57.36476165302817,129.0840397691642,71.71927811613604,4.687945851489903,11.10672689827399,84.63440881068895,21.544361622366033,60.90734200400381,128.96945738184766,68.06211537784385,4.392789955757995,9.978081232785868,102.99416457329629,16.306872321096158,81.46577960671861,135.46997346804997,54.00419386133136,3.311829102384099,7.5622468822517135,102.78368215955167,14.42438368846753,83.24727178421068,129.70432121673483,46.457049432524144,2.9921343736986765,7.001590061479888,167.27284815148317,0.6122186935016555,166.48089029943785,168.7653447178641,2.2844544184262645,0.28454411612211783,1.055904325198128,165.1482817618174,3.0128429833870567,162.05998120736004,171.8169993819501,9.757018174590058,0.445244196758522,1.5226069869435435,170.3766207532359,12.122225972700722,144.68191585100578,179.3796749917764,34.697759140770614,2.3532059331571547,25.38792644617706,162.98771873520218,9.037627118875275,145.04956876156194,175.95496706446153,30.905398302899584,3.5020179176334945,17.85905392940532,-0.4129863393848399,0.20017576799319992,-0.7808724409265677,-0.14498433669975863,0.6358881042268091,0.04018319920244629,0.09887515013307435,-0.45668210663704695,0.18792357908923982,-0.7762730025221779,-0.20171373409022686,0.574559268431951,0.03751822530079934,0.08018437641453435,0.0,0.0,0.0,0.0,0.0,0.0,0.0,2.3363205565824448
shoulder_press_25,shoulder_press,120.07060073949016,38.24047715263135,64.58283593730772,174.0169081877243,109.43407225041659,4.978192153883145,22.023839312012115,111.45936329109165,36.16549303821789,60.90734200400381,152.16700913043093,91.25966712642712,3.8839286392115056,9.978081232785868,129.9922659216732,36.558576417378376,81.46577960671861,179.22957709880146,97.76379749208284,4.251266898557095,15.651506559129615,123.63467894333499,28.43935954968237,83.24727178421068,159.38544442396966,76.13817263975898,3.1009300550298238,7.001590061479888,167.2535020601766,0.8879098916362425,165.70915668102154,168.7653447178641,3.0561880368425705,0.3899220260011246,1.055904325198128,167.11514602483916,4.599061496909725,162.05998120736004,173.63312301309733,11.573141805737293,0.47272308720000483,1.5779243860752388,162.03726602483948,21.556658429854405,99.4976109604078,179.3796749917764,79.8820640313686,7.72761827306426,48.210611617010585,156.7532337726339,14.529848087942108,130.02344864974077,175.95496706446153,45.931518414720756,4.507860724932642,13.030356296527629,-0.588973799937233,0.2819180343684641,-0.8673607202094218,-0.14498433669975863,0.7223763835096632,0.027644199070093595,0.09887515013307435,-0.6136081119874434,0.2601159605745114,-0.8770433556560686,-0.20171373409022686,0.6753296215658418,0.025868219096540992,0.08018437641453435,0.0,0.0,0.0,0.0,0.0,0.0,0.0,1.2379114451068147
shoulder_press_25,shoulder_press,124.14430323710098,34.85716537727731,62.236981153536334,174.0169081877243,111.77992703418798,5.436198836151632,22.023839312012115,120.15096987942911,29.669597431367187,64.37312587207315,152.16700913043093,87.79388325835778,4.158957084918435,10.863426423147942,139.36373414653193,28.91311556545287,91.41622055203494,179.22957709880146,87.81335654676651,4.988547381103813,16.80765277251527,131.54468906475464,21.26483923326389,96.57660872070772,159.38544442396966,62.808835703261934,3.3202366459911654,8.460297452594943,166.71393972102723,1.3453624723888014,164.14336899971067,168.92423934655042,4.780870346839748,0.44448714396911027,1.2658917967827392,169.76209385409175,3.4069142417477174,163.17853760598783,173.63312301309733,10.454585407109505,0.6601924285542944,1.658557423024206,160.00201230969472,20.696163681008365,99.4976109604078,179.8348844120136,80.3372734516058,8.805656832694126,48.210611617010585,155.93863699613928,13.723830797770322,130.02344864974077,174.3592868312171,44.33583818147633,4.7855268364346655,14.045016816836238,-0.6910794262652892,0.19336232643777088,-0.8673607202094218,-0.30148310535432343,0.5658776148550984,0.024697958363936134,0.10004528723196926,-0.7191611718648768,0.16830535448145473,-0.8770433556560686,-0.3558816904820483,0.5211616651740203,0.022657892934148365,0.0590850731185224,0.0,0.0,0.0,0.0,0.0,0.0,0.0,1.2182979423366067
shoulder_press_25,shoulder_press,87.38629014127332,21.97408137301672,62.236981153536334,124.40922305045062,62.17224189691429,4.39214481591559,11.948297476737537,85.44179999389976,22.077361390547605,63.84485795916864,126.9583062689466,63.11344830977796,4.1880744355120845,14.672620111043855,107.50651620940509,17.696373694583812,86.62032123317627,146.77041776715657,60.1500965339803,3.523696064241054,7.897675248850163,107.48845783319301,13.964591973839651,90.92330892187094,141.2167773113993,50.29346838952837,2.9066289575931545,7.801437794718652,166.97097679925625,1.3624384958620994,164.14336899971067,169.18299836621873,5.039629366508052,0.4270723135267811,1.2658917967827392,165.16667366941658,3.8904548198679345,161.71650140491815,173.47393195537734,11.75743055045919,0.4944648920807571,1.658557423024206,162.38284967718178,25.318814402372883,83.1156681724002,179.8348844120136,96.71921623961339,5.538613510835566,28.480762317904748,158.7977583883891,30.252722671704767,53.28706513503,174.3592868312171,121.07222169618711,5.867171301215016,56.68533676453993,-0.4676993341170787,0.19498792077603677,-0.8379146320699491,-0.23329237938138958,0.6046222526885595,0.03766632569827983,0.10004528723196926,-0.5022383201492556,0.18829989575329023,-0.8475881393320862,-0.2695336541513582,0.578054485180728,0.03491736721474416,0.08526396571587158,0.0,0.0,0.0,0.0,0.0,0.0,0.0,1.2176646518814234
shoulder_press_25,shoulder_press,111.42867471991003,35.9102672408863,63.415205292255465,164.2488300738617,100.83362478160625,5.234770392122861,18.95833063884696,105.61589249067437,33.63742464197661,63.84485795916864,153.29820272654274,89.45334476737409,4.868736054067338,18.112948915542617,129.7267015825229,34.03058996735486,86.62032123317627,179.55885113735187,92.9385299041756,5.325277806912139,18.942187054533917,123.57142358603649,25.351857297152044,90.92330892187094,159.76300282214612,68.83969390027518,3.6430927321717803,9.11338121845381,167.36354395636087,0.6895593008379316,166.16715615831512,169.18299836621873,3.015842207903603,0.325216940700691,1.1482360495991202,165.7496651761307,4.023774176617484,161.71650140491815,172.108170402743,10.391668997824866,0.438021984800662,1.5611996354829216,126.98156262052093,37.48155765226126,59.279360327592265,178.6739658195373,119.39460549194504,10.822876531079825,50.3098253272389,139.7937008466369,33.50469694505077,53.28706513503,172.96879217486415,119.68172703983416,13.083493516853178,75.34309085862303,-0.6005175858811561,0.2474940369579112,-0.8512336190711534,-0.23329237938138958,0.6179412396897638,0.027739642070954793,0.09482239060463593,-0.6077387726194613,0.23274262290120334,-0.8432898302281876,-0.2695336541513582,0.5737561760768294,0.025607828491316507,0.08526396571587158,0.0,0.0,0.0,0.0,0.0,0.0,0.0,0.7730919856010611
shoulder_press_25,shoulder_press,108.88421766739377,37.36183498579955,60.19616936230201,164.2488300738617,104.0526607115597,5.111461953834893,18.95833063884696,104.49121725018371,34.30301294551433,60.6359879016411,153.29820272654274,92.66221482490164,4.330604495016129,18.112948915542617,130.4438583653459,33.406009286155935,86.02241792867419,179.55885113735187,93.53643320867768,5.2558328856415235,18.942187054533917,122.93906287938934,25.668902481776986,88.55778851740041,159.76300282214612,71.20521430474571,3.5399094590688978,9.11338121845381,166.70787306140593,0.8303202197889138,164.75587252300124,168.06447916077096,3.3086066377697136,0.4238495131074695,1.4756117486491576,167.4294295970142,3.4379087818775567,162.6429938126952,172.108170402743,9.465176590047804,0.6218123456507532,1.855370049242083,133.72282748028155,39.61134882394535,59.279360327592265,179.70379403358106,120.4244337059888,9.755648263154306,50.3098253272389,150.1681240145936,26.458203724122264,86.80671055507032,179.91300025417772,93.10628969910739,8.282407999582576,38.37976294700249,-0.5961550032465361,0.24465784052736791,-0.8512336190711534,-0.211912589060813,0.6393210300103404,0.02560970923505261,0.08302762089641869,-0.616329363553665,0.2227069490869956,-0.8432898302281876,-0.2727295308297438,0.5705602993984438,0.02532677513603263,0.10055739926766294,0.0,0.0,0.0,0.0,0.0,0.0,0.0,0.9556737674205705
shoulder_press_25,shoulder_press,89.30848470076332,27.30328549220296,60.19616936230201,142.17036837267648,81.97419901037446,4.51110883794013,11.71607011992917,85.67033944850424,27.186349883767036,60.6359879016411,140.68571476587323,80.04972686423213,4.288942805772925,13.296158490090221,109.83310432307552,21.4314075485714,86.02241792867419,157.19013939422527,71.16772146555108,3.960311233454781,8.00938130799095,107.56777533980839,17.425725193107297,88.55778851740041,147.4938502976084,58.93606178020798,3.156096087612737,5.472791959326742,166.70111874551793,1.032981051938772,164.75587252300124,168.3747488814216,3.6188763584203514,0.41401346912007164,1.0137757733442925,164.74607890903647,2.7479406027968576,162.29889025982456,171.94776384178334,9.648873581958782,0.5433624505736816,1.855370049242083,165.60008691184336,22.086974281476774,96.91548466248855,179.70379403358106,82.78830937109251,7.618330188482869,61.682106591273026,168.27352024245795,14.325413676550996,111.851718091947,179.91300025417772,68.06128216223071,4.459143190729278,52.55986972058828,-0.47715760704247795,0.2165805566480197,-0.8419186743160876,-0.211912589060813,0.6300060852552746,0.03848610690395936,0.08302762089641869,-0.4960851819573691,0.19160985877737743,-0.8284788411708759,-0.2727295308297438,0.5557493103411321,0.03484735757840323,0.10055739926766294,0.0,0.0,0.0,0.0,0.0,0.0,0.0,1.221069657177897
shoulder_press_26,shoulder_press,84.10680396634899,45.475753597388774,34.764504181209745,157.4344170174414,122.66991283623166,7.971640549897204,31.319967063850356,126.35203680033237,21.301492559713182,89.87536157591589,152.52124672780724,62.64588515189135,5.56988253461558,29.348777875654193,129.27795472583747,32.72405295600578,92.07513027945397,179.18961041241397,87.11448013296,5.9599245453301855,23.296709413848276,139.97899131361783,22.836204495326292,97.37866152265758,168.9437491681646,71.56508764550702,4.025824430950427,19.829193804899205,170.02216479582776,3.5576496503214643,164.16437925149384,175.66361499614086,11.499235744647024,0.8366640781081846,3.100748119870957,173.02282052680496,2.1144398838074885,169.05658087749322,176.69327121431112,7.636690336817907,0.6596476839779752,2.1512154756439656,165.2752374038898,3.115493810739261,159.46868219796775,172.9891978902964,13.520515692328644,1.3625340144278173,5.179768368147364,160.0001535728294,6.640953658623002,152.05760699058806,171.5630366331168,19.505429642528753,1.5694664526087658,6.514585672234659,-0.6996093134469827,0.25576053566488216,-1.0289143287517675,-0.3611252703466379,0.6677890584051296,0.0391970483308918,0.13122294374252275,-0.5603854747379756,0.2456152136978117,-0.9154690686732446,-0.1367211763606606,0.778747892312584,0.05628922633543985,0.29504519971440657,0.0,0.0,0.0,0.0,0.0,0.0,0.0,5.312920779629443
shoulder_press_26,shoulder_press,81.79394286247388,46.08616314935153,38.07894451117355,157.4344170174414,119.35547250626786,6.873162104918312,31.319967063850356,121.1846289268454,43.237041598729434,21.53348697041368,174.38411551654482,152.85062854613113,18.116788247934185,145.03493539070837,126.07818080116373,34.117716078303076,90.08380872114495,179.18961041241397,89.10580169126902,5.185357989520389,23.296709413848276,104.3578468886792,59.689906493545266,10.243580219883071,168.9437491681646,158.70016894828154,10.473480136979385,49.08355345343046,167.38824409224478,4.967328870710812,162.4709462209398,175.66361499614086,13.19266877520107,0.7154839947957455,2.585346870545976,171.674386954076,2.880236611630923,168.72092206007719,176.69327121431112,7.972349154233939,0.4358508152040642,2.1512154756439656,163.25032769807297,1.8039970304220365,159.46868219796775,166.69518220197872,7.226500004010973,1.1385672962530529,5.179768368147364,161.23239645196995,5.78070411624916,153.29823422222293,171.5630366331168,18.26480241089388,1.3891519312789906,6.514585672234659,-0.6387581540569577,0.27679654971077616,-1.0289143287517675,-0.29188041945561616,0.7370339092961513,0.038495659323087156,0.1106822599930859,-0.35464258400458676,0.43859292348986867,-0.9154690686732446,0.5282939999348129,1.4437630686080576,0.11481121589251078,0.4776321005338256,0.0,0.0,0.0,0.0,0.0,0.0,0.0,11.048706560075997
shoulder_press_26,shoulder_press,86.06354743047417,48.095900421141216,38.07894451117355,162.29706703674606,124.21812252557251,6.816078257449517,23.792243684215123,122.14570545311418,43.550102845663716,21.53348697041368,174.38411551654482,152.85062854613113,15.925696332128242,145.03493539070837,127.94054830014667,34.72385441837925,90.08380872114495,179.72716066401014,89.6433519428652,5.624819606981637,18.594019062863026,108.12481727550315,62.72701683086308,10.243580219883071,174.5259010275712,164.2823208076881,9.014597349056912,49.08355345343046,166.00172330292483,3.4329209771117046,162.4709462209398,171.9889528809133,9.518006659973508,0.7316711125087146,3.6925841901633305,171.33741391480544,2.471776950943079,168.72092206007719,176.72241511144654,8.001493051369351,0.335629991140136,1.0635811354629539,163.56123248212498,2.331311567203368,159.9493684968491,168.82107675998031,8.871708263131211,0.7645488123278205,4.302188664914837,161.41010259368497,3.5757199393546104,156.18888017548178,168.25188191957488,12.0630017440931,0.8289144478346437,2.136597089164411,-0.6729857909335846,0.2980492972775137,-1.0392418147393405,-0.29188041945561616,0.7473613952837244,0.03851740125062482,0.1402107208782355,-0.4081143201723361,0.4595273261561741,-0.9306093055914563,0.5282939999348129,1.458903305526269,0.09969260631832641,0.4776321005338256,0.0,0.0,0.0,0.0,0.0,0.0,0.0,14.049042468409711
shoulder_press_26,shoulder_press,88.48699683770089,47.31375087373789,33.332721934332746,162.29706703674606,128.96434510241332,8.035864632758877,23.792243684215123,120.45803678187558,46.65377591506626,32.782897350948865,172.42812940384016,139.6452320528913,10.865194993176557,137.28479719964312,130.42315626628073,33.83091129017108,88.54184495105639,179.72716066401014,91.18531571295375,6.226146705518723,18.594019062863026,120.23454308908214,53.775143999613704,23.585760735417004,174.5259010275712,150.94014029215418,7.766425266659218,74.93021071419983,165.91333230036147,3.708195290545534,160.09755373494875,171.9889528809133,11.891399145964556,0.9145082386906781,3.6925841901633305,172.44845950394318,2.960827665882962,168.4204409325036,178.22131232275305,9.800871390249455,0.6617926420919967,3.7924689110221834,167.10320182561898,3.6559156433531275,161.669172430858,174.38682274438446,12.717650313526462,0.9046587158940361,4.302188664914837,164.73644224972125,2.0582648268075916,159.3783642979437,168.6112956089481,9.232931311004393,1.3488352912338346,9.232931311004393,-0.6980494651922029,0.2954477059635735,-1.0392418147393405,-0.27177871191575087,0.7674631028235896,0.03892183880571977,0.1402107208782355,-0.46320068160574246,0.4017680541318069,-0.9306093055914563,0.41793088746917295,1.348540193060629,0.07654352763056929,0.6106647637736817,0.0,0.0,0.0,0.0,0.0,0.0,0.0,8.588875530109508
shoulder_press_26,shoulder_press,78.88417943462868,47.280748128278326,33.332721934332746,165.3592282618924,132.02650632755967,6.89043534987686,26.74144838128052,112.08515268097239,45.9958662346302,32.782897350948865,172.42812940384016,139.6452320528913,13.072694769173667,137.28479719964312,121.79305538075846,31.834424431957615,88.54184495105639,179.70695769714223,91.16511274608584,5.701557366052698,22.286022338706402,109.29160627621064,50.25950514714937,23.585760735417004,168.40799707385875,144.82223633844174,9.938887747496254,74.93021071419983,163.47976419316583,1.480676535207524,160.09755373494875,165.17249216956924,5.074938434620492,0.5489945442667212,2.6112650973487064,171.52194462490155,3.0766626913545787,168.4204409325036,178.22131232275305,9.800871390249455,0.6866740110940565,3.7924689110221834,168.49145891154998,2.596435830694635,165.51419189469948,174.38682274438446,8.872630849684981,0.980240908560061,4.034678822811173,165.44869567048008,1.7648642904290486,159.3783642979437,168.6112956089481,9.232931311004393,1.1244796307653409,9.232931311004393,-0.628592117841092,0.28755991198108366,-1.0252262053524814,-0.27177871191575087,0.7534474934367306,0.049295525742552006,0.1788917147880733,-0.3920822730499339,0.39319649571750814,-0.9299890256832607,0.41793088746917295,1.3479199131524338,0.0839505981425884,0.6106647637736817,0.0,0.0,0.0,0.0,0.0,0.0,0.0,10.658511395943933
shoulder_press_26,shoulder_press,90.28241795868324,46.35365335344754,39.07249477124414,165.3592282618924,126.28673349064827,8.666422152394029,26.74144838128052,123.22351912146786,32.286814156875444,59.21810254824957,178.74321345222123,119.52511090397167,11.193298934588558,92.753289990442,132.45851204078787,31.340789797749427,90.99281529315533,179.70695769714223,88.7141424039869,6.912979012542321,22.286022338706402,125.30260596442498,43.73052821897701,44.89213733928907,168.40799707385875,123.51585973456969,11.567966501648176,55.671442870066976,162.7037282762837,2.005864730653447,159.62009825072525,165.10170520457524,5.48160695384999,0.4055473793729736,1.9572555155084217,172.79990276403362,2.6966555717778014,168.54166643422184,176.83434690878715,8.292680474565316,0.5828473621892585,1.7169502091397533,171.12362224775475,4.0324201032552995,165.51419189469948,177.89867295784552,12.38448106314604,0.9356092250198732,3.9124674499837226,166.51991876611365,1.916585900126521,163.91337378759223,171.02389880248833,7.110525014896098,0.7476969994787585,3.4597517996403724,-0.7108683457297058,0.253424605337933,-1.0252262053524814,-0.3292452247535169,0.6959809805989645,0.04818184176292499,0.1788917147880733,-0.5002178427228984,0.36622027103428406,-0.9299890256832607,0.32531660278720587,1.2553056284704667,0.09892354869804955,0.41577897566514066,0.0,0.0,0.0,0.0,0.0,0.0,0.0,14.35065790978183
shoulder_press_26,shoulder_press,82.27731255333619,42.27051992705667,40.67611325284178,159.51123524292873,118.83512199008695,7.7897439444955685,26.57221775561547,120.24017381101285,35.211587853381175,55.39779718911787,178.74321345222123,123.34541626310336,11.623670534147088,92.753289990442,127.81540841003674,30.972608913746246,94.9421579012716,178.76374248646934,83.82158458519774,5.973308392107373,18.83305304485978,119.19165553289591,45.25473729995391,44.89213733928907,170.5152145905766,125.62307725128753,12.746281855610007,55.671442870066976,162.59006582465415,2.8724209970224734,159.62009825072525,168.3507297464689,8.730631495743637,0.5236458688366227,1.9572555155084217,173.4928665164092,2.023480534750038,170.9747494866042,177.932261213444,6.957511726839812,0.6420875787877672,2.160158428537983,172.56729301562686,2.897789435349552,166.23668498887346,177.89867295784552,11.661987968972056,0.8378164769983522,3.361021059587955,167.53031597966253,1.9820442397676863,163.9660295690639,171.17624484302766,7.210215273963769,0.9081962603104428,4.420409673393607,-0.6814387485462178,0.25360412961760387,-1.039618248619075,-0.36692947325341363,0.6726887753656614,0.044880981629020815,0.14963523043098048,-0.4610503629386829,0.34620396601875625,-0.920440618969126,0.32531660278720587,1.2457572217563317,0.09626098158593654,0.41577897566514066,0.0,0.0,0.0,0.0,0.0,0.0,0.0,13.09626674319316
shoulder_press_26,shoulder_press,93.75378077895948,43.395643499684034,42.107217390017915,159.51123524292873,117.40401785291081,8.044046631556139,24.658047017633578,123.01615333532078,34.85387247690978,55.39779718911787,161.6847279697012,106.28693078058335,9.482818485265192,65.61713151622483,134.35330511507962,32.31661784158128,94.5527889969364,179.27443418716206,84.72164519022566,6.324069038577428,18.440904011331725,126.5243430921134,41.298194715765106,47.641574133010266,171.3839144524872,123.74234031947694,9.877960653750332,54.62356973535198,163.47604183464458,3.0876436126761573,159.45860436276024,168.3507297464689,8.892125383708645,0.7233700665358778,2.1185905216554772,174.50390092649303,3.27574052041759,170.17967140931418,179.68109613296977,9.501424723655589,0.8225604669880403,2.8956978611187196,172.1955814819892,2.728330853995188,166.23668498887346,176.69365978287712,10.456974794003656,0.9486616488896608,3.0637556377761825,165.6075613101329,2.99486064929319,159.12232114300517,171.17624484302766,12.053923700022494,1.1151561230816274,4.420409673393607,-0.7464833114097414,0.2491192146908246,-1.039618248619075,-0.37191667889236346,0.6677015697267116,0.0463424773104489,0.14963523043098048,-0.5346101702258449,0.3175399748995132,-0.92190786135952,0.16179609196727074,1.0837039533267907,0.08223694440730005,0.5239309238018782,0.0,0.0,0.0,0.0,0.0,0.0,0.0,9.34383562360921
shoulder_press_26,shoulder_press,77.21445014257537,38.74360434035466,40.061236749700164,155.04634423468576,114.9851074849856,7.041885976388734,23.721297637226357,105.99661348682335,39.2106204798009,56.91175844377408,161.6847279697012,104.77296952592712,9.24370776324513,65.61713151622483,121.73494339078646,30.531517714231125,91.77446293715192,179.27443418716206,87.49997125001013,5.632765366857184,19.516959021914715,112.86262651012775,40.19333400683649,65.08050825088108,171.3839144524872,106.30340620160612,8.526198187334563,54.62356973535198,162.79528103701506,2.3112528132592436,159.45860436276024,167.98718200889184,8.528577646131595,0.7119487335735583,2.26441855396925,173.7358908977967,3.5327984165144706,169.88185220989644,179.68109613296977,9.799243923073334,0.6635723746567375,2.8956978611187196,174.46965334602885,1.9693564776554022,169.8589403895591,179.83428994914325,9.975349559584146,1.0597402880413334,4.639964502961931,163.06397182919622,2.08999065872402,159.12232114300517,167.10518693650135,7.982865793496188,1.0671510983619759,2.8960516014553264,-0.6438155174463763,0.26578138508745663,-1.0660408969299033,-0.32515100438315536,0.740889892546748,0.04867122940346552,0.17135121200540804,-0.4191550518487977,0.30626865699278905,-0.92190786135952,0.16179609196727074,1.0837039533267907,0.0795675479232976,0.5239309238018782,0.0,0.0,0.0,0.0,0.0,0.0,0.0,8.692453370490414
shoulder_press_26,shoulder_press,91.69191150906614,44.45196122281964,40.061236749700164,156.44104946767735,116.37981271797719,7.562729111964062,23.721297637226357,116.61009427939531,39.64973718231568,56.91175844377408,176.31705863815577,119.40530019438168,8.496859348147275,52.640132789526305,132.80003384703167,34.12840140894233,91.77446293715192,179.90925839649717,88.13479545934524,5.812572698957877,19.516959021914715,126.73010846836904,39.18313761367632,70.49476641200414,167.74379957309944,97.2490331610953,6.7100890916459015,38.21935777546872,163.4710201706432,2.01083845367532,159.7529586190843,166.72667365631514,6.973715037230846,0.5884270083506723,2.26441855396925,172.8020008352992,2.2133811171695754,169.88185220989644,177.54192031073828,7.6600681008418405,0.6931748386577955,3.732275518909006,170.94125109319262,4.31316073476658,165.35945223836615,179.83428994914325,14.47483771077711,0.9825968090672853,4.639964502961931,159.35224220700803,4.138061674935421,151.14238024921528,166.40969865706126,15.267318407845977,1.1190288958827177,3.667062949088944,-0.7348078387952384,0.28607390249731396,-1.0779185200861416,-0.32515100438315536,0.7527675157029863,0.04522965615553556,0.17135121200540804,-0.5271814944589707,0.3057181786559883,-0.906133334342043,-0.1394837970002507,0.7666495373417923,0.052414511480442946,0.25565250283726804,0.0,0.0,0.0,0.0,0.0,0.0,0.0,8.448219876363188
shoulder_press_26,shoulder_press,84.41432791940115,46.2208965296355,39.18263647039227,156.44104946767735,117.25841299728508,5.309138992597104,21.166371247978034,108.88662453716827,40.2760042781798,50.38780480681696,176.31705863815577,125.92925383133881,8.767881274287328,52.640132789526305,128.8492246547398,34.21625547867603,94.83973463181205,179.90925839649717,85.06952376468512,4.148936128783841,15.805580250383343,113.39042932475022,43.84362969361189,52.69358790967438,167.74379957309944,115.05021166342506,7.1874173064680456,38.21935777546872,162.7149620731314,2.4895446839380453,159.88269222217522,166.72667365631514,6.84398143413992,0.37305607412690733,1.4481779152994534,173.71525703986023,1.7337178600488536,170.22477391519294,177.54192031073828,7.317146395545336,0.6995471610316932,3.732275518909006,169.4031667059716,2.65184846037762,165.35945223836615,173.0044330607284,7.644980822362243,0.5920510726339667,2.202579042117719,157.29050763254293,3.0271613400372495,151.14238024921528,161.44579004456062,10.303409795345345,0.8215768096120188,2.634112829556159,-0.6692619105192709,0.28091482045561117,-1.0779185200861416,-0.342580746310835,0.7353377737753066,0.03809560996544979,0.14824640226727048,-0.44291795995189165,0.3191990707283677,-0.906133334342043,-0.10584040470254141,0.8002929296395016,0.045097078642405246,0.25565250283726804,0.0,0.0,0.0,0.0,0.0,0.0,0.0,10.221645736887776
shoulder_press_29,shoulder_press,70.95845611307236,16.69622035657715,52.2242582470149,103.50140851881667,51.27715027180177,3.069222251819506,6.92852316026061,80.92782067576141,12.598606363033857,60.646455002664744,108.79205757676552,48.14560257410077,4.6794329688265055,24.08023411803653,110.23143434424212,17.606761545507155,88.72804508696692,145.93355016440222,57.205505077435305,3.2441761799184223,8.041647637585626,87.6465847007318,13.602422957753765,69.77788142115155,119.45096404717582,49.67308262602427,3.753791684788137,21.025435201759876,145.78077823225482,7.367669238250866,136.1303803743692,160.8381521163728,24.707771742003615,1.327016486881845,3.5961701479688486,103.87275809101284,1.1685916053154108,101.26450500798396,105.77090661927708,4.506401611293128,0.36872029406451645,1.7394587902178387,162.8872721204004,8.222284651734538,151.9322174378776,178.54001878086672,26.60780134298912,1.6147834707974433,5.755268831108168,80.71065854577434,1.915297644159499,77.56454297631836,84.86761107657159,7.303068100253228,0.35635275462184596,1.3351795258262484,-0.4911953463468654,0.1722052859798321,-0.7828640545550123,-0.276754843972394,0.5061092105826183,0.03379536415229806,0.12130871581356784,-0.4278095302920805,0.13819034493043153,-0.7030924007307471,-0.22453971774799186,0.4785526829827552,0.02806105677944002,0.16674146830900705,0.0,0.0,0.0,0.0,0.0,0.0,0.0,4.021579983749805
shoulder_press_29,shoulder_press,95.23177567145922,34.264318929359575,52.2242582470149,140.23496705942512,88.01070881241021,3.4379728967025387,11.170725652941726,106.41791312507777,33.118501400921744,60.646455002664744,157.1816301883609,96.53517518569618,5.60015645350513,24.08023411803653,130.1840846028562,31.95740464910306,88.72804508696692,172.55877983403013,83.83073474706322,3.284625639745913,8.041647637585626,110.80838946921247,33.3194639318621,69.77788142115155,160.39429109498755,90.616409673836,4.379230330379136,21.025435201759876,144.4997710251684,6.708037529632847,136.1303803743692,158.68986024883503,22.559479874465836,1.9391731753147115,8.787384568806544,103.0880920498782,1.5035723984612515,100.78892148083065,105.66539923494358,4.876477754112926,0.45088575125400854,1.7394587902178387,161.8037984067768,8.302828115337645,151.9322174378776,179.31324625780636,27.38102881992876,2.2805981885148414,10.990087983899969,79.03903742245242,1.0956649806178005,77.56454297631836,81.66442257745578,4.099879601137417,0.35924862044384714,1.2611946407971004,-0.6394781846145574,0.2630544160998027,-0.9367377695260943,-0.276754843972394,0.6599829255537003,0.03011037041119131,0.12130871581356784,-0.5821358745559488,0.25049813133969645,-0.9071404937975864,-0.22453971774799186,0.6826007760495946,0.031110465461211913,0.16674146830900705,0.0,0.0,0.0,0.0,0.0,0.0,0.0,3.320536447107281
shoulder_press_29,shoulder_press,109.34397454967562,25.807099114060325,61.05696001544627,140.23496705942512,79.17800704397885,4.375932552173165,12.366823772810008,116.05410240859452,26.77251911524349,79.77445684423927,157.1816301883609,77.40717334412165,4.8945843017486625,15.32964499989285,145.77605244021035,21.63886964249186,103.9730880035051,172.55877983403013,68.58569183052504,3.8143993750323197,9.62063604467565,123.02635282088373,25.098940926158086,80.52625968566075,160.39429109498755,79.8680314093268,4.669484081744374,11.494073126229722,154.77323479394553,9.51440346324848,140.46710569993908,172.27314140784588,31.8060357079068,2.777779106401036,8.787384568806544,103.18076611760053,1.5913745088637508,100.78892148083065,106.27261480962673,5.483693328796079,0.5159646476260036,1.2444625464022891,168.20136751732082,6.511698953492489,156.15805065397453,179.64830941869087,23.490258764716344,3.311521947334918,10.990087983899969,78.99932238811702,0.7597125631469334,77.67280821389112,80.73433508109157,3.061526867200456,0.2992750137378134,1.2611946407971004,-0.7794001923911532,0.15893751628681693,-0.941655668887083,-0.4248837643348642,0.5167719045522188,0.02940290951309821,0.10739578107305936,-0.709287737791082,0.1608643366770589,-0.9071404937975864,-0.36470072545590493,0.5424397683416815,0.033796591271464144,0.09909617686739147,0.0,0.0,0.0,0.0,0.0,0.0,0.0,2.5714093150136437
shoulder_press_29,shoulder_press,76.58820676963282,23.367682899575435,53.38017690344652,134.2980305181158,80.9178536146693,3.8200920958295046,12.366823772810008,86.59730610003636,18.218139183643753,67.29207167043185,139.08543337299852,71.79336170256667,3.5578319576597566,15.32964499989285,115.24553271788324,22.665642810697292,90.0479743063915,167.37116643966027,77.32319213326878,3.6114835063407855,9.62063604467565,90.91231352692323,20.235283480440057,66.47480657122628,138.22146954293467,71.74666297170839,3.4800055807807917,10.408723088395178,146.84678658104593,14.975921892098961,128.31372770122644,172.27314140784588,43.95941370661944,2.1015503941936435,6.054109461043538,104.20260246828028,1.166426379623138,101.98986958108603,106.27261480962673,4.282745228540705,0.4034704210899021,0.9842742945586878,159.12823878095475,10.389251688675463,143.9928978302048,179.64830941869087,35.65541158848606,2.5030573795038404,8.845721849651738,79.1820829237335,0.6151395246932843,78.11253474681924,80.73433508109157,2.6218003342723364,0.2385374195531839,0.6324820542192384,-0.5264730705142023,0.20450695711861938,-0.941655668887083,-0.2780924409482656,0.6635632279388174,0.03394639252848406,0.12962469263176812,-0.46845087065722896,0.1896980162591714,-0.8314822458531885,-0.1853506256462223,0.6461316202069662,0.03590472683797708,0.10529191333214005,0.0,0.0,0.0,0.0,0.0,0.0,0.0,2.757856531563242
shoulder_press_29,shoulder_press,89.74076234439593,33.11027862539735,53.38017690344652,148.38294288974626,95.00276598629975,3.503827723446311,9.48683419603671,98.55808815078343,30.40680794614583,67.29207167043185,158.99501565027344,91.70294397984159,4.25630609801495,13.07622429034852,125.1132072885829,30.079357749945252,90.0479743063915,174.0531759996406,84.00520169324909,3.3230954860933184,7.6116978302573415,102.47992870407508,31.88092096518921,66.47480657122628,158.7899503748879,92.31514380366161,3.9925676535042376,12.188555398536309,136.3713626335701,8.49621825877278,122.60455979432602,152.6516488283435,30.047089034017475,2.0837511966990387,10.18259718629676,103.4387102300068,1.5422035211188774,100.07501213688248,106.18180142131622,6.106789284433745,0.40349018582360463,1.6641194954109295,153.50085361765477,9.665936259536204,137.97822321685254,170.73160847789254,32.753385261039995,2.4018743143454846,11.156708909183664,78.67518391310895,0.6987862021132119,77.75369057184568,80.61369400739659,2.860003435550908,0.17123297044055766,0.5476270187915304,-0.6033020737738667,0.2520153444380756,-0.961657676407908,-0.2780924409482656,0.6835652354596424,0.030189718726016276,0.12962469263176812,-0.5337894373774579,0.23949221528883374,-0.9086551075384577,-0.1853506256462223,0.7233044818922354,0.03285060182147423,0.10529191333214005,0.0,0.0,0.0,0.0,0.0,0.0,0.0,2.979201227467353
shoulder_press_29,shoulder_press,117.23467296862283,21.800643838004596,79.04882381965427,148.38294288974626,69.33411907009199,4.463501886104868,9.48683419603671,121.85839849842817,24.987133051647884,90.18486464939028,158.99501565027344,68.81015100088317,5.068074266404683,13.07622429034852,150.82420419389382,17.654034389817195,120.98646014645168,174.0531759996406,53.06671585318891,3.6558377395767487,6.447942481684322,128.79846806402435,22.913727078809693,95.49482884644043,160.1267081545332,64.63187930809276,4.579397806972144,12.188555398536309,148.38674815921053,12.664892119553143,122.60455979432602,165.58112331541696,42.97656352109094,2.2586926546574433,10.18259718629676,102.60512353184812,0.9209698579726001,100.07501213688248,104.10028154646653,4.025269409584055,0.38360735891429476,1.6641194954109295,165.6323812948271,12.172280727786422,137.97822321685254,179.59942249494463,41.62119927809209,2.620713222227612,11.156708909183664,78.76617409750756,1.1517614480114147,77.7376693031121,81.18530567367536,3.4476363705632593,0.2347337614555232,0.9904134915926193,-0.8227260018306096,0.09962024527421123,-0.961657676407908,-0.6204888828416557,0.3411687935662523,0.02567255891762702,0.09239813081773418,-0.7576149762113841,0.12374999525256632,-0.9086551075384577,-0.5268661861733702,0.38178892136508746,0.02654940172191451,0.09019299154052496,0.0,0.0,0.0,0.0,0.0,0.0,0.0,3.2316532041088366
shoulder_press_29,shoulder_press,88.71205947964859,31.73658424092527,55.120337519211326,145.5809629523407,90.4606254331294,3.1453092458461884,8.097073078441099,98.43993317768367,29.10637468759744,60.83445971190659,156.8097374566886,95.975277744782,3.6208465694220924,9.706038519772846,124.5888491683802,28.799980893589076,88.35276816021523,173.64178717940888,85.28901901919365,2.9410006558342636,5.701112926519642,103.57853560523205,30.514825220076766,58.38634485850208,160.1267081545332,101.74036329603112,3.654417874141491,8.676797839771126,150.6705219313247,8.598927056314231,135.29164442982835,165.58112331541696,30.289478885588608,1.680452868945322,5.377481390428159,102.9638582983386,0.9856447958274337,99.6345647249351,104.60800684641612,4.973442121481014,0.4252503834219377,2.924633242407566,166.51242136730724,8.832976717424168,149.0617707302436,179.59942249494463,30.537651764701025,1.8930613213735346,6.70391998695456,79.5177604704589,1.0915902335229457,77.71183124263119,81.18530567367536,3.473474431044167,0.28707277177107043,1.2438486195004117,-0.6104824824432178,0.2206530278643586,-0.9245640157034053,-0.29111943486976255,0.6334445808336427,0.02396442325685126,0.058474878712972966,-0.5774010710708735,0.2234511081212915,-0.8787249471163606,-0.1836766131480947,0.6950483339682659,0.027660546788748262,0.06906973434955999,0.0,0.0,0.0,0.0,0.0,0.0,0.0,3.117611161617297
shoulder_press_29,shoulder_press,70.81030771466538,15.01098351523275,55.120337519211326,104.50728257362594,49.38694505441462,2.4243478040613304,6.689756937659922,77.94449745973913,9.985388054598872,57.960296308584546,90.79890184875593,32.838605540171386,2.4728840283593145,13.34644928648212,106.22248064876509,15.129698468145703,88.35276816021523,139.2017144364324,50.84894627621718,2.753254786708435,6.174177966460803,81.03523099681188,13.714495616930474,53.4122577232455,101.21239927059462,47.800141547349114,3.333751073282161,16.435648695260937,137.27220566002774,8.112451394729781,122.84955784883202,152.82979587080848,29.98023802197646,1.298812031034824,5.284628459294694,102.88012902279742,1.1422332443891114,99.6345647249351,104.60800684641612,4.973442121481014,0.5638627472216269,2.924633242407566,152.42447926446042,8.65033028536524,137.4987829895544,170.694478385094,33.19569539553959,1.4748096221121134,5.33113891445214,79.5428947644836,0.6389905464508383,77.71183124263119,80.54751600865893,2.8356847660277396,0.2699743970225703,1.2438486195004117,-0.4720078300167954,0.14941417376247257,-0.7767097321066525,-0.29111943486976255,0.48559029723688996,0.02731403081693503,0.10023978453353355,-0.3904392925406947,0.12611293841754584,-0.5826287531222132,-0.18127404034211225,0.40135471278010093,0.029599051124548074,0.13950796730123682,0.0,0.0,0.0,0.0,0.0,0.0,0.0,3.0448685097539836
shoulder_press_29,shoulder_press,106.97386498583029,30.277319293345496,56.78515119019828,144.4207889128137,87.63563772261541,3.3623343411549835,8.811496776654451,110.77381482068373,34.70971034636406,57.960296308584546,160.7600681356813,102.79977182709676,3.87300620743587,13.34644928648212,139.39751443217312,29.728451955916462,88.62561404540696,175.87994343532054,87.25432938991358,3.2323113270731207,6.687609990734671,115.73874429568386,36.30643816682769,53.4122577232455,163.875472162229,110.46321443898348,4.119463253577384,16.435648695260937,138.01339700011033,10.344534559869173,122.84955784883202,154.5885263590419,31.738968510209887,1.855840757847517,8.448752504685189,102.73076391717862,0.7580986491923579,101.23566865849774,104.52681944937447,3.2911507908767277,0.3853741867537449,1.818417660192992,154.60973168852013,11.639036672488984,137.4987829895544,172.51269069787878,35.01390770832438,2.026472653114106,10.236917912452668,78.96667006475708,0.6939428490005655,77.66491951754199,80.14998234706133,2.485062829519336,0.23756756901988554,0.6885256813062597,-0.7203957079412426,0.22348052209970545,-0.9561451013078656,-0.2937283481524684,0.6624167531553972,0.025236243093721116,0.10023978453353355,-0.6172283550538279,0.2467483845926587,-0.9045273036922054,-0.18127404034211225,0.7232532633500931,0.02708536383897537,0.13950796730123682,0.0,0.0,0.0,0.0,0.0,0.0,0.0,3.2377999889875158
shoulder_press_29,shoulder_press,117.00351877718134,22.684696257217187,73.28335438708083,144.4207889128137,71.13743452573286,3.746280925850892,8.811496776654451,122.72879077321285,28.068526854182686,83.45010203038635,160.7600681356813,77.30996610529496,4.858373299398231,13.329142776602822,152.89433966831018,19.32494776668374,111.15749857272326,175.87994343532054,64.72244486259729,3.3498715400287056,7.66063143801577,130.51623400655316,25.235670997865334,91.40661682298007,163.875472162229,72.46885533924892,4.458553141938959,10.60867199878463,148.43482657912938,7.534384392136632,122.87106913059364,155.40834239805483,32.53727326746119,1.6750549652516473,8.448752504685189,102.69370556841521,0.8891848185587075,100.52901096133098,104.55643769806503,4.027426736734043,0.4145447720207118,1.2699571065364665,167.17168481286728,7.997292378541623,138.85154660475172,177.3113703889453,38.45982378419359,2.0642560976957327,10.236917912452668,78.95609457068163,0.7048198090853914,77.66491951754199,80.24377001904747,2.5788505015054852,0.2504616580193363,0.7262651249410794,-0.8282284291211518,0.11984137425649602,-0.9640009044923572,-0.5328422292020668,0.4311586752902904,0.023724140271370202,0.06227897169621166,-0.7612267405019999,0.14023682028506662,-0.9045273036922054,-0.4862671888251112,0.41826011486709413,0.02549118640129793,0.07524197391755605,0.0,0.0,0.0,0.0,0.0,0.0,0.0,3.7265884971621035
shoulder_press_29,shoulder_press,81.2769118006165,22.78658486030656,55.84132799787324,130.08395238200038,74.24262438412714,2.584356696145318,8.046801083009228,88.84188138689652,22.65634935305067,54.729906879942526,143.13225813421815,88.40235125427563,3.8168144753732407,13.039616202761067,119.04072110689125,24.919456671107504,89.01489942356422,165.74782806876084,76.73292864519662,2.6599550018688234,7.66063143801577,93.87464493653758,24.53189728915196,53.147567580662,148.91315808300075,95.76559050233875,3.675946658368335,12.466795828533947,145.7859466511786,6.499810583782039,135.30810122047663,155.40834239805483,20.100241177578198,0.954084368732524,3.9512331394640228,102.7183797196276,0.9761333853745126,100.52901096133098,104.55643769806503,4.027426736734043,0.5224646652489964,1.2744642938971964,163.0870191772058,8.523199102994518,149.73419270076616,177.3113703889453,27.577177688179148,1.3920058621779134,5.0488734038344205,79.28123450975585,0.5810628149704893,77.93002605919797,80.24377001904747,2.3137439598495035,0.3092138977595458,1.0728262066949554,-0.5662340756637475,0.2084390638885613,-0.9640009044923572,-0.26948114127201506,0.6945197632203421,0.026335783841465524,0.06227897169621166,-0.5017049390388904,0.2229770623634701,-0.9016631319323486,-0.16975242142316616,0.7319107105091824,0.028191784246264832,0.06766313787983236,0.0,0.0,0.0,0.0,0.0,0.0,0.0,4.008181103713255
shoulder_press_29,shoulder_press,70.10436083446477,12.544632924337266,55.26988996001778,94.32045227430244,39.05056231428466,2.0435149996129423,4.747673435013979,76.5395819386626,11.34817693267801,51.98688830234893,92.7980354250297,40.811147122680765,3.492618177128045,16.611706606672954,105.36638948194658,13.625395056166392,89.01489942356422,135.1887032628763,46.17380383931207,2.2905760498607046,5.846985950277627,77.92257336258905,13.632527406026911,51.68907975776923,101.39455890229566,49.70547914452643,3.3545439710190426,16.462868724574697,132.75634533655207,9.462304483829305,113.21245168836505,145.81432734675056,32.60187565838551,1.4393650532413784,5.399354509269941,103.23953590051052,0.8817145184683045,101.40148040271305,104.80974068116828,3.4082602784552307,0.42038630972804664,1.2744642938971964,148.74682423883047,9.133444723037703,129.59827728782514,163.15116978034342,33.55289249251828,1.47435730979075,5.427345469015819,78.6049050794827,0.7354532493987688,77.68210116551244,79.86153670031152,2.179435534799083,0.292213193996585,1.0728262066949554,-0.4463660497543065,0.1339303873245271,-0.7068416674870336,-0.26948114127201506,0.43736052621501853,0.024573115172126327,0.09824233549616523,-0.36616787869076484,0.12629307945908572,-0.5583989604344077,-0.16424186700756838,0.39415709342683936,0.027496088392130663,0.1398958416067706,0.0,0.0,0.0,0.0,0.0,0.0,0.0,3.0833592848228903
shoulder_press_29,shoulder_press,105.27275908714245,31.317628571372023,55.26988996001778,148.65896908195253,93.38907912193476,3.5712905787958955,8.34032298919172,107.48433750717268,32.445165782383945,51.98688830234893,157.97679441350027,105.98990611115134,4.117798721202467,16.611706606672954,137.59920415259154,28.405050487253067,89.18347353898228,175.63523291267012,86.45175937368784,3.097592051139619,5.846985950277627,111.846087616411,35.24050810988947,51.68907975776923,163.64821049539432,111.95913073762509,4.023726939570246,16.462868724574697,134.84425316664263,14.405410488583874,113.21245168836505,154.5536558522124,41.34120416384734,2.668451123334474,12.090738171922993,103.08446115973746,0.9082745452916575,101.50084114093201,104.80974068116828,3.3088995402362684,0.33616793368045067,1.001741416274328,152.43501975500263,15.621304822906565,129.59827728782514,174.72790526453264,45.129627976707496,2.8534035629885417,14.661805409267515,78.0173214413426,0.49230455787300775,77.0455948828421,79.1701539944085,2.1245591115663984,0.21513929651090266,0.7946685588268565,-0.7013340610775217,0.22593240555650085,-0.9811384967073901,-0.2764471283509773,0.7046913683564128,0.02697326468086483,0.09824233549616523,-0.6083934064479493,0.22636625839443222,-0.9057464386362519,-0.16424186700756838,0.7415045716286836,0.029065307739668006,0.1398958416067706,0.0,0.0,0.0,0.0,0.0,0.0,0.0,2.438665145817241
shoulder_press_29,shoulder_press,120.74270175180483,21.887052204138804,77.66932438869013,148.65896908195253,70.9896446932624,4.2232237399178585,11.201304521930595,124.47602560187578,22.857683214373665,87.79612421843488,157.97679441350027,70.18067019506539,4.694062795897312,11.85627366060919,154.05262628217108,16.74954055306091,118.91489872349453,175.63523291267012,56.72033418917559,3.20469071258795,7.849261023203184,130.62595501385482,22.524510434143973,93.24028431925034,163.64821049539432,70.40792617614399,4.527489631689006,11.652098635945208,147.70964227340582,10.985913676514372,115.97433960923186,157.6728995504459,41.69855994121403,2.5688691645760198,12.090738171922993,102.93063259488828,0.9383184060975037,101.50084114093201,104.80221531159378,3.3013741706617736,0.3755648474677855,1.0757186136081174,166.55979362776048,11.955728124199632,131.4705926120078,177.11564574516538,45.645053133157575,3.0074763303091037,14.661805409267515,78.21843740130394,0.5364205757614205,77.0455948828421,79.19133998325786,2.145745100415766,0.22746882375275748,1.0050390351438239,-0.8443560514992996,0.10507381305234825,-0.9811384967073901,-0.5743648068365433,0.4067736898708467,0.028474459723435253,0.11596699291116563,-0.7652735435237223,0.11445437999699887,-0.9057464386362519,-0.5164749643170826,0.3892714743191693,0.028314062967874202,0.08377613368996573,0.0,0.0,0.0,0.0,0.0,0.0,0.0,2.694359163363147
shoulder_press_29,shoulder_press,86.4084949045372,26.745028795233136,56.862765228719475,140.77533796757822,83.91257273885876,3.065856682334656,11.201304521930595,96.99547593768133,21.984978723977818,69.5677291003669,154.15833814207576,84.59060904170886,3.5782074000479076,11.85627366060919,123.3777488038671,25.67482704124902,91.28807597079937,171.062606328518,79.77453035771863,2.750845874404091,7.849261023203184,100.50035529138714,23.03862427592977,64.53790913237377,155.69997565970547,91.1620665273317,3.5485302440960176,11.652098635945208,144.85261091923087,7.972413705311549,135.54672089375129,157.6728995504459,22.126178656694606,1.4795285713053785,5.049494596317288,102.98137788552498,1.5684269615211315,99.98490119904345,106.10074505973581,6.115843860692365,0.6677595252358393,2.9122505834082233,162.31210328539376,9.6436906290689,149.60952586966735,177.11564574516538,27.50611987549803,1.7723212596704618,5.554478496724869,78.41091737061889,0.821780317215559,77.02355320124543,81.09974260235445,4.076189401109019,0.44664622009934934,1.7846132734751592,-0.6013040468416421,0.21557511401441457,-0.9594060376219987,-0.3133112490930411,0.6460947885289576,0.02702474859421245,0.11596699291116563,-0.5568454896679588,0.1981877181611432,-0.8871754137745779,-0.21243058988639718,0.6747448238881807,0.027507229861948316,0.09177273080724324,0.0,0.0,0.0,0.0,0.0,0.0,0.0,2.9644256903115944
shoulder_press_29,shoulder_press,66.77896180158001,10.691823078186674,54.930714862606614,91.3608027377387,36.43008787513208,2.1895308076322904,7.357417082447313,78.43924602261899,10.61756581648703,59.84004007015056,96.47621942320161,36.636179353051055,2.9896486518771273,11.093650654525817,102.01415312711812,10.956032567108036,87.8801114509951,123.84410727039307,35.963995819397965,2.2767839633040556,7.206069753307048,76.73066928322439,11.45990424109769,58.54404901867118,90.2469382037517,31.702889185080515,3.0816537713261516,11.889857270318586,131.8288867214713,7.135065037661614,115.2055563284856,141.25700806816135,26.051451739675755,1.4946556239994693,5.747411016081315,102.40902715038632,1.3882131663900237,99.98490119904345,106.10074505973581,6.115843860692365,0.709405894175021,2.9122505834082233,146.99931316673994,7.7600288680013705,131.1385903830945,159.0582614164097,27.919671033315183,1.6405326151225645,6.129934841099015,78.42530306228532,0.9368049498489536,77.02355320124543,81.09974260235445,4.076189401109019,0.47286813843293063,1.7846132734751592,-0.4157608982211217,0.11203169719911651,-0.6266964642886887,-0.2728108723364713,0.35388559195221747,0.023236992031559815,0.09114563894998207,-0.3578522577232534,0.09423919531012241,-0.515288071692596,-0.20637788445153527,0.3089101872410608,0.02631428582448065,0.09177273080724324,0.0,0.0,0.0,0.0,0.0,0.0,0.0,2.440696995347976
shoulder_press_29,shoulder_press,88.86527406018736,22.848803059805256,54.930714862606614,123.36853545459525,68.43782059198864,2.502280837509804,7.357417082447313,85.62208095347839,14.904037335120472,59.84004007015056,115.4011563902428,55.561116320092246,2.941312627547423,11.093650654525817,121.93537447495545,22.135479998911002,87.8801114509951,154.74630937508303,66.86619792408793,2.4005435928874914,7.206069753307048,85.89373227725746,18.855532864585687,58.54404901867118,124.0068659932502,65.46281697457903,2.9054274505873914,11.889857270318586,119.45246541254801,8.883889800377165,106.17990873911778,134.6998981597905,28.51998942067273,2.007129612557581,9.846315135870015,102.70086651477911,0.6185388317188992,101.32218994780817,103.97987181111795,2.657681863309776,0.3601118095399619,0.7983726580069828,134.92118105231708,8.818941451864172,121.92790614159365,154.36029111738264,32.43238497578899,2.1294318732321535,11.305716066948094,78.27869760827234,0.6168307513528047,77.49058619203095,80.64394519043336,3.1533589984024104,0.21317680875712353,1.2728055157650715,-0.5893426546892004,0.1957491414840688,-0.8555304349433107,-0.2728108723364713,0.5827195626068394,0.022652559103368747,0.09114563894998207,-0.4450952926619701,0.1462441178474978,-0.7220830573724062,-0.20637788445153527,0.5157051729208709,0.022611466169493014,0.05755374224845711,0.0,0.0,0.0,0.0,0.0,0.0,0.0,2.2823580944125
shoulder_press_29,shoulder_press,126.83388436477067,20.191422292954627,93.23797041649676,150.2007912154924,56.96282079899562,2.31304244769479,11.298711027684192,122.6483240220316,29.79047625924109,86.00108940293504,160.52941896299447,74.52832956005943,3.118410232666023,13.115077839281398,156.70864294643962,17.3617846461453,125.35561971133664,179.4668234728745,54.11120376153785,2.0459521005484853,7.000799352141655,126.83030187584981,28.31773039240027,88.56040234622982,161.7029340159166,73.14253166968679,2.868562759724934,10.651263354040694,130.14701488651625,17.934725874721185,106.17990873911778,152.46570920011752,46.28580046099974,2.177213596830091,9.846315135870015,103.16775698240149,1.139525986745875,101.41628276313283,105.9027720491258,4.486489285992974,0.380265903973706,1.262736319265457,147.84281894515996,19.34278332162066,121.92790614159365,171.02956724877606,49.10166110718241,2.414954268380483,11.305716066948094,77.86724989774476,1.2251035959448895,75.77815040019784,80.60782208850223,4.829671688304387,0.3100890039566259,1.0674432635746598,-0.8391794770482901,0.09519128725986216,-0.9465999053490819,-0.6382657632608272,0.3083341420882547,0.016512829969224402,0.05365715189612186,-0.7113848372866128,0.1655074617555247,-0.8954533521469968,-0.46422779141073134,0.4312255607362655,0.018160287824334105,0.07358566759046459,0.0,0.0,0.0,0.0,0.0,0.0,0.0,1.9585277688226006
shoulder_press_29,shoulder_press,130.4721585872705,19.723455951791415,90.77690724212059,150.2007912154924,59.4238839733718,2.760773801703157,14.283836815905985,132.6212668559475,23.273761184545325,92.54380185440527,160.52941896299447,67.9856171085892,3.5264033933404577,10.791312973746699,160.65850092195177,16.507488718205334,128.28691741899183,179.4668234728745,51.17990605388266,2.583875828292957,9.658401655047413,136.0043239267987,21.60923355528914,97.63677666573,161.7029340159166,64.06615735018661,3.1637038482414255,9.313701574631736,145.8719418146871,4.297967355048381,137.66692900773586,152.46570920011752,14.798780192381656,1.3152061435562559,4.973104304008928,103.88320095942066,1.340042041563933,101.41628276313283,105.9027720491258,4.486489285992974,0.4488975065415275,1.262736319265457,164.49600426207098,3.773469444920737,155.87711450560923,171.02956724877606,15.152452743166833,1.3591535591640227,5.273612641839179,78.59300609449949,1.627870553213857,75.77815040019784,80.69290596585117,4.914755565653323,0.3512961975553164,1.0674432635746598,-0.8695003418260281,0.07517656009468425,-0.9532164416316815,-0.7395857569268004,0.2136306847048811,0.019543586614634186,0.06016271264371409,-0.7972000261596244,0.09621503116641553,-0.8954533521469968,-0.5730853105465431,0.32236804160045374,0.018524247228791164,0.06332927657140963,0.0,0.0,0.0,0.0,0.0,0.0,0.0,3.463684526467671
shoulder_press_29,shoulder_press,91.68946150189964,27.535643488446123,58.11556018319745,143.6377591186807,85.52219893548323,3.1105075900461228,14.283836815905985,99.49270238413843,19.986311840233107,75.22718860971273,151.37792676630792,76.1507381565952,3.8844841627644375,13.782475233199207,126.80265900028459,25.43302235963315,92.95017775981304,174.5036000331904,81.55342227337735,2.969319238649283,9.658401655047413,99.68978718025664,23.78787538989189,56.2774336968976,149.82257097304185,93.54513727614425,4.009089210035589,28.66436104281344,140.4150232613941,5.652522847762039,129.80279151462284,149.79483506846003,19.992043553837192,1.3984720790257046,3.6966362807525286,103.39660271025011,1.3788072937897993,100.98366075991758,105.78840570737628,4.804744947458701,0.45152190499689876,1.85794883038092,156.84298367170874,7.207852817703792,142.85667382432615,166.5802210912344,23.72354726690824,1.4682690313271345,5.154647717235207,78.82203575630325,1.013126476522087,77.56308895461417,80.69290596585117,3.1298170112369945,0.25124379598295976,0.8572958204320713,-0.6440567479109757,0.19260451792360417,-0.9532164416316815,-0.3416406144508932,0.6115758271807883,0.027027251859208956,0.08233199770832933,-0.5722686468807822,0.18454377110788925,-0.878659396939773,-0.29353257186962833,0.5851268250701447,0.02305481861245873,0.06332927657140963,0.0,0.0,0.0,0.0,0.0,0.0,0.0,3.9146585060803893
shoulder_press_31,shoulder_press,80.17120036769441,26.080782142781544,49.895397028142916,129.58153717607476,79.68614014793184,5.491743460633226,13.789014075934176,86.89215397652214,30.22794170991421,46.27648822339936,140.72009204048894,94.44360381708958,6.195638317197972,19.621294775529705,123.43717503046327,23.108856603771194,90.37124882961326,161.28274917722314,70.91150034760987,4.821019554828442,10.375073482714669,92.18375335193078,29.586751233752043,52.72223376715244,140.58175111976828,87.85951735261585,6.03567064416011,13.22612280687747,157.63236692825086,7.826789114805419,140.6231966116274,163.81994522901476,23.196748617387357,1.0920646812942265,4.897206964573087,109.90792315573653,0.9296715609981488,108.00471387695983,111.67889541737382,3.674181540413997,0.26952305146838385,0.7192908077551152,174.5731707740134,5.5496954321300915,161.35370161690938,179.58923161432594,18.235529997416563,1.2631595552871906,6.083386974451315,84.92934087981024,6.442485619913749,76.39113942552162,92.79971848526445,16.408579059742834,0.7956491297710857,6.329907804331711,-0.6027746177539274,0.2407248776265258,-0.9956441555932446,-0.22894156711341218,0.7667025884798324,0.04984573876100426,0.08832258746031385,-0.5209480707112886,0.18644753824534716,-0.8245559718174973,-0.26244081734343094,0.5621151544740663,0.038432822797228545,0.09377993391849848,0.0,0.0,0.0,0.0,0.0,0.0,0.0,6.591069929602616
shoulder_press_31,shoulder_press,77.10336442319077,26.068938829443763,49.58773526310376,136.64981095666346,87.0620756935597,5.60430868290482,13.875496242573732,80.63855494858176,28.272989119650624,47.67972583063483,142.0110848143597,94.33135898372487,6.236682436520617,19.621294775529705,118.18713205789867,26.122710111840675,78.97259846231276,165.24482140385513,86.27222294154237,5.624356146808088,13.664535301159418,84.60486464723695,29.29691995508746,47.47067661073236,138.751360790846,91.28068418011364,6.151666178752282,15.365966335881268,144.38639093391237,10.700019480699424,132.78719824577254,163.2354126802257,30.44821443445315,1.0909465056261138,4.897206964573087,110.43245830438156,0.6105104045758811,109.36038253951688,111.55426358818801,2.1938810486711304,0.1736231552752818,0.5680200140616449,164.575307036408,9.076983271580726,152.5286088909211,178.9791706518233,26.45056176090219,1.301596070525134,6.083386974451315,77.61688847784896,1.3648357671830766,76.07807797025544,81.10452275707874,5.026444786823305,0.3157593144258044,1.34723493885339,-0.5451116510587043,0.2669409563116854,-0.9758716398240417,-0.15436661692463494,0.8215050228994067,0.05481088877626119,0.13631615148917964,-0.4805042780729985,0.19536206292018898,-0.8185267289817307,-0.21877382443648474,0.599752904545246,0.03987915808486326,0.10396952208052768,0.0,0.0,0.0,0.0,0.0,0.0,0.0,8.194874283415318
shoulder_press_31,shoulder_press,80.55518746219833,28.26313354930596,49.58773526310376,136.64981095666346,87.0620756935597,6.189720777013118,14.29245202512574,84.52977985649554,31.447014229218848,47.67972583063483,142.0110848143597,94.33135898372487,6.607155965301127,22.325224062635627,120.92634234250956,28.205313029087748,78.97259846231276,165.24482140385513,86.27222294154237,5.804367052191451,13.664535301159418,86.963931224159,31.952989521824676,47.47067661073236,138.751360790846,91.28068418011364,6.319569001063788,15.846470620798286,133.97221093413222,2.972084660518316,128.1515800162311,140.05768951523802,11.90610949900693,0.5107162863011281,3.3022635033758263,110.9792158706448,0.3838384973465639,110.36433305418808,111.64534050870387,1.2810074545157875,0.19568205906214403,0.512352926866896,153.93061949776205,4.950301590952047,144.53530006202874,163.98394672594574,19.448646663917003,0.8465353476464588,4.887508853942023,76.21136699757976,0.4640146005034214,75.11694099282037,77.09134455616385,1.974403563343472,0.1582774079840384,0.5518875892382624,-0.5728341026383759,0.2813158642596562,-0.9780590696738741,-0.15436661692463494,0.8236924527492392,0.0559168212316985,0.13631615148917964,-0.4945689828793076,0.2117289900118169,-0.8272721304433457,-0.21877382443648474,0.608498306006861,0.0422511597495559,0.10396952208052768,0.0,0.0,0.0,0.0,0.0,0.0,0.0,14.563260360511315
shoulder_press_31,shoulder_press,79.14548017748383,27.130576740003463,50.30527944963315,137.49400992261943,87.18873047298628,5.895271028380637,14.452753808614702,82.66469510528637,32.26154310157481,43.187430448633435,143.8386932852384,100.65126283660497,6.7965943761990495,22.325224062635627,118.86005878378158,29.684116532280555,73.26351787175201,169.01656585899877,95.75304798724676,6.409645313247537,13.746372469172286,84.49918388633866,32.763273227650814,43.3866679736426,140.14210868024531,96.75544070660271,6.623783116880998,15.846470620798286,131.49078221607692,2.075476677458181,126.82145640798568,133.96401551325306,7.142559105267381,0.5768672210979129,1.563139907382606,111.93882152084092,0.8821566338475433,110.47475818599834,113.1702309785013,2.6954727925029545,0.2067500839833406,0.512352926866896,150.4341059438097,3.7287541300686198,142.18631936589864,155.40488624938294,13.2185668834843,1.119241908848792,3.0178305779309937,75.69802897941472,0.4091011474942469,74.65431487872301,76.44636041960985,1.792045540886832,0.20310062400137902,0.745372647640238,-0.5516669687276898,0.2861922324873186,-0.9780590696738741,-0.12458591049593526,0.8534731591779389,0.05872781064165873,0.1256915960346684,-0.47714869515985925,0.2224685163668214,-0.8295051799867761,-0.16555520057592266,0.6639499794108534,0.045712652044078504,0.09199997635158419,0.0,0.0,0.0,0.0,0.0,0.0,0.0,12.21547219056981
shoulder_press_31,shoulder_press,83.78174290949576,29.566081208905548,50.173619902072076,144.28628751058037,94.11266760850829,6.536052334394395,14.452753808614702,87.27305578478799,36.424825469936216,43.187430448633435,153.73562931095648,110.54819886232305,7.545587570209126,22.628174333385473,123.30158732057556,32.14419398128272,73.26351787175201,174.22660345301335,100.96308558126134,6.842965223173156,13.746372469172286,87.480045694729,34.888699965784355,43.3866679736426,145.32169460127176,101.93502662762916,6.904147554274753,17.089823823678103,130.09109180809955,2.157001856656798,126.73963284273336,133.27617507593894,6.53654223320558,0.5867506721808102,1.563139907382606,111.67870342318639,1.493987457225087,108.57173970425119,113.1702309785013,4.598491274250108,0.25859216835373766,0.7042541565097054,149.87895102507545,3.691480171605036,142.18631936589864,155.40488624938294,13.2185668834843,1.0592871553902472,3.0178305779309937,74.7567389431742,0.887429605031713,73.0812238759966,76.04145299945979,2.9602291234631934,0.25497184665860523,0.745372647640238,-0.582667962085176,0.2947577045223141,-1.002147794569233,-0.12458591049593526,0.8775618840732977,0.05918452236038532,0.1256915960346684,-0.49616304602603556,0.2349690382862624,-0.8451997750649914,-0.16555520057592266,0.6796445744890688,0.04559489911750923,0.11434493287826553,0.0,0.0,0.0,0.0,0.0,0.0,0.0,12.88605711169499
shoulder_press_31,shoulder_press,85.73222822355723,31.001617219361865,49.60617362043507,144.28628751058037,94.6801138901453,6.245246807539855,14.99578501564477,90.15915057177764,36.74075943401758,45.75078073947506,153.73562931095648,107.98484857148142,7.067415461504054,22.628174333385473,123.90515800977619,33.15214347537424,70.4408537277032,174.22660345301335,103.78574972531015,6.814269124790352,13.954046295850418,89.73279612904305,34.901131280640456,45.12603495268538,145.32169460127176,100.19565964858637,6.661165898087075,17.089823823678103,128.73537325190483,1.453385086168287,126.73963284273336,131.67449437294025,4.934861530206888,0.4625534134312394,1.0240799782142744,110.88346652011556,1.1671223061057228,108.57173970425119,113.03482582627663,4.4630861220254445,0.3001669923209577,0.7042541565097054,149.49688979882464,1.636327869988818,147.1930085008353,152.77646039189366,5.58345189105836,0.5979256391975706,2.6451776555297215,74.9196906884588,1.0928235015362378,73.0812238759966,76.48579898937153,3.404575113374932,0.24678545405692998,0.7285488685945296,-0.5921082961561751,0.30421225448828787,-1.002147794569233,-0.10489590249084146,0.8972518920783915,0.06162598912114377,0.1607772613078119,-0.5145348875354865,0.23642538630590756,-0.8471078466933205,-0.18506008295231857,0.6620477637410019,0.04627473279778031,0.11434493287826553,0.0,0.0,0.0,0.0,0.0,0.0,0.0,16.665156374299542
shoulder_press_31,shoulder_press,80.53990387412945,28.78263517567857,49.60617362043507,136.0382171489456,86.43204352851052,5.873599145794262,14.99578501564477,82.037200669791,33.00727498401475,43.579388729485835,141.25119480841929,97.67180607893346,6.760130805778912,16.905365784782774,114.29432847535031,33.70458163753774,66.21713749948421,164.26890862131324,98.05177112182903,6.812961913796467,13.954046295850418,82.43537899566712,32.7281292946633,44.11151767705261,138.1041863486242,93.99266867157161,6.572179078520721,15.820768740962635,129.266829683081,1.4260433767370122,126.83641872818637,131.74702538675535,4.91060665856898,0.4139501147233655,0.9378415387451469,111.47829626502077,0.7560218915329187,109.22004218744539,113.74890079348658,4.528858606041197,0.24918723232154408,1.1541589672683727,150.51906007747672,1.7126519021425726,147.60618139963952,153.8938036175414,6.287622217901884,0.5403617281407682,1.5378778014459726,74.87401760815008,1.1592344400078078,72.99932498727915,76.48579898937153,3.486474002092379,0.27920638396182573,0.787657876970826,-0.5047834151428781,0.3264925183755014,-0.9788723588304348,-0.01980995884051706,0.9590623999899177,0.06476244182373453,0.1607772613078119,-0.4671940274980878,0.23537774990309823,-0.8471078466933205,-0.14299867482355344,0.7041091718697671,0.047887737017429495,0.11899761160194966,0.0,0.0,0.0,0.0,0.0,0.0,0.0,17.548239795953926
shoulder_press_31,shoulder_press,86.10808312844425,29.760782420569083,51.73767830755841,146.83451600529114,95.09683769773272,6.589347626003732,15.544681543014661,88.63816347893106,33.436561536648306,43.579388729485835,148.22862066063882,104.649231931153,7.21972232040587,16.882900112909297,120.44592383927089,35.13471434361039,66.21713749948421,172.8696823437517,106.65254484426748,7.100606900531961,19.966624663420006,86.04741179390626,32.26823871537281,44.11151767705261,139.05803591612647,94.94651823907387,6.569133174127393,17.266234290671633,130.03673400160488,0.8844096629577823,128.70293942592022,131.74702538675535,3.044085960835133,0.3015491865952301,0.9378415387451469,112.4714614774914,1.0485435947141968,111.08637701014294,114.19830409548922,3.111927085346281,0.23477556423155085,1.1541589672683727,151.4860913194363,1.308244239247516,147.9458352625723,153.8938036175414,5.947968354969106,0.4650495352605901,1.5378778014459726,74.0980277685237,1.2983845229919764,70.9871252872751,76.27671552750985,5.2895902402347446,0.370099609819301,1.3948014086124374,-0.5418528668630479,0.33495395462678657,-1.0018255422635924,-0.013897374874451973,0.9879281673891405,0.06709561844755296,0.16039364174917037,-0.5010582248897019,0.23405737433359125,-0.8483879194774324,-0.14299867482355344,0.705389244653879,0.04807908538650449,0.11899761160194966,0.0,0.0,0.0,0.0,0.0,0.0,0.0,20.035970136276564
shoulder_press_31,shoulder_press,83.50747074273146,29.78792028327308,49.536795499225704,146.83451600529114,97.29772050606543,6.955663611809599,18.269906302405076,87.96801457870909,34.063925154198266,45.319269090516975,148.22862066063882,102.90935157012186,7.256183802049077,25.49332657668249,120.196681393873,34.33549189324624,66.60748001945566,172.8696823437517,106.26220232429603,7.149985634068669,19.966624663420006,84.8357304741251,32.84021813404973,45.30868945459728,139.05803591612647,93.7493464615292,6.5091982759259,17.266234290671633,130.23829151527403,0.687034285748946,128.79898790312396,131.2083115405143,2.4093236373903437,0.2575799901955432,0.5324989245146696,111.7170143770543,1.6471866192623152,109.07952673902193,114.19830409548922,5.118777356467291,0.2640085805496367,0.7002787649953888,150.77388806350476,1.2247506996284887,147.79570996328596,152.33119064913848,4.535480685852519,0.4416392324243606,1.6203583547152505,72.71830954509353,1.9955594525371627,70.6800347595507,76.27671552750985,5.596680767959157,0.27035853607905935,1.3948014086124374,-0.5393515561657922,0.32676340971472884,-1.0018255422635924,-0.013897374874451973,0.9879281673891405,0.06714519512798336,0.16039364174917037,-0.49963247207908373,0.2275754298221937,-0.8483879194774324,-0.1667265990034026,0.6816613204740298,0.046229369462540075,0.13842540101877565,0.0,0.0,0.0,0.0,0.0,0.0,0.0,22.593498677060577
shoulder_press_32,shoulder_press,99.16596565696918,28.702873606387865,53.71562412714887,140.97903487552244,87.26341074837357,7.748674385661902,20.228281620145168,99.46861636011654,31.696314243001012,50.98376239127398,143.55977927974038,92.5760168884664,8.553884837631522,23.420831490126574,111.16981665375489,28.48376760634873,62.16699790929816,150.86879248589847,88.7017945766003,7.712069157820955,20.94919514099405,105.00763491253615,30.78292014721844,56.648208278917714,145.80759356798148,89.15938528906378,8.289289202476315,23.33346182563885,176.00136551200106,0.5407907921376721,174.48969394286092,176.80254083476,2.3128468918990848,0.13525049366584316,0.7317383368915102,174.44719608553663,0.9058008626689098,171.65486908109304,175.45266944515947,3.7978003640664326,0.2467663498642437,0.8969957011919689,178.8217124565078,0.930830268045862,176.84200307123677,179.65625839260795,2.814255321371178,0.19244938077223875,1.3226142489645838,177.489860733823,0.912510914908938,175.14652311295953,179.37472927222083,4.228206159261305,0.332887790286381,1.3781853917701312,-0.5083592535503627,0.1396525741696028,-0.7097009670534651,-0.2725712412860113,0.4371297257674538,0.038030394493555914,0.08733346987176616,-0.48487578784024815,0.14950014821677748,-0.702681936887147,-0.2472195023474284,0.4554624345397186,0.04009881479146585,0.1154864638820291,1.192622389734055e-19,5.378383268146601e-17,-1.216474837528736e-16,1.220811646218678e-16,2.437286483747414e-16,4.5674820487087613e-17,2.3809079707781677e-16,35.60233058343132
shoulder_press_32,shoulder_press,114.88532654586508,32.18599758934109,63.40410201569907,156.69047600416746,93.2863739884684,7.246073024330258,17.596604745331646,115.60829300500745,34.0171537743117,58.63873229383818,157.64493836451308,99.00620607067489,7.731860852827726,23.420831490126574,126.21595303059004,29.84730185472685,76.58605252721283,162.99424386965873,86.4081913424459,6.73457892824733,16.918148409156714,120.45811621564742,32.35164973472724,65.09687345955965,158.62825175942112,93.53137829986147,7.352043482339343,23.33346182563885,176.10936442031186,0.38956638876218036,175.39504543445844,176.82619556843386,1.4311501339754216,0.11102484690533938,0.365558607742571,175.29677866330587,0.8447741009907906,173.89769501447446,176.6011949489234,2.703499934448928,0.1709767356856207,0.4369303782879399,179.19690310933714,0.40477776019842177,178.3123598375654,179.6508382034964,1.338478365930996,0.11629108872129587,0.3541097317818753,177.73268351848208,0.5547401836048218,176.88597449874248,178.7510460442949,1.8650715455524107,0.18316568740098463,0.559748021575956,-0.5829034947382643,0.15327310885656845,-0.8022899111974602,-0.3331481313434935,0.46914177985396666,0.03709323369067966,0.08733346987176616,-0.5623504154738409,0.16313149392590978,-0.7850927021437506,-0.3090138830832372,0.4760788190605134,0.0378257972890101,0.1154864638820291,-7.571345171190439e-18,7.4276738653084e-17,-1.216474837528736e-16,1.220811646218678e-16,2.437286483747414e-16,8.971959908726598e-17,2.3809079707781677e-16,49.985619524094766
shoulder_press_32,shoulder_press,113.31023544248306,34.094496313682484,61.17362743396364,156.69047600416746,95.51684857020382,6.726431395144155,16.64630869470291,113.93781557679955,35.10524757081684,60.28147629284788,157.64493836451308,97.3634620716652,6.7559908704158085,22.131371848439755,124.81573148597003,31.62517300198311,74.85273198189455,162.99424386965873,88.14151188776418,6.2105869606791355,17.42639118174199,119.12957776132454,33.18173813400933,67.03385357943807,158.62825175942112,91.59439817998305,6.39972817697319,21.998741521568874,176.11994753513338,0.42548676170872507,175.39504543445844,176.82619556843386,1.4311501339754216,0.11662376028639321,0.365558607742571,175.49846560709997,0.6302465541105458,174.79167012392034,176.6011949489234,1.8095248250030522,0.13572310935422074,0.4369303782879399,179.31355200936642,0.5086783858416631,178.3123598375654,179.99980802998763,1.687448192422238,0.15457833594934922,0.3985740276304739,177.83811666033674,0.46843863522713947,177.30656585886013,178.7510460442949,1.4444801854347702,0.14110534536250294,0.559748021575956,-0.5725084890773985,0.1626219480988644,-0.8022899111974602,-0.31753688915137923,0.48475302204608095,0.03406249036671588,0.07554749868470534,-0.5537290609725699,0.17231946458943742,-0.7850927021437506,-0.2903630314077861,0.4947296707359645,0.03490956008879613,0.10528898621826888,-1.5699247457590105e-17,8.994745096640425e-17,-1.201296007113939e-16,1.201296007113939e-16,2.402592014227878e-16,1.1784156026463138e-16,2.402592014227878e-16,47.611829957040946
shoulder_press_32,shoulder_press,106.34895643643495,32.30213236199906,61.17362743396364,154.02138302908838,92.84775559512474,7.132731945253754,16.64630869470291,107.35479950097293,33.15214775850729,60.28147629284788,152.11296772150848,91.8314914286606,7.069862936356632,22.131371848439755,118.9158752566413,30.32542928240172,74.85273198189455,160.4203745981702,85.56764261627566,6.600157618738961,17.42639118174199,113.14925820469313,31.524162650509304,67.03385357943807,154.4429745567494,87.40912097731132,6.746474246334542,21.998741521568874,176.12821731651508,0.40639258528015265,175.39902393987737,176.77330243656243,1.374278496685065,0.11147872894710432,0.5357180926811225,175.47374462543877,0.5978575339675524,174.79167012392034,176.6304072091847,1.8387370852643699,0.14674092535910505,0.5131532242827745,179.5243051932412,0.3637476625014202,178.76584522175895,179.99980802998763,1.2339628082286822,0.15508449367991786,0.460707275935448,177.83149334348323,0.3745211560550214,177.36366253664352,178.72541940269298,1.3617568660494612,0.12091310529585884,0.5635765346943344,-0.5367808479767855,0.14876861885399376,-0.7596067526679513,-0.31753688915137923,0.44206986351657207,0.034229367706978875,0.07554749868470534,-0.5208491482553246,0.1597026134315853,-0.7437910194037874,-0.2903630314077861,0.45342798799600137,0.03426075328014759,0.10528898621826888,-1.5814895689321892e-17,9.515653917479167e-17,-1.201296007113939e-16,1.201296007113939e-16,2.402592014227878e-16,1.3846383331094187e-16,2.402592014227878e-16,51.56933172306596
shoulder_press_32,shoulder_press,101.06398962686401,36.58832063390773,51.773761464056726,154.02138302908838,102.24762156503166,6.633464015691498,14.341965947814046,102.5143786061651,37.75581821505439,50.80697734294647,152.11296772150848,101.30599037856202,6.62368144494054,16.473727315172255,113.73679175057939,34.681917667977004,65.7791779755848,160.4203745981702,94.64119662258541,6.219982254152407,13.903054993763192,108.51900226624917,36.249186322983675,57.36377237800558,154.4429745567494,97.07920217874381,6.459086805925667,16.567984237701836,176.17698674092756,0.3933063062960582,175.5548412030419,176.77330243656243,1.218461233520543,0.1035729161858771,0.5357180926811225,175.33000793603333,0.739470325797263,174.27563035281486,176.6304072091847,2.3547768563698526,0.1517919182824424,0.5131532242827745,179.5388458701323,0.3254106828538312,178.76584522175895,179.99019191987193,1.2243466981129814,0.1368623467928691,0.460707275935448,177.7460959316065,0.49863925309038215,176.9121138825128,178.72541940269298,1.8133055201801653,0.14122202014011045,0.5635765346943344,-0.5018399656591044,0.18092831067835272,-0.7596067526679513,-0.21803014867498305,0.5415766039929683,0.035773961067362144,0.07312829791467867,-0.4943682201738096,0.18505008466277958,-0.7437910194037874,-0.22630100328816005,0.5174900161156274,0.03454102257380717,0.08201991628950067,8.080920192258626e-18,8.020358601229374e-17,-1.196959198423997e-16,1.207801220148852e-16,2.404760418572849e-16,9.364515867729971e-17,2.38524477946811e-16,48.61983943846795
shoulder_press_32,shoulder_press,107.6507909024969,38.10711364291602,51.773761464056726,152.54663932457916,100.77287786052244,5.638760090147646,13.833139856229238,110.13812508997415,40.15412786071171,50.80697734294647,154.27401396787118,103.46703662492472,5.597104748737567,16.473727315172255,120.30883697609254,36.71624125711345,65.7791779755848,162.2754235881337,96.49624561254889,5.337684605841648,13.903054993763192,115.74522812153899,38.528337655332535,57.36377237800558,156.44019876138623,99.07642638338065,5.334829448705273,16.567984237701836,176.4362214566793,0.38851442100649797,175.80737533102138,177.10631888356707,1.298943552545694,0.09852529344480107,0.35537468155860097,175.19342132700504,0.559913494921687,174.27563035281486,176.0126419611608,1.737011608345938,0.1284626736569633,0.503544077217839,179.5798311788862,0.3195970280256765,178.92587197086533,179.99019191987193,1.0643199490066024,0.12729109468402605,0.40539373747037644,177.67154683721705,0.46824248587944123,176.9121138825128,178.61862611837725,1.7065122358644373,0.12676264670076384,0.41383476046598844,-0.5385183118094472,0.1973731187534248,-0.7971899406129541,-0.21803014867498305,0.5791597919379711,0.033967364266555784,0.07312829791467867,-0.5316097632405727,0.19781946600359698,-0.7642185190234769,-0.22630100328816005,0.5379175157353169,0.03007518084119165,0.08201991628950067,2.3678975447083417e-17,7.075530070073819e-17,-1.196959198423997e-16,1.207801220148852e-16,2.404760418572849e-16,8.13450719618607e-17,2.38524477946811e-16,45.54361608759443
shoulder_press_32,shoulder_press,104.58729534830148,38.31317625645733,52.941889156782544,152.54663932457916,99.60475016779662,4.760924136821118,16.994441371072796,106.82631194619483,40.120747778516936,51.49815917173316,154.27401396787118,102.77585479613802,4.773639274614061,15.537237803712479,116.768786402868,37.249241830102314,64.45311084871001,162.2754235881337,97.82231273942368,4.661616830043273,17.322503303307258,111.78654390980283,38.760506861209635,57.291897338613225,156.44019876138623,99.148301422773,4.547328296793366,15.9336737252274,176.4356558188366,0.34620608085210597,175.99333580831143,177.10631888356707,1.1129830752556416,0.08384642190098891,0.35537468155860097,175.08104501503584,0.6530875100248277,173.80851891553377,176.0126419611608,2.2041230456270284,0.1289122426927467,0.546732906900985,179.6083468392929,0.3604055987101593,178.92587197086533,179.9900239020425,1.0641519311771788,0.10717831217477694,0.40539373747037644,177.80523717897285,0.41100622269190445,176.8153938796862,178.61862611837725,1.803232238691038,0.124180065496198,0.5936749736684703,-0.5267103857826146,0.19538783285162536,-0.7971899406129541,-0.23316191998950908,0.564028020623445,0.028819915556573223,0.09145712610270906,-0.5174357718617151,0.19550484104838656,-0.7642185190234769,-0.23440683631025716,0.5298116827132198,0.024673613100734383,0.06804683590180982,1.1825031694575235e-17,8.253597040175273e-17,-1.209969624493823e-16,1.214306433183765e-16,2.424276057677588e-16,1.13833750854616e-16,2.424276057677588e-16,42.20398398289787
shoulder_press_33,shoulder_press,128.6746488136664,52.59956556056436,8.73384412264799,172.63884112705233,163.90499700440435,12.962879280152599,137.76767027665318,113.83064691497951,64.39799759750568,16.697644707333648,175.48142883796837,158.78378413063473,6.127720633003763,55.920981562585325,79.21119600815132,31.367087405062733,5.702117452163893,108.59850002876856,102.89638257660467,5.40011255125804,23.852786233296843,118.77391662044796,36.58956842547139,59.343727291873336,155.64111414769087,96.29738685581754,4.038463509059015,37.049273396850595,173.697438943024,2.74593459247079,169.64120323743305,179.28420150316765,9.642998265734605,0.6219123130701748,1.5947529844184203,160.53193207641579,6.388384716020442,152.6076122622363,169.19582633877098,16.588214076534683,0.7615505121923904,2.018966185470731,175.23972005671757,3.7645305954208554,170.61220912629827,179.9993099564975,9.387100830199245,0.6948768264597177,4.7279153635069235,177.24607463014075,1.7160746093903303,174.19022229159873,179.93015293687958,5.73993064528085,0.5571726864448775,1.9857102590933096,-1.0223080856253783,0.5456215427211086,-1.4971329121958648,0.24849132208645483,1.7456242342823196,0.061346524728088644,0.20174463812124743,-0.37383518290274703,0.42091115144310515,-0.748752517530789,0.3844321647582395,1.1331846822890284,0.0421101717060101,0.1854950548533174,-5.921189464667501e-17,5.984457976873166e-17,-1.3877787807814457e-16,0.0,1.3877787807814457e-16,4.6897351902269545e-17,1.3877787807814457e-16,10.824907005866546
shoulder_press_33,shoulder_press,162.58850231129952,16.061522301908187,110.76289499258715,173.12686797870893,62.36397298612178,2.8980743921982333,11.786767441695133,160.0297193943876,21.317965358801043,91.4219320152969,175.48142883796837,84.05949682267146,3.6545509161008796,17.695126721568883,102.82563605082741,6.612219045603872,81.73864703258452,108.59850002876856,26.85985299618403,1.524047378554784,6.728337354028795,146.53347037490042,8.118957910388259,141.18951085565783,175.24271725171843,34.0532063960606,2.602148959805209,14.793304192242488,172.90911660100844,2.8830568573517397,169.64120323743305,178.99922868995264,9.358025452519598,0.8683891471957653,2.5396936304223914,167.42234759418497,3.0441374079194676,159.4131596533981,171.4293163935453,12.016156740147181,0.7371347258808175,2.018966185470731,173.47108993354215,2.7420347022848093,170.61220912629827,179.73137678322325,9.119167656924986,0.7527449660488985,3.19393955915271,175.02524726236743,1.4576301124383138,170.46825743099387,177.1326969571791,6.66443952618522,0.8059606172191109,2.3606288769217088,-1.411929785797319,0.1375023248980561,-1.5348671361327144,-0.9509121655099284,0.583954970622786,0.02750346921441098,0.12465218824053048,-0.6048706141804542,0.18541096161113438,-0.748752517530789,0.0002877840708039314,0.749040301601593,0.02922463938171764,0.15878514335604177,-5.551115123125783e-17,5.551115123125783e-17,-1.1102230246251565e-16,0.0,1.1102230246251565e-16,3.828355257328126e-17,1.1102230246251565e-16,3.374856910344165
shoulder_press_33,shoulder_press,116.00918047877524,52.72892562153055,2.8397391819949114,173.12686797870893,170.28712879671403,12.673382697243031,90.84820145499626,107.05793673928409,51.25971484614453,45.35233502270965,175.2126938187819,129.86035879607226,5.4732202366529545,18.993819884216798,70.37951088958498,34.99328889371077,0.31959219752329254,107.3280090923008,107.00841689477751,4.872864065682982,21.554877637087568,115.27331498424174,37.838753768970136,57.78197118939549,175.24271725171843,117.46074606232294,5.241509559727432,20.555895521112177,172.33394330344603,3.0175791199791284,167.0090173626411,178.99922868995264,11.990211327311556,0.8886388400474325,2.771395474844496,162.32908715564247,6.8198800501424826,152.5913730605289,171.4293163935453,18.837943333016398,0.720207713613706,1.8465835710148042,176.54810357275605,2.5935239638071126,170.6288077345557,179.8695869348665,9.240779200310811,0.7901045449630812,3.19393955915271,172.19923907389702,2.523082705214673,166.91296729023512,177.10952677841553,10.196559488180412,1.2129682281918064,3.409065720821445,-0.8861802098267705,0.5425029745816053,-1.5348671361327144,-0.12088604411705092,1.4139810920156635,0.051761361298657084,0.16300141905905174,-0.015886288727696617,0.5315849944689758,-0.6782431128602128,0.6291953278437664,1.3074384407039792,0.04715605841813213,0.15878514335604177,-4.9960036108132046e-17,5.751055286780865e-17,-1.3877787807814457e-16,0.0,1.3877787807814457e-16,4.594026308793751e-17,1.3877787807814457e-16,7.824365386427102
shoulder_press_33,shoulder_press,82.04205886393905,42.790753940317444,2.8397391819949114,156.54622302638433,153.70648384438942,18.84938587090429,90.84820145499626,68.07791217935461,25.992182552591984,35.92736403460199,141.83690850846915,105.90954447386716,7.064249927201126,25.077027114767205,48.898853136120216,27.13679853245361,0.31959219752329254,97.49474709131708,97.17515489379379,7.762374684771545,21.554877637087568,93.34207358406526,36.69973077073363,56.83299510045485,174.77638784074907,117.94339274029421,7.224662673921089,32.83005160992656,172.41135043617413,3.4882581613130488,167.0090173626411,179.5373226727339,12.528305310092804,0.8277275667635883,2.771395474844496,154.91067971001138,3.408416926267871,150.74763587258377,162.1738413663039,11.426205493720119,0.7304422137615083,2.0300665624651515,178.013749430891,1.2829919377116703,175.70641903604837,179.8695869348665,4.163167898818131,0.4630242608882131,1.4316090765970273,170.70771538961205,2.153822016369777,165.99187496854483,175.98521588498824,9.993340916443401,1.8008215207327278,5.309508540966675,-0.5451262287917484,0.37453358637610373,-1.3328780740936368,-0.12088604411705092,1.2119920299765858,0.0697205980649198,0.17650659582345507,0.2929274825994816,0.3615722167573116,-0.5871488734248379,0.6291953278437664,1.2163442012686043,0.061774134679314016,0.16638476167951255,-4.810966440042345e-17,5.950031279090745e-17,-1.3877787807814457e-16,0.0,1.3877787807814457e-16,4.976861834526564e-17,1.3877787807814457e-16,10.701336112256065
shoulder_press_33,shoulder_press,128.97201253348427,49.97089528884847,13.444216389093299,172.31488262898588,158.87066623989259,9.09114574894406,73.10833813096689,121.38083703819142,51.580942686119755,35.92736403460199,171.88356266495504,135.95619863035304,5.906144366351709,25.077027114767205,83.4624011047601,32.506490175709885,3.8371191977582058,113.11524539660226,109.27812619884406,4.5507238688173155,19.27849979388432,123.62899411321857,36.36477080707565,56.83299510045485,174.77638784074907,117.94339274029421,5.353443657521137,32.83005160992656,174.28629968110343,2.893138243282206,167.48330004148272,179.5373226727339,12.054022631251172,0.7299703244201177,2.111852500074349,160.58305052878532,7.682607132731615,150.74763587258377,170.73625942792862,19.988623555344844,0.7541250632571191,2.0300665624651515,176.81765688381952,2.5753326446213003,171.82637493388688,179.76750427276656,7.941129338879676,0.6982204383011914,3.4280063524984996,173.41786435792164,3.051666213947141,165.99187496854483,178.12295308075176,12.131078112206922,1.5474916205587825,5.309508540966675,-1.0803160233175368,0.4798676424055309,-1.5033805178168853,-0.1685084061412682,1.334872111675617,0.049385710030781085,0.17650659582345507,-0.3575652041421987,0.5495894726375997,-0.8914737964375655,0.5763863920056153,1.4678601884431808,0.05229705469591044,0.16638476167951255,-4.9960036108132046e-17,5.751055286780864e-17,-1.3877787807814457e-16,0.0,1.3877787807814457e-16,5.646824004558985e-17,1.3877787807814457e-16,6.676338657844919
shoulder_press_33,shoulder_press,168.53195668403905,5.987014894127327,151.30312146693572,174.18613736698637,22.88301590005065,1.4946371498526276,5.533216346883393,165.1792793276874,9.393136052851073,132.2144912101794,171.88356266495504,39.66907145477563,2.225292600659168,11.972148988025168,109.34597981700485,4.102070130916637,99.15072820502307,113.11524539660226,13.96451719157919,0.9966818721607015,4.1553378154573295,144.6954588236441,8.98986587682695,138.93347306944054,177.99201796554996,39.058544896109424,1.8761409906551014,11.641704573763064,174.50943580136698,1.3538378896009948,173.13049932445205,178.6145001053797,5.4840007809276585,0.424119756825855,1.577653702258317,169.43175340101368,3.0352091075122267,161.0064147691328,172.66269068072842,11.656275911595628,0.5146494175825134,1.9542216220531827,176.63817814709745,2.381945550301435,171.82637493388688,179.24748094106528,7.421106007178395,0.4858653637860774,3.4280063524984996,174.6440917204722,1.6043653611015933,171.97922118088078,178.12295308075176,6.143731899870971,0.6443607508089467,2.266584726201046,-1.4609110453761596,0.043962499202001085,-1.5202535525103023,-1.3561872375212216,0.16406631498908064,0.015248699688524924,0.059740179763755785,-0.785856788458986,0.11588307782634741,-0.8914737964375655,-0.3952441386740322,0.49622965776353334,0.026964126971899673,0.1206927404431144,-4.4408920985006264e-17,5.438959822042074e-17,-1.1102230246251565e-16,0.0,1.1102230246251565e-16,6.125368411725002e-17,1.1102230246251565e-16,3.186451244412083
shoulder_press_33,shoulder_press,131.35834664164585,44.74574609236744,20.476293316004696,174.18613736698637,153.70984405098167,5.384236219197694,26.155907774456125,117.43098602328938,50.12748941508568,45.7771652795701,171.5384632364849,125.76129795691479,4.587536122702933,15.590988517118532,88.25320539126646,25.48522151179746,37.287485120208046,112.48376912765731,75.19628400744926,3.3597133297851403,18.431145822550782,131.0003113960471,29.09639037617095,74.99256636465545,177.99201796554996,102.99945160089452,4.909409702192009,13.346389540748945,175.2755167275486,1.8493209534403339,173.43921910985802,179.58496648038223,6.145747370524219,0.5352741292643314,2.82893231806122,166.80187057033675,5.82791592641718,153.9736714955161,172.66269068072842,18.689019185212317,0.7421650141127606,3.2514898099434504,177.72208825343304,0.7197995601511858,176.31880038107684,179.06036458805983,2.7415642069829858,0.3628291349580264,1.9733292784723346,171.89716594344645,2.2937691638771085,167.71180927737703,174.5957430401526,6.88393376277557,0.8411517452239556,2.9110989346993676,-1.1242767205096973,0.4077925644915961,-1.5202535525103023,-0.29207221781432735,1.228181334695975,0.04451101290361857,0.13190021084769354,-0.2617361996049113,0.5313057756449374,-0.8536497537208722,0.5437529590498629,1.397402712770735,0.048964545576325895,0.1206927404431144,-5.3660779523549233e-17,5.774820079287769e-17,-1.3877787807814457e-16,0.0,1.3877787807814457e-16,5.3596973602593766e-17,1.3877787807814457e-16,7.350990642734901
shoulder_press_34,shoulder_press,141.35145385570888,44.19249485948419,47.27717750423396,173.34138237632456,126.0642048720906,4.547499258843347,28.015157942748488,137.66448555307258,44.11820948304435,41.6340648825235,170.1906738936964,128.55660901117292,4.4915099034268815,22.27759075798697,121.58816753597175,44.16880751384649,25.6100342767318,150.98033403815765,125.37029976142585,4.424266527258576,30.139175526200326,117.25952831664479,44.21373653577006,19.846079894485058,148.57873997113387,128.7326600766488,4.525402043888493,23.3173391407314,139.48366226616793,9.730449869367098,126.09808785887127,160.07168486108577,33.973597002214504,4.738492761957449,17.36736668845768,132.21851891202238,0.9504024735136298,129.88902853665792,133.59972477637757,3.7106962397196526,0.32572206336922804,1.319097066887167,113.02961993691056,8.630128128479752,92.00893828310758,134.50687011909199,42.4979318359844,7.678224323465411,25.297181380287626,120.4356742129854,22.01799452056141,90.76037684488043,176.44603389174273,85.6856570468623,15.143898295524465,46.130370387878415,-0.8174444447229668,0.26573718874917046,-1.0134038036887616,-0.2549130129473478,0.7584907907414138,0.028136064436703124,0.12372636296221684,-0.9066132777863968,0.26638306689884667,-1.1136425358958144,-0.33063465633578937,0.783007879560025,0.03142039004051566,0.11330853763957105,0.0,0.0,0.0,0.0,0.0,0.0,0.0,0.6450713640447439
shoulder_press_34,shoulder_press,171.9286476497743,1.3068372735202822,166.83386871809364,173.34138237632456,6.50751365823092,0.4324952294515185,2.824582692050825,169.80902424621524,1.5112874475896643,164.2994424167365,171.43311641435133,7.133673997614835,0.3782746420764987,2.637938443968693,149.82358483965763,0.9998042419016407,146.45952126472488,150.98033403815765,4.520812773432766,0.3039832893127921,1.3801165972511171,147.38768317801404,0.6143719429155984,145.64813542933973,148.57873997113387,2.930604541794139,0.2882681478831483,1.8509913339788682,143.3589877016172,9.243748322989857,132.03280102609912,160.07168486108577,28.03888383498665,4.467228466251205,15.031372786192492,132.525665063945,0.5760730893577556,131.4404985533408,133.59972477637757,2.159226223036768,0.2087618450019257,0.8559603585795799,108.29808708776245,9.47676497260423,92.00893828310758,128.18992107866163,36.180982795554044,6.493610624997854,25.297181380287626,108.82083900510557,26.965358430826143,79.44090378109803,176.44603389174273,97.0051301106447,12.812436934044287,46.130370387878415,-1.0076724545024573,0.011517531780805619,-1.0291067588486065,-0.9909268355023008,0.03817992334630571,0.004398841140970069,0.013179092694372119,-1.0917909142381963,0.010659204141341297,-1.1136425358958144,-1.0650621054540372,0.04858043044177718,0.00527442365890791,0.028528170287433596,0.0,0.0,0.0,0.0,0.0,0.0,0.0,0.058503006137846744
shoulder_press_34,shoulder_press,168.14250075524373,4.976193016304692,156.88591972003937,173.21742863567297,16.331508915633606,0.7023578501459645,2.4949637369378195,165.04918698697733,8.52188839720787,139.86215002374306,171.43311641435133,31.570966390608277,1.1529226714964438,6.901157270498231,147.1725446392653,3.033604978052519,140.64701005287708,150.35365673566156,9.70664668278448,0.47240453937183996,1.8405972367101242,142.05275315434164,8.096691901618136,117.38682193421889,148.2216524708637,30.8348305366448,1.1054549082910032,7.302682629730455,140.35974242895355,11.770579467040692,127.79649933526966,171.2035922516503,43.407092916380634,5.328952801780286,30.46933788893773,132.29245309499223,0.5766715296369538,130.45783531096833,133.2593379595013,2.80150264853296,0.236113265718894,1.329870802843942,101.03611514398075,12.588345884422512,72.4409629261343,128.18992107866163,55.74895815252732,7.254537022878139,29.540434476815435,109.93978423956644,31.795962469307746,79.44090378109803,179.25918058655145,99.81827680545342,11.922371256988068,85.0550829497787,-1.004483400172806,0.037956799623769404,-1.029421426153313,-0.8569429655747132,0.17247846057859983,0.008422954462961034,0.05545955204167774,-1.068779989605923,0.06178217977328871,-1.1118588237934839,-0.8387047938997052,0.2731540298937787,0.012071990202841366,0.09828634153145432,0.0,0.0,0.0,0.0,0.0,0.0,0.0,0.1387577208312329
shoulder_press_34,shoulder_press,126.98924148253435,46.82377113640821,42.04203697581499,170.49776446424124,128.45572748842625,8.132917504884253,55.28566462298063,123.08529583773928,42.13143724700753,52.933297652570545,170.11169071178563,117.17839305921508,5.611798015287393,26.71876966360456,108.23903786642788,46.398050236179955,22.930321720270193,148.0264438141608,125.09612209389061,8.110692481951189,57.39042065024744,100.11970381417187,42.74769748253998,29.085970979610355,146.8924739511216,117.80650297151124,5.631467646106681,26.79378596931985,131.0954095175336,14.026391157369106,111.72114867043233,171.2035922516503,59.482443581217964,5.940177926052134,30.46933788893773,133.00915372382659,1.6103635259877052,129.93606131364137,135.3552931763721,5.419231862730726,0.3594869802537101,1.9553068787182326,101.48648393569853,11.980956559569785,72.4409629261343,121.66411776726376,49.22315484112946,7.793423562074994,29.540434476815435,123.06584735379809,31.803745771978914,82.2410998633948,179.25918058655145,97.01808072315666,17.069016465422656,85.0550829497787,-0.7582107399710133,0.2605712806022488,-1.029421426153313,-0.30763848040030994,0.7217829457530031,0.03953746646705127,0.1604131451866433,-0.8246577488539425,0.24159455158748053,-1.1118588237934839,-0.45309423958488115,0.6587645842086027,0.029459463084041574,0.09828634153145432,0.0,0.0,0.0,0.0,0.0,0.0,0.0,0.8820609425011202
shoulder_press_34,shoulder_press,126.15714661455307,46.574083274754244,42.04203697581499,172.12724980674844,130.08521283093344,9.264029439885302,55.28566462298063,121.78124200853716,41.86022054619692,52.933297652570545,169.49426343958604,116.56096578701549,6.9787522455196305,26.71876966360456,107.78474745112979,46.29961029255633,22.930321720270193,150.27300212171448,127.34268040144428,9.289532137082084,57.39042065024744,99.72112187726158,43.365793633301045,29.085970979610355,148.1591897721414,119.07321879253104,7.182542495481055,26.79378596931985,134.05267452388858,16.1532385223144,111.72114867043233,168.44946978317915,56.728321112746826,6.040081107166637,29.855465779243104,132.38028695473542,2.0387137691218875,129.93606131364137,135.3552931763721,5.419231862730726,0.4556288843166855,1.9553068787182326,104.46124700482734,10.281414177075922,81.94414034457041,121.66411776726376,39.71997742269335,5.348168120845707,14.687097536653695,106.68059967456394,24.75953276029588,70.410824869153,170.71882547367514,100.30800060452214,10.728912045843801,54.60516659660523,-0.7286754855966877,0.23886053904323545,-1.0117062198455418,-0.30763848040030994,0.7040677394452318,0.050299438773241105,0.1604131451866433,-0.823731673448963,0.25195426659770165,-1.1400802067542464,-0.45309423958488115,0.6869859671693652,0.03912082470113928,0.1176422233735982,0.0,0.0,0.0,0.0,0.0,0.0,0.0,1.449304941424051
shoulder_press_34,shoulder_press,166.99037507844747,8.177851259215199,140.55855819740046,172.32141315885542,31.762854961454963,1.3568385496179953,7.171698280448055,163.18894433145124,12.316212728241604,119.22905650722508,170.27322414269437,51.04416763546929,1.8478315622302521,12.657980413156409,146.27602122031763,5.756622577895323,124.40868638911142,150.27300212171448,25.86431573260306,1.1517706155531162,8.502057642458638,141.47770454752083,12.254576837184642,96.67511229269962,148.1591897721414,51.484077479441765,1.9321936346837463,13.854010228951594,138.70280504180317,11.79154574901937,119.2223636281007,168.44946978317915,49.22710615507846,4.704665620139747,29.855465779243104,131.10563769163707,0.9244520776021399,129.96457352832334,134.51003518278554,4.545461654462201,0.31356650282133247,1.1931854511351503,100.46346129591831,8.67364067720297,81.94414034457041,115.51305975953554,33.56891941496512,3.644532828099446,16.047721375601725,89.99986962636758,11.740957905913259,70.410824869153,122.1444838018951,51.7336589327421,3.672485123795383,17.018702849030404,-0.9712253709529138,0.06970682358910822,-1.0213645741665283,-0.7115195347312806,0.30984503943524766,0.016756019667697977,0.10130051487620706,-1.0741604734553076,0.09893294551893092,-1.1400802067542464,-0.7036313410393689,0.4364488657148775,0.01910395093142013,0.1176422233735982,0.0,0.0,0.0,0.0,0.0,0.0,0.0,0.5098100422709565
shoulder_press_34,shoulder_press,167.4355132165513,4.886842245913798,155.70726795134257,172.32141315885542,16.61414520751285,0.6139667820570803,2.279140651777226,163.7796769203699,8.664455253226404,138.5098050249198,170.27322414269437,31.76341911777456,1.1475629381165278,5.681672323742475,146.34353371395804,3.5107483333185807,137.14154901788024,150.2683039584912,13.126754940610965,0.5304516499783314,1.8198571355758588,141.41270733323447,8.413764047021488,117.22094113668082,147.71492249597102,30.493981359290203,1.1273439949803734,5.212182243340578,133.76952152637128,6.88673051931277,127.07135068987313,155.85332830910608,28.781977619232947,2.8191498487483435,10.902362842093169,130.77286703870627,0.3964093821812875,130.00662005699334,131.5324713644722,1.5258513074788596,0.1713443142372151,0.5174313887394817,95.80292720130001,5.648790566062698,84.73140534120587,109.80299320669252,25.07158786548665,2.549556036395502,10.0568754824844,93.04171313158427,19.44330879932373,81.74363332971441,178.488801115948,96.7451677862336,7.446052324741641,70.78281636061078,-0.9867703004694254,0.04652411687131108,-1.0270185363363207,-0.828920340912337,0.19809819542398366,0.008963237713233064,0.04223425448297691,-1.0752691796510603,0.06523367187875238,-1.1278233565504003,-0.8786748368405184,0.24914851970988194,0.011835028226356441,0.05290600830627856,0.0,0.0,0.0,0.0,0.0,0.0,0.0,0.2633065123874271
shoulder_press_35,shoulder_press,170.96608575655344,0.8235557418010718,168.0843255765648,171.98035234137203,3.8960267648072318,0.43952347612980996,1.0786395670519369,132.75977147898448,3.9327257935346016,125.97736073263889,138.59023480683513,12.612874074196242,0.7023702162211226,1.9549292707071118,71.85891601009949,1.3481823713342607,69.79274046446811,73.67502143102713,3.8822809665590228,0.26407545257792475,1.0604691063977327,109.77949882511459,5.159200842107269,99.97751069984074,115.8570780653025,15.879567365461767,1.041304144826872,2.8953590863926735,145.39012491304547,1.132795588311748,143.8399898080214,147.65848235121865,3.818492543197266,0.2532460947425804,1.0492692346172419,164.84669973316338,2.2987282623203447,156.51814505479032,168.2012702820329,11.683125227242584,0.6051077871474937,5.276338091988464,174.29421382396006,3.034455265419857,169.83870007864763,178.77353870141903,8.934838622771395,0.8200313549956882,2.6884933238945052,170.99514252229815,3.7463909733247442,154.62315033690788,176.0475557924525,21.424405455544616,1.127234563954387,10.379810894239938,0.9850702088340086,0.05144460536960269,0.8972773670887021,1.0539069905228098,0.1566296234341077,0.011474167550216822,0.055097562265805644,-1.0883464105911937,0.06392289701738502,-1.2153204314541413,-1.0221173202543994,0.19320311119974187,0.00836085691411529,0.040506001205711906,0.0,0.0,0.0,0.0,0.0,0.0,0.0,0.8722754555064401
shoulder_press_35,shoulder_press,169.24198939488053,1.71700676646612,166.88132869147455,171.98035234137203,5.099023649897475,0.4567710850368681,0.9195354965410729,130.5025477088913,2.6944477417015706,125.97736073263889,134.7116937883242,8.734333055685312,0.7948908432514431,1.9549292707071118,70.64028986669001,1.1178568479691537,69.61161138599492,73.45182066260898,3.840209276614061,0.18563764970699712,0.8180033201410026,103.54012246797636,6.742817977612493,94.40952192203105,114.87606905477173,20.466547132740686,0.9842963648303165,2.6985553250527943,146.54202960980624,1.2025582523104046,144.0165771455447,148.33336704065718,4.316789895112493,0.23233889005688063,0.7866784017660109,163.7082626659817,1.2935980199223727,162.04629017166488,167.15079480426886,5.104504632603977,0.25245785164411305,0.8057077424776082,176.77669925941092,2.7573287143660195,170.27886598307452,179.77482405921106,9.495958076136532,0.7776920644687948,2.9998686376664807,169.99860743871287,2.076464461647613,166.44275160060215,174.21147124339174,7.768719642789591,0.3757425708515555,1.2789850880862161,0.9548375516847029,0.03659499998630676,0.904979123461847,1.0313991077625921,0.1264199843007452,0.00825320620992195,0.03219494777803644,-1.1058499964721191,0.06659469784083503,-1.206130349512331,-1.0221173202543994,0.18401302925793162,0.008161612852965724,0.024111782607251664,0.0,0.0,0.0,0.0,0.0,0.0,0.0,1.4781770003872137
shoulder_press_35,shoulder_press,169.85583566636063,2.2389219967577456,166.88132869147455,173.11662287938182,6.235294187907272,0.5982152831414596,1.7863306651855453,129.0533170844739,5.791055191233591,117.99699290857694,135.4249243715591,17.427931462982144,1.201174909493564,4.202234465015977,70.7886314707036,0.8765299857896579,69.61161138599492,71.98989354916918,2.378282163174262,0.1158939764478587,0.46045609295308054,104.84827829284649,7.764715639137231,94.40952192203105,114.89818567114338,20.488663749112334,0.9592109634181077,2.6985553250527943,146.4543604015638,1.3305402864157734,144.2274083543233,148.33336704065718,4.105958686333878,0.24924406326823698,0.7193956055090212,163.1450500151198,0.8558855795867859,161.52133706518663,164.80014130035462,3.2788042351679962,0.27105063420045467,0.6244323152571951,174.97814286213546,3.2274457978297697,171.15333732099248,179.77482405921106,8.621486738218579,0.77724188841037,2.9998686376664807,169.68254367696093,2.1018675954163037,166.44275160060215,173.2406176066944,6.797866006092249,0.41849644377732054,1.396943426442533,0.960014416260144,0.024333315857188075,0.904979123461847,0.999693696339939,0.09471457287809204,0.007985271869060725,0.02749266237370762,-1.0842592494553729,0.11169595002009289,-1.206130349512331,-0.8963506421633664,0.30977970734896465,0.015360006199171721,0.047108999408354446,0.0,0.0,0.0,0.0,0.0,0.0,0.0,1.675081471524227
shoulder_press_35,shoulder_press,170.02951110001882,2.182606252361172,166.19792917109777,173.11662287938182,6.918693708284053,0.4690020053783565,1.7863306651855453,126.67812139661142,6.1938251211098665,117.62083858424461,135.4249243715591,17.804085787314477,1.4825021714880575,4.47817234575416,71.26820075571301,0.538526197997158,70.47864057412198,71.98989354916918,1.5112529750471992,0.10379158260719404,0.3590502628644998,107.77627001365569,6.367098730496211,95.2455675193945,114.89818567114338,19.652618151748882,1.0575655226196765,2.5256067571569645,144.94633875170155,1.095549241116283,143.55779689811786,147.17079061821252,3.6129937200946642,0.23536129608832088,0.7193956055090212,163.9120165071098,1.0675939514572765,161.52133706518663,165.51335477145017,3.992017706263539,0.30584639063415914,0.6244323152571951,174.85067698391973,2.6721113700430092,171.15333732099248,179.4239329547093,8.270595633716823,0.5509280424170246,2.7065451074232953,170.79299385425676,1.6406211121122058,167.0720177250146,173.2406176066944,6.168599881679796,0.43805438133602853,1.396943426442533,0.9842214741719648,0.017911401303992266,0.9507833515495292,1.014492230606565,0.0637088790570357,0.0063896239581915145,0.02749266237370762,-1.0318404052664834,0.0989885234887186,-1.1859606889510301,-0.8963506421633664,0.2896100467876638,0.019194731750290364,0.047108999408354446,0.0,0.0,0.0,0.0,0.0,0.0,0.0,2.0342970855601132
shoulder_press_35,shoulder_press,168.44476865634817,1.6772676878295072,165.94713060088378,171.75364827420248,5.8065176733186945,0.38111010378656435,0.9599778833047026,130.21610711393515,5.072935094026787,117.62083858424461,135.37892716429602,17.758088580051407,1.0275506202059688,4.47817234575416,70.9443274759454,0.43306953538996945,70.47864057412198,72.14769024032981,1.669049666207826,0.11532647670958536,0.5595883228544238,101.42117202502467,6.704730047304475,92.18418280982571,114.27881405282217,22.094631242996456,1.4161769644436661,2.967879109519913,144.97540409674136,0.9283750963402523,143.55779689811786,146.40872163165457,2.850924733536715,0.26842523999121876,0.8988349127268123,163.86827582674348,1.4787774002789615,159.87839821060874,165.51335477145017,5.634956560841431,0.3331657792402854,1.4698988434681155,177.17644679873868,1.6941662186064779,170.99511873097532,179.4239329547093,8.42881422373398,0.5936273839141285,3.951071051471615,170.49549097710178,1.5917851409149344,165.84478550892598,172.12452913948758,6.2797436305615975,0.4905691966292248,2.9860442547031028,0.9869233191727084,0.02104308759577571,0.9464509317165586,1.014492230606565,0.06804129889000632,0.006035651384235977,0.022026149693313513,-1.1092742644215283,0.08194849193836364,-1.187098654585725,-0.9041009946130296,0.2829976599726953,0.013075667209372787,0.0398594444248066,0.0,0.0,0.0,0.0,0.0,0.0,0.0,1.74408932984111
shoulder_press_35,shoulder_press,169.00551518018835,1.4780989088922323,165.94713060088378,171.75364827420248,5.8065176733186945,0.46015704829520915,1.6037852903350824,131.74629581843595,2.7457595851772267,126.45754229000534,135.6012133936244,9.143671103619056,0.6736065873432594,2.3169075424715686,71.10590829394384,0.7043296855677225,70.20798559259005,72.41905648061696,2.21107088802691,0.17080022721922533,0.5595883228544238,103.61409559597652,7.145213493157714,92.18418280982571,112.74981267587108,20.56562986604537,1.2140407862681242,2.967879109519913,145.03224321830703,0.9578790979665195,143.42931546380967,146.40872163165457,2.9794061678448998,0.2829445432946094,0.8988349127268123,162.08204124915326,1.7184046625490415,159.87839821060874,164.8951927594819,5.0167945488731505,0.30071912277938,1.4698988434681155,174.73321721389226,3.2651967580095227,169.70202596565517,179.05325752545727,9.351231559802102,0.6545036835933536,3.951071051471615,169.02345452440264,2.00539962024608,165.84478550892598,172.12452913948758,6.2797436305615975,0.5000303694166054,2.9860442547031028,0.9952424854616829,0.027232538245773194,0.9464509317165586,1.0307621715994482,0.08431123988288958,0.007158415196060565,0.030112066259703862,-1.1107437415861305,0.05395731375276156,-1.187098654585725,-1.034640954720118,0.15245769986560687,0.007693625847916039,0.02568975840785659,0.0,0.0,0.0,0.0,0.0,0.0,0.0,1.4489747751211834
shoulder_press_35,shoulder_press,170.04455431462685,1.465519749641339,167.43082968867995,172.96558839757938,5.534758708899432,0.5102013543684395,2.979065914863554,127.98341371192889,3.37566001286333,122.59373011202,135.6012133936244,13.007483281604394,1.0342351006698602,2.3169075424715686,71.6579679242396,0.7638202272972386,70.20798559259005,72.60079065371885,2.392805061128797,0.21644181140292784,0.5723523570179907,110.07685017416124,4.42729939754726,102.4461906823422,116.07566671097045,13.629476028628247,1.238885388860721,3.794571116661075,144.9063274110204,0.8122132955110457,143.42931546380967,145.97114099784883,2.5418255340391624,0.2028821229317808,0.7644417489001114,161.69352642403177,1.12508812803131,160.4240340840649,164.26331300481726,3.8392789207523492,0.2978614469615636,0.986726541079264,171.9217498530518,1.7806851771901437,169.53591276890194,175.51172785041393,5.975815081511996,0.5924493020954281,2.782907227106989,169.4469518026468,2.1280089694837123,166.83317376607377,173.32432917852992,6.491155412456152,0.38605714717841244,1.0286671829312297,1.019390521886532,0.013038508801687755,0.9962501651354356,1.0653273406572263,0.06907717552179071,0.008094996647228538,0.03724748065946759,-1.0288780186850905,0.04947004849176541,-1.0930352183484011,-0.9462359957498198,0.14679922259858136,0.011892654302259659,0.033740487655812834,0.0,0.0,0.0,0.0,0.0,0.0,0.0,2.02789495787251
shoulder_press_36,shoulder_press,175.78316882374156,0.8424929817480432,174.35701465032733,177.08593325274518,2.728918602417849,0.1694794344547545,0.5911218817683732,55.878501068513735,28.916437661223586,23.907491022200322,98.77981696320623,74.87232594100591,4.972610559395507,19.78211138876297,11.756583340967385,0.4758177268774397,10.76902982579378,12.447249383952663,1.678219558158883,0.10460012376822082,0.34511248381726745,62.85531661225926,32.43000199794729,25.35432710493174,109.97733319184823,84.62300608691649,5.9529065282396285,19.910433031799556,173.59251285606328,0.4427326978337245,172.7865978400963,174.64550966593362,1.8589118258373105,0.10384468547083504,0.33975887080686107,175.49815959015177,0.3893968129028558,174.7023105235949,175.9716430645334,1.2693325409385068,0.07102049196644025,0.26767974469481715,179.34141087023085,0.37694360422002304,178.6269549869221,179.9940089766347,1.3670539897125877,0.16356547357627435,0.5379683005984077,176.46586683878058,1.1223929940075594,175.3106107933623,179.860320900904,4.549710107541699,0.3218346400108134,1.5625237470819684,0.969925779751747,0.008272789841462323,0.9587146470374774,0.9849198860238664,0.026205238986388935,0.002678545668486982,0.01481624703467177,-0.2612642392284084,0.18494221751972068,-0.5168255014352536,-0.026010956850474498,0.49081454458477913,0.0361778848567871,0.09324807094629062,0.0,0.0,0.0,0.0,0.0,0.0,0.0,16.962267740111844
shoulder_press_36,shoulder_press,175.55143679708007,0.6618532442107299,174.35701465032733,176.36979447012362,2.012779819796293,0.16171737833059885,0.5911218817683732,63.08365845986812,33.520596174852656,23.907491022200322,106.81886202096105,82.91137099876073,5.269923242931236,19.78211138876297,11.83599671845366,0.3073435622820602,11.385889887438545,12.262057777179718,0.8761678897411738,0.06324077997794134,0.21553574985429513,71.11909073366972,36.303187253744646,25.35432710493174,117.30486801388263,91.95054090895088,5.905604889746193,19.910433031799556,173.9847165582576,0.4067589868802249,173.27254303488425,174.71483133269652,1.4422882978122686,0.08290823093625378,0.24522409377303234,175.53260575812243,0.4950439189827886,174.7023105235949,176.15047117958306,1.4481606559881754,0.09596983818082094,0.2827301054456939,178.95588740498474,0.7634899392377731,177.78350728746696,179.9940089766347,2.210501689167728,0.17877709594392463,0.7127606452405644,177.2791403209393,1.0142891166194274,175.74321507768298,178.92789821052594,3.184683132842963,0.2246471928353305,1.036538455592762,0.9634734154952896,0.013038128836114573,0.9478217610361442,0.9849198860238664,0.037098124987722136,0.002595950236686255,0.01481624703467177,-0.3058911363858314,0.20194312322479357,-0.5560029427662307,-0.026010956850474498,0.5299919859157562,0.03428541019845668,0.10312257078493592,0.0,0.0,0.0,0.0,0.0,0.0,0.0,19.578293194917226
shoulder_press_36,shoulder_press,175.94440506311727,0.16603126272175026,175.47761671221977,176.19252511217223,0.7149083999524635,0.08109733000682401,0.287623634898182,64.06063073878282,33.60694380523799,24.462990378206673,106.81886202096105,82.35587164275438,5.44389152831379,20.002737996330467,11.840600954601232,0.3473141928485306,11.088047881779522,12.206495005541434,1.1184471237619125,0.06715951009041117,0.21553574985429513,71.61016961633868,37.129015774439736,22.63242458447332,117.30486801388263,94.6724434294093,6.011352442435141,20.162047521686674,174.22917308308453,0.45403177130140326,173.68523361621345,174.98885534925094,1.3036217330374882,0.08045584308691571,0.23406950430572238,175.57342334804213,0.47783859415707747,174.73478691700043,176.17615359477693,1.4413666777765002,0.09419138698575971,0.2827301054456939,178.98477812317736,0.8208813510984552,177.78350728746696,179.94494608276855,2.161438795301592,0.15779591315034408,0.7127606452405644,177.55071421498636,0.8258341056984473,175.93353106743095,178.63024736380518,2.696716296374234,0.17718441363919132,1.0498197242535525,0.9619732143266873,0.010722826252487622,0.9478217610361442,0.9790909629321921,0.03126920189604787,0.0016055800814432078,0.006421320957699317,-0.3018940041675868,0.2154691693581611,-0.5560029427662307,0.019961971456181726,0.5759649142224125,0.03536238851172133,0.10312257078493592,0.0,0.0,0.0,0.0,0.0,0.0,0.0,22.76858983507329
shoulder_press_36,shoulder_press,176.09130779934733,0.20457605314126148,175.7759496880256,176.50832370577226,0.7323740177466505,0.06774495723195761,0.15552069037076421,53.0435318016829,25.25848032138003,24.462990378206673,96.79033865620416,72.32734827799749,6.250986503309186,20.002737996330467,11.792081269192677,0.3594621046697549,11.088047881779522,12.164767484837087,1.0767196030575654,0.0783605742668507,0.22069348314342463,60.15670666918415,29.045397676859558,22.63242458447332,107.21070237360972,84.5782777891364,7.1660034779518345,20.162047521686674,174.50196988426345,0.3960995087238131,173.68523361621345,174.9975388301604,1.3123052139469564,0.06486569162718889,0.23406950430572238,175.24935384687905,0.3823861033036474,174.86976642479365,176.17615359477693,1.3063871699832816,0.058657796015408256,0.2001014521655975,179.6686858597961,0.33928399284988153,178.57385836575008,179.9959248163942,1.4220664506441096,0.13683240223670035,0.5502536979772117,176.55663441053815,0.8272743969520241,175.6844877410314,178.3065810202492,2.6220932792178075,0.12555745249877823,1.0498197242535525,0.9675928569763602,0.006502599571103565,0.9551504478478995,0.9790909629321921,0.023940515084292624,0.0018912567298697606,0.006466577995786649,-0.24394668330310074,0.17688015438780424,-0.5034235838339813,0.019961971456181726,0.5233855552901631,0.042137256746690284,0.11685223844674786,0.0,0.0,0.0,0.0,0.0,0.0,0.0,35.14544335052347
shoulder_press_36,shoulder_press,176.36948282527882,0.3476835780378116,175.95918947588993,177.32513655091566,1.3659470750257299,0.10867949133068837,0.4126892351718823,95.36170765795923,54.05509149340708,24.90034007308414,179.52595281554125,154.6256127424571,9.2957911144191,49.17618272995364,11.447555863325693,0.6669469800948824,9.951648466217321,12.163492606033106,2.211844139815785,0.11478503101293899,0.3216709425769668,47.79323545847283,33.20952888263802,11.214471484576244,99.21586382052281,88.00139233594658,5.529571892075874,18.59838917788091,174.77716693158794,0.2628331076972375,174.50976993711143,175.40911347874683,0.8993435416354032,0.053819394297480116,0.24610809759306562,175.20643924100563,0.374781558740971,174.79305352539436,176.2175256776154,1.4244721522210568,0.09070528788281104,0.3728023834352143,179.63541106559458,0.30575041114000506,178.87322090498594,179.9959248163942,1.1227039114082515,0.14869792708564306,0.6132420698340297,176.5003678483422,0.6478072173368333,175.6844877410314,177.72916506649207,2.0446773254606683,0.13159174241367516,0.44280810983374863,0.9737341663101637,0.01180233308305314,0.9551504478478995,0.9940541492753333,0.03890370142743382,0.0019273120497342291,0.005733349599578386,0.09958714615125927,0.52847675569355,-0.4590131695213635,0.9445725711947837,1.4035857407161472,0.0626038057695343,0.19220314339506872,0.0,0.0,0.0,0.0,0.0,0.0,0.0,35.424480056616055
shoulder_press_36,shoulder_press,176.85049299905873,0.5628084667160183,175.95918947588993,177.8244802922967,1.8652908164067696,0.16700475934443315,0.451086487723785,120.4846441376814,61.534074289542126,33.68911176807343,179.52595281554125,145.83684104746783,11.612157884588125,66.60188789138348,10.796649221334253,0.6921898641644819,9.7931264348842,12.097316733956598,2.3041902990723973,0.16064707898117436,0.40929418587318445,21.741789272182896,14.314026497927834,11.056381792267011,70.45142585937081,59.395044067103804,3.234035077332541,17.12212208527874,174.96950716608598,0.2670841046818749,174.52775425823197,175.40911347874683,0.8813592205148666,0.06627299977612638,0.24610809759306562,175.36876769822237,0.4008009676537332,174.79305352539436,176.2175256776154,1.4244721522210568,0.12451579045090343,0.3728023834352143,179.65940545407236,0.3014668591697361,178.87322090498594,179.9637863980415,1.09056549305555,0.11884624326253465,0.6132420698340297,177.00369114006887,0.46690187555724016,175.69901593630257,177.72916506649207,2.0301491301895,0.1653248388893111,0.44280810983374863,0.9835254740743359,0.008368869373028604,0.9692051204750262,0.9981818510375147,0.028976730562488506,0.0025159202394862057,0.009874687444868968,0.4935832912292952,0.4349164016830015,-0.34011811947121595,0.9445725711947837,1.2846906906659996,0.08331134665557133,0.2361549652954682,0.0,0.0,0.0,0.0,0.0,0.0,0.0,31.947635332321504
shoulder_press_36,shoulder_press,176.63380152939098,0.6658239458694708,175.79717631875053,177.8244802922967,2.027303973546168,0.11651835651295332,0.451086487723785,99.97424830715543,47.732623417775194,34.385710474456445,179.2163664388735,144.83065596441708,8.990289936247132,66.60188789138348,11.584799981440723,1.0941958140296462,9.7931264348842,12.704966907304849,2.911840472420648,0.11374261518298108,0.40929418587318445,58.38007858459179,37.821126270037965,11.056381792267011,103.52231025457033,92.46592846230331,4.892104633085767,17.12212208527874,174.6852680030914,0.38488586654029366,174.16214123963738,175.3957979971545,1.2336567575171102,0.07523461644298331,0.2141144443726546,175.30920867547664,0.24846630226912786,174.91330393502554,175.83940606943622,0.9261021344106837,0.0764276877897875,0.24855792832556745,179.51348132449115,0.3438675508627312,178.98201460910298,179.9637863980415,0.9817717889385165,0.13874155130892518,0.6299578539552613,176.7694949958799,0.35356022353255967,176.1881222158456,177.43322337515005,1.245101159304454,0.08783289280021062,0.35645701889251313,0.971637755644897,0.013817913709330354,0.9522810755317367,0.9981818510375147,0.04590077550577798,0.003052794969816402,0.009874687444868968,0.006319419815154092,0.5524338061527394,-0.484694301061952,0.9419788955131558,1.4266731965751078,0.058201395599656175,0.2361549652954682,0.0,0.0,0.0,0.0,0.0,0.0,0.0,37.311698566823864
shoulder_press_37,shoulder_press,70.54678384379518,65.7205161841926,12.339660081522451,172.0766033906917,159.73694330916925,6.289378127679786,30.514191322409474,71.90898147313496,79.64687922216932,2.9712399507702982,179.90657233617122,176.93533238540093,6.587699468872246,90.45794637785632,69.1456806124042,64.73102617894074,10.663907197400471,166.75816905303384,156.09426185563336,5.609848928261339,29.095180074923036,70.73902019230786,81.67197516213312,2.690311279077526,179.36351312580265,176.67320184672514,6.489404883365185,96.86147220712662,144.17348668960693,63.36369036348194,7.368804229042835,179.99789394599475,172.6290897169519,11.012210420384713,153.93785286192045,158.3189292752995,47.15171709723571,16.979190256938885,179.96779905073112,162.98860879379222,11.642168727633456,112.40474104843639,156.87156456828228,48.475746481292354,5.434886099791357,179.81773076843245,174.3828446686411,20.286478099408836,132.6201807321419,154.4231483541181,36.28141070870715,11.121224134786349,173.96267058376296,162.8414464489766,21.62466586468063,127.32965485754936,-0.26057379964680066,0.495826102189064,-1.0638322202661168,0.4306903819194734,1.4945226021855902,0.053419898290433414,0.15106375429156405,-0.42633368270164945,0.5657615009465532,-1.2910979127164228,0.40658098958261535,1.6976789022990382,0.06014916111177094,0.2460430213477296,-7.864079757761525e-18,9.737139866730864e-17,-2.3505503099485736e-16,1.97758476261356e-16,4.3281350725621337e-16,9.738378685828421e-17,2.3505503099485736e-16,0.38683697125494004
shoulder_press_37,shoulder_press,142.81281907136164,43.67800062021116,19.111172267647298,172.0766033906917,152.9654311230444,7.354829020614945,30.514191322409474,154.35663112406502,52.58231290207396,2.9712399507702982,179.90657233617122,176.93533238540093,7.407674125782732,90.45794637785632,140.8013377169905,40.24779968067731,22.902178802254028,167.20696737665475,144.30478857440073,6.83973203424517,29.095180074923036,155.72248881816677,51.04864371466429,6.362892163686052,179.40733756987134,173.0444454061853,7.155187738214876,96.86147220712662,138.00568897691454,70.72441507346115,5.267440598735714,179.99789394599475,174.73045334725904,13.06928813781724,168.5960316212272,149.48372390188598,53.42775528192045,16.979190256938885,179.96779905073112,162.98860879379222,20.51387753190985,151.07956857220543,154.09552074196012,50.54831201790531,5.434886099791357,179.9514092807092,174.51652318091786,21.675184551037045,126.00949022740888,154.01096895808053,42.22927117359,11.121224134786349,178.07795945683634,166.95673532204998,25.00677406345988,127.32965485754936,-0.7500669001153685,0.26418478279433943,-1.0638322202661168,-0.03094837818108931,1.0328838420850275,0.05699404144058086,0.15106375429156405,-1.0008538080937872,0.26987825518247144,-1.2910979127164228,-0.22674825221859818,1.0643496604978246,0.06135543812351599,0.2460430213477296,1.1680471404910501e-17,1.0373195129245384e-16,-1.9255430583342559e-16,2.0122792321330962e-16,3.937822290467352e-16,1.1317575229476272e-16,3.226585665316861e-16,0.3582804259671464
shoulder_press_37,shoulder_press,104.41856487663867,63.71884178439568,17.64467547002888,171.93573600544497,154.29106053541608,9.294633078064631,50.11942652745263,103.4335103129038,80.03110794498077,0.03852235963504116,179.8319541250527,179.79343176541767,11.707161931569786,106.70190957342331,102.92709347820458,62.236769403365145,16.727197567712757,167.20696737665475,150.479769808942,9.215908138323439,53.19666018066982,109.47471294606117,75.19329135141282,10.282279963883804,179.40733756987134,169.12505760598754,11.54490202821184,105.38702475314355,166.6642962107897,42.40314177757234,5.267440598735714,179.88317183269277,174.61573123395706,6.847986515041324,168.5960316212272,167.4552471882894,30.98194849528182,23.914704363974433,178.45232338641134,154.5376190224369,7.978027554645305,151.07956857220543,170.81686226132618,29.85735830487009,20.974490251019112,179.9514092807092,158.9769190296901,6.335054117077447,97.72593767476408,171.24532474048044,24.85304352908223,66.51439349738268,179.98916144311283,113.47476794573015,4.458392852383838,86.12134864832548,-0.5100660882128462,0.3431263329478486,-1.0473506391561684,-0.03287750886450935,1.014473130291659,0.05335035691036935,0.16235960699150132,-0.6925450365625028,0.42119703738926184,-1.2732125131619512,-0.06230286434776677,1.2109096488141844,0.06623578191066401,0.18074672029826022,5.749885521414792e-18,9.294397762576822e-17,-1.8214596497756474e-16,2.0122792321330962e-16,3.8337388819087437e-16,8.726705900054015e-17,3.226585665316861e-16,1.6301125582756868
shoulder_press_37,shoulder_press,98.8978094756113,60.69322705509868,17.64467547002888,171.71604502176154,154.07136955173266,11.567252813805146,50.11942652745263,96.19870877268029,78.3204549032645,0.03852235963504116,176.7992714756346,176.76074911599957,15.855464883413687,120.34898466927322,98.59373668087072,60.15104942228212,16.727197567712757,167.67818810469348,150.95099053698073,11.233280105827657,53.19666018066982,105.13423834219724,75.97591123081706,10.282279963883804,179.62967998181745,169.34740001793364,15.433078144848905,120.16368439719369,178.86836867857875,1.10499060833247,175.19256667516217,179.928728005821,4.736161330658831,0.7334163218372357,3.3086952137211085,175.91317097575012,1.071516277590179,174.07332084669048,178.45232338641134,4.379002539720858,0.4409451690366401,2.389333289756678,178.69369654463213,0.9958304892614043,175.64435246794753,179.9818552762259,4.337502808278373,0.71046108603792,3.494805505537755,178.5382724122708,1.0464742896674546,176.47072332365542,179.9996999620262,3.5289766383707786,0.5531360488346465,1.6212400028556715,-0.45450522703229423,0.29114041857089057,-0.8469168995056146,-0.03287750886450935,0.8140393906411052,0.056847915034439596,0.16235960699150132,-0.6190738641733061,0.3579521898720691,-1.0697252317741621,-0.06230286434776677,1.0074223674263953,0.07396878254562045,0.18074672029826022,-5.496905014501508e-18,6.636948801586071e-17,-1.717376241217039e-16,1.6382294826255972e-16,3.355605723842636e-16,5.622149058564488e-17,1.717376241217039e-16,22.186215703859478
shoulder_press_37,shoulder_press,108.47356450849203,59.380793115047645,15.08441216042617,171.71604502176154,156.63163286133536,11.751099352489451,37.65726137121726,109.42052280604754,77.64196449899798,0.009112073832161413,176.7992714756346,176.79015940180244,12.536073862915115,120.34898466927322,107.74748264560147,58.65109325858447,15.735673052398798,167.67818810469348,151.94251505229468,11.182573177184242,36.36331823630091,118.40630095501538,75.1096378682698,13.112968610423126,179.62967998181745,166.5167113713943,11.786899757136267,120.16368439719369,173.95931328621253,26.13099560805099,33.368356756452854,179.928728005821,146.56037124936813,10.670700786789237,146.39632043983374,176.37468956519257,1.4517972104253016,174.07332084669048,179.0622094041455,4.988888557455027,0.5153505387844354,2.383092691343535,178.88123372630076,0.7170889387324944,177.06195759886083,179.9818552762259,2.9198976773650713,0.6358455589210954,2.2757164037763005,177.92646783783854,2.228537123676911,167.67899752437268,179.9996999620262,12.320702437653523,1.1664538136546676,9.422133281704959,-0.5185443129895245,0.26897155245927673,-0.8469168995056146,-0.08199905447263167,0.7649178450329829,0.058507171185737776,0.15371368931530582,-0.7027924741067831,0.33064545854678007,-1.0697252317741621,-0.14287866451691256,0.9268465672572496,0.07339708103311686,0.17037104010240745,1.1709383462843448e-17,7.51566985683491e-17,-1.7867651802561113e-16,1.7867651802561113e-16,3.5735303605122226e-16,7.028620980250856e-17,3.5214886562329184e-16,3.6383869859980096
shoulder_press_37,shoulder_press,114.57900475136884,62.10311779511548,15.08441216042617,173.86221005765506,158.77779789722888,9.001454996281614,37.65726137121726,117.2461673548865,78.41841595608751,0.009112073832161413,178.09912075503098,178.0900086811988,7.12346619321526,83.73795471013528,112.99624411338488,60.725537583752526,15.735673052398798,169.00134095853457,153.26566790613577,8.629373201079382,36.36331823630091,124.0630107383903,74.42237186017972,13.112968610423126,179.62741991212175,166.5144513016986,6.585167945094201,84.32893892534094,173.7635042648239,26.093539876676186,33.368356756452854,179.97282567622005,146.6044689197672,10.698010740478367,146.39632043983374,176.3097491078627,1.4774983941877629,173.2396917117778,179.0622094041455,5.822517692367711,0.5606789988781364,2.383092691343535,178.2537099623863,1.1934609396302562,174.98466627793763,179.88005966110663,4.895393383168994,0.7308872554019613,2.2757164037763005,177.13573332612455,2.4364970161415167,167.67899752437268,179.95256052784381,12.27356300347114,1.3299988827092408,9.422133281704959,-0.566672005729689,0.30097636159998714,-0.9195113204096802,-0.08199905447263167,0.8375122659370485,0.05376571268144324,0.15371368931530582,-0.75820155707997,0.36042808842335083,-1.1297104213620688,-0.14287866451691256,0.9868317568451562,0.0642075023940232,0.17037104010240745,3.6140072416183483e-19,8.723305590616768e-17,-1.7867651802561113e-16,1.7867651802561113e-16,3.5735303605122226e-16,8.174136654904506e-17,3.5214886562329184e-16,2.3528874060236715
shoulder_press_37,shoulder_press,97.1718980575808,68.88052685018543,7.88063996063315,173.86221005765506,165.98157009702192,6.883584047544852,27.075451744237114,101.28427188941659,77.78339371950078,0.053160319801681816,178.09912075503098,178.0459604352293,9.040684383800091,92.7348571739843,95.5975131255108,67.67791872530533,7.9521456640126456,169.00134095853457,161.04919529452192,6.287562873757808,27.858047992069643,99.70355564595774,80.54687585102506,7.66593654316017,179.62741991212175,171.96148336896158,6.216424128881113,92.57314356943252,177.51809439769022,2.667753426994746,169.12385077734385,179.97282567622005,10.848974898876207,1.0803525219380645,4.265947825580781,175.85188732960432,1.7777662950507986,170.0187765657486,179.7024109667576,9.683634401009016,1.1225990203740508,6.738837308015718,176.6164066824892,2.5644996247487284,168.01916282135724,179.88005966110663,11.860896839749387,1.2547799466177887,5.624744405896678,176.6177213110438,1.9973091424612004,169.34669667778837,179.81953499693591,10.472838319147542,1.1593392764803485,5.672538382645627,-0.38280142759197117,0.4536105185297233,-0.9195113204096802,0.29678723895617953,1.2162985593658597,0.046778676999066335,0.16142229617950377,-0.5285093546222888,0.5584541724491203,-1.1297104213620688,0.4371488551415076,1.5668592765035765,0.0599671184888348,0.1482671194446049,-1.2034644114589099e-17,9.164513692130036e-17,-1.7867651802561113e-16,1.5655879370690684e-16,3.3523531173251797e-16,9.359281788276593e-17,3.1051550219984847e-16,6.157205916565123
squats_01,squat,176.30908094307324,1.8423523810213034,172.98851417038182,179.7205904773527,6.732076306970868,1.0305248070323825,3.146811733083098,176.48946130547054,1.329785087714888,174.1714041294953,178.8383836384564,4.666979508961106,0.496488991263084,1.3444036859369248,127.93973292951502,2.9463965703823844,121.6251545850705,131.22494433256068,9.599789747490178,0.6507233695891448,1.845784167427567,135.31411674734147,2.1749500339213323,129.07016862393863,138.32761685170468,9.257448227766048,0.5236730491394423,1.7857211267763375,45.60010799126521,7.154409014769004,38.138646092959476,59.56103208169551,21.422385988736032,1.0967616354734426,3.6804190999392716,40.44242630480164,7.106180510664879,32.967925731154,53.95400233479449,20.98607660364049,1.0170659821177097,3.9820687129492427,56.93566290767438,16.718778847684433,38.44422223966141,88.53574183564972,50.09151959598831,2.202567467208936,6.133931161019035,57.96992595027139,14.731329682931978,41.85056806286205,86.82933463985295,44.97876657699089,1.773626130256784,4.095105604737213,0.17514048673940683,0.022711570981342896,0.14167458153896106,0.2553469094512174,0.11367232791225634,0.0083852484117173,0.04254649937503141,0.1719588658879109,0.022331862057692813,0.14236345045164067,0.23953030509324785,0.09716685464160718,0.006530416479680654,0.03218069986844063,-7.401486830834377e-18,2.7693827873701497e-17,-1.1102230246251565e-16,0.0,1.1102230246251565e-16,3.828355257328126e-18,1.1102230246251565e-16,0.4435797711747095
squats_01,squat,174.52441527001852,2.688924786293448,168.2567887633199,179.58319665245472,11.326407889134828,1.2503430115464766,5.592653914527489,177.23837101537973,1.24705498036264,175.19699704572687,179.5799257564132,4.382928710686315,0.7604929192077898,2.6227936177517677,113.90848709360804,16.877633947009894,73.6118150473825,131.22494433256068,57.613129285178175,2.073210962657423,6.231970896259611,120.9404091887511,17.57057089111203,83.81221817151827,137.1817487740003,53.369530602482044,1.8556816465890331,7.5717042535249846,68.82809872749986,39.496403169851945,38.138646092959476,162.3762342394908,124.23758814653132,4.488462496960986,12.055857202833721,65.89397023130026,42.366517079324424,32.967925731154,163.41766636580917,130.44974063465517,4.6318706071634175,13.573674528027809,68.76135332272123,34.62520375464093,38.44422223966141,144.86656254241353,106.42234030275213,4.13435188115576,12.85554294833662,70.21278172790791,33.66189671561534,41.85056806286205,149.78849456035016,107.9379264974881,4.0393519676995,14.197248148879012,0.20391591295982933,0.0405822490254646,0.14167458153896106,0.2822662421374167,0.14059166059845563,0.012705749236299711,0.05386472811946452,0.2124085931619913,0.0464939126010704,0.1449527505617061,0.2894520022647917,0.14449925170308558,0.010702824630111255,0.03285707176156061,-2.9432474975739824e-17,5.3380428945478716e-17,-1.3183898417423734e-16,0.0,1.3183898417423734e-16,1.7825779166934088e-17,1.3183898417423734e-16,0.3434552936454401
squats_01,squat,173.03744039556688,2.1978544582012174,168.2567887633199,176.9228300413939,8.666041278074005,1.2825518643189115,5.592653914527489,177.63066438187738,1.1448019153396476,175.49089913525498,179.5799257564132,4.089026621158212,0.9442572000493058,2.6227936177517677,83.05112515156061,22.60823252277209,57.09435506198146,122.52745509540325,65.4331000334218,3.017808195581148,6.334426790253062,91.81412648054712,20.196582963955848,69.69237678218855,128.92302045467568,59.23064367248713,2.789236212963564,7.5717042535249846,134.39429612556768,45.54360875230397,47.490136553884525,179.33290297346056,131.84276641957604,5.627941719538141,12.055857202833721,134.0342206627493,46.97124654992368,43.87001483645891,179.20558285036532,135.33556801390642,6.191467277675164,13.573674528027809,122.36315064176004,36.1667263378763,52.54231462425148,156.93059458073236,104.38827995648089,4.389088187318723,12.85554294833662,126.79823379368703,39.56600992096421,51.737216047930644,164.17913749849745,112.44192145056681,4.2788801759717146,14.197248148879012,0.19548382265071126,0.04747621491151401,0.12181365357526686,0.2822662421374167,0.16045258856214983,0.012926396010776662,0.05386472811946452,0.20689278387349797,0.05267846544935546,0.13123709712616194,0.2894520022647917,0.15821490513862974,0.01096252132437999,0.03285707176156061,-4.7907279994892823e-17,6.3093112781205e-17,-1.4051260155412137e-16,0.0,1.4051260155412137e-16,4.6598261647790785e-17,1.4051260155412137e-16,0.39213674505751345
squats_01,squat,174.21872120952725,2.107922706599521,169.7721029012744,179.61446086024915,9.842357958974759,1.564396699944422,7.6434093783161074,177.15220052722086,1.5300949394566377,172.81767337736764,179.86286895961643,7.045195582248795,1.0009641391635677,2.623417319347567,88.18816794294486,26.207402289190473,57.09435506198146,126.62647813461162,69.53212307263016,3.03296357055083,6.391110457576929,98.8617921259688,24.695790886733857,69.69237678218855,132.35883276316315,62.666455980974604,2.5769643575471295,7.5011545711217735,134.6043129040218,44.21457012516472,55.81244354202318,179.33290297346056,123.52045943143739,5.508362247939369,14.062859990914603,129.92137219016573,47.475573340461516,50.21905062357192,179.20558285036532,128.9865322267934,5.532697088840548,13.567160405742897,132.20514829603914,26.505310783692284,71.57059956280219,156.93059458073236,85.35999501793017,4.152184509001434,9.952425359800287,134.11452947733832,32.07783068966114,71.3449451447047,164.17913749849745,92.83419235379276,3.781669782729656,10.547823443581123,0.14743317334106204,0.03291261017972802,0.08607144975499048,0.21782553297378893,0.13175408321879845,0.015625816553287812,0.0798597466351858,0.15653825042398192,0.03466086113019838,0.10427081044691489,0.22006542429375875,0.11579461384684386,0.009137817786570862,0.025373251426060728,-4.7965104110758714e-17,6.323622283983377e-17,-1.4051260155412137e-16,0.0,1.4051260155412137e-16,6.388567835666311e-17,1.4051260155412137e-16,0.43084721897874995
squats_01,squat,174.3453602765149,2.9221366485905427,167.79814123453045,179.61446086024915,11.816319625718705,2.0645153950004507,7.6434093783161074,175.8536331602833,1.7781390138847708,172.81767337736764,179.86286895961643,7.045195582248795,1.0010816695581322,2.623417319347567,118.63933340351217,11.797389716069416,83.14594255981301,128.35805156326668,45.212109003453676,2.05791286229741,6.391110457576929,127.79544924400277,9.810519848991998,97.46228862338297,135.32206590643358,37.859777283050605,1.549810868540449,5.928446047242431,71.87220626567688,36.279379347167634,42.145701790919496,164.06000107042703,121.91429927950753,4.325368699002107,14.062859990914603,63.950343767783025,34.286344709367,34.998735011276715,152.14975296308748,117.15101795181076,4.083542690115681,13.567160405742897,82.58152240350488,37.465335569599056,40.621848016714836,155.9954184060601,115.37357038934528,4.206919319141099,9.657916735715986,80.4730208149504,35.69494760929415,43.0490026508146,157.59793266884796,114.54893001803336,3.9499631040701164,10.547823443581123,0.15913839798314067,0.03644772821871813,0.08607144975499048,0.21299791551668967,0.1269264657616992,0.01725739654606273,0.0798597466351858,0.17164873330153269,0.03390937027259053,0.10427081044691489,0.2050125903024555,0.10074177985554061,0.008045051105178202,0.025373251426060728,-3.735437884936725e-17,5.719851527268379e-17,-1.3791051634015616e-16,0.0,1.3791051634015616e-16,4.662817067323866e-17,1.3617579286417936e-16,0.40283736903871503
squats_01,squat,173.42109832861013,3.4446272693241484,167.723185874646,179.27713927780016,11.553953403154168,1.7110164315106724,5.13139725440584,176.0273991501435,1.9098434254570376,172.89041335427692,179.99479152904544,7.104378174768527,0.8303114607326783,2.4205349970959844,120.0372047826925,7.979594730630897,96.02126368016258,128.35805156326668,32.33678788310411,1.554370276401865,5.992766508741354,128.2453903348691,9.056090783025056,99.62666997905332,135.32206590643358,35.69539592738026,1.3632214899608734,5.873060244777605,53.38346918931338,16.87811947665127,42.05475313611326,106.82537256901433,64.77061943290107,2.858990912138707,10.887294085191897,48.123721414618295,18.89529319959241,34.998735011276715,107.89905831465876,72.90032330338204,2.9743579488319694,11.797509505942799,55.066683367797275,17.457341746052784,35.98429201076548,108.48558015013225,72.50128813936678,4.0989099689030075,12.047557659526959,56.534357500485065,14.982328664529497,43.0490026508146,100.74478024713787,57.69577759632327,2.861311805246676,11.192512097500682,0.2091685328616755,0.04827141211545028,0.1303122379406636,0.29431744781653035,0.16400520987586675,0.012837324813287882,0.05947947123190567,0.2333092264632163,0.051655049221682424,0.17783603334482184,0.3423196254103773,0.16448359206555546,0.0078266926175116,0.02625040863727085,-2.781339973149481e-17,5.0423457928989624e-17,-1.231653667943533e-16,0.0,1.231653667943533e-16,2.8951936633543954e-17,1.231653667943533e-16,0.4266924234287258
squats_01,squat,172.99577592843028,2.9892803962945442,167.723185874646,179.27713927780016,11.553953403154168,1.4885081951405372,4.086847054817014,177.5029910681405,1.6333374054268137,173.34138717128133,179.99479152904544,6.653404357764117,0.9599704522845944,3.0622153349297605,92.064894820217,24.99861316119973,57.53073797612003,122.02324791272258,64.49250993660254,2.515924739266134,6.0162591610928615,99.66329238427831,25.218956424085288,65.24228592972052,131.0277088749779,65.78542294525737,2.3577328300646094,5.873060244777605,109.09738401056786,51.38040522056483,42.05475313611326,177.99603422513516,135.9412810890219,5.444836368828728,14.961891802296847,108.24088751382298,54.88085193792897,35.892812561347874,178.59457927097077,142.7017667096229,5.7675478944537755,12.397029609435094,103.77316159536898,48.0027574056112,35.98429201076548,159.75679276203883,123.77250075127336,4.959206290025177,17.802805047370896,106.73628903171668,48.276737277704996,43.17786181238048,165.27003378666706,122.09217197428657,4.552401608561067,17.569622023447153,0.22196488958508961,0.04813129231402612,0.149384197968082,0.29431744781653035,0.14493324984844835,0.013442707604345986,0.05947947123190567,0.2465320482704357,0.05594842932362322,0.14316734077879423,0.3423196254103773,0.19915228463158308,0.01271075024405856,0.051946067132209284,-5.627009275199768e-17,6.461157886285225e-17,-1.4007892068512717e-16,0.0,1.4007892068512717e-16,5.4344699238790663e-17,1.3921155894713877e-16,0.3533168783101688
squats_02,squat,49.49222924668592,1.673880883814539,45.44215581016065,52.70887166016265,7.266715850002001,0.8552985945223406,2.3512509856140937,5.567968039680237,1.3654438588223061,2.9275436277314584,7.658909208813441,4.731365581081983,0.8151050176899062,2.827402214215919,7.986091697702728,1.8013805180153606,4.290551128598196,10.25974191494921,5.969190786351014,0.5066066703520975,1.7139897259646313,41.43487416873332,2.1339124219717536,36.78532855544335,44.35646861977679,7.571140064333441,0.7195106406638485,1.824124840431331,153.72948119241082,32.95822104460989,81.92440902125354,179.62587336900503,97.7014643477515,6.070267705454051,56.23729722343671,118.43235395468845,38.93548417902246,71.0877618326966,169.2783040363872,98.1905422036906,3.481521390558358,8.912227426921802,149.93156618366103,22.822077307398125,97.31909909072985,169.45836518351152,72.13926609278167,4.965877787451481,28.243822076551552,111.6895439218299,48.53887267532231,52.82194853798289,177.79351891528708,124.97157037730419,4.514332820068839,12.780326777259233,0.17981286988405112,0.08485374193300715,0.05908546196987574,0.27935658440404343,0.2202711224341677,0.01356517556879511,0.04229367921066529,0.1832619653303089,0.06253724183413793,0.10366261434865809,0.290994617732924,0.18733200338426592,0.014511519523779182,0.05211101424471987,0.0,0.0,0.0,0.0,0.0,0.0,0.0,0.1521921483999676
squats_02,squat,49.65805813271137,1.4975604913716556,47.05498517053939,52.70887166016265,5.653886489623261,1.0088016204540764,2.789080247377619,4.62561944737109,2.011011740350182,0.6515567101655998,7.661645370255146,7.010088660089546,1.17636895706312,3.734591484647051,8.935840150513616,2.618063874016025,4.290551128598196,12.803803585572902,8.513252456974707,0.7755359145298371,3.7460804934829737,41.240848689695945,2.404673643944006,36.78532855544335,44.78313973964492,7.9978111842015736,0.9430657196719705,5.469543086592054,152.6429215901767,34.13202491402643,81.92440902125354,179.62587336900503,97.7014643477515,9.366086043303705,61.370387207776915,104.14649345503727,30.047250780964706,71.0877618326966,160.13724825446428,89.04948642176768,4.72350148666642,11.013494134061432,145.64252081707775,21.573747194782978,97.31909909072985,169.2274901170108,71.90839102628095,7.1531407898210375,28.243822076551552,98.48547794274745,43.032593861565005,52.82194853798289,178.58325082439126,125.76130228640837,6.118935874860815,15.173501338600559,0.21599295900888754,0.06138577672847113,0.06646600638797695,0.27935658440404343,0.21289057801606648,0.016708745663801317,0.040337522059452846,0.20103062784787434,0.05478596672760308,0.11070598162019629,0.290994617732924,0.18028863611272772,0.0191799793617163,0.05211101424471987,0.0,0.0,0.0,0.0,0.0,0.0,0.0,0.14267305467779343
squats_02,squat,49.12777423857669,2.2429245525977155,45.72725745032371,54.02184621782329,8.294588767499576,1.0582655548795583,2.789080247377619,4.403579270799392,1.829698582940462,0.6515567101655998,7.970142794113201,7.318586083947602,1.0572293424418677,3.734591484647051,11.130088268768338,2.09330578910015,5.789744079091132,14.683824782180194,8.894080703089063,0.8117095415052057,3.7460804934829737,42.60558460377515,1.9261428549739732,37.50846618938463,46.54467478400565,9.036208594621023,0.8981646959559482,5.469543086592054,170.7314161629505,11.893893246812642,112.221769181776,179.5453047058524,67.3235355240764,4.230458459982315,61.370387207776915,135.142090444544,24.39477274307734,73.94922094942504,163.16013399075212,89.21091304132707,4.806850179444203,11.013494134061432,161.40842565050534,9.611743421223748,128.3296399714821,169.8171337952983,41.48749382381621,2.7081020790365877,26.704784881876094,142.292358358257,35.031199820112136,56.36866471110323,179.98848724955712,123.61982253845389,6.693980110443556,15.173501338600559,0.14585813797838712,0.06595278188300983,0.054324585294507566,0.27844385445328845,0.2241192691587809,0.016066689557535117,0.040337522059452846,0.15467295118668664,0.04048427677351232,0.10122316891256333,0.26262289101339076,0.16139972210082743,0.018482427221912602,0.04522168651732961,0.0,0.0,0.0,0.0,0.0,0.0,0.0,0.20745637262515798
squats_02,squat,50.122126366836405,2.5550408680582914,45.72725745032371,54.02184621782329,8.294588767499576,1.0162412759609225,2.5376146656928853,5.823537030712578,1.9066087066861377,1.727831914385504,9.719912969727469,7.992081055341965,1.0942834022744183,4.592304173597736,9.201455125239272,3.780747274543512,2.063020659627569,14.683824782180194,12.620804122552626,1.0006163612864696,4.3853563773552064,41.1472118386832,2.586284698612026,35.06418696753328,46.54467478400565,11.480487816472369,0.9442793301876183,4.307168817859662,160.7710723180852,24.13790402626174,81.63255238228247,179.39833028143016,97.7657778991477,7.7784703392821255,42.5526266521922,115.5017787944811,33.111093450166884,73.95885251542734,163.16013399075212,89.20128147532478,4.276426287009722,11.454719276808078,157.43268610468283,17.00362252035003,100.87860816820714,176.29137929473373,75.4127711265266,7.601264079979449,42.441715966643685,115.29382066032524,44.86307178879327,59.883283131892725,179.98848724955712,120.1052041176644,5.662703796436015,16.37320778930956,0.2139130223705452,0.10698188051867316,0.054324585294507566,0.3401158593166148,0.28579127402210724,0.015548718559472714,0.04789658109412165,0.19959660174272606,0.06387041894401752,0.10122316891256333,0.30514933149926526,0.20392616258670193,0.015839633060899055,0.04436877900214331,0.0,0.0,0.0,0.0,0.0,0.0,0.0,0.16017386440358689
squats_02,squat,49.36685361216792,2.369650000952963,44.63386695706071,53.979560559017216,9.345693601956505,1.0066000766918433,2.415909492473034,5.819846354253591,2.1653929791808224,1.0797900241383676,9.719912969727469,8.640122945589102,1.4193055447962786,4.592304173597736,7.990599013467086,2.8122971313241645,2.063020659627569,11.052738880502993,8.989718220875424,0.8519553220172635,4.3853563773552064,40.78874096437546,2.125527391501822,35.06418696753328,43.75996341246519,8.695776444931909,0.9184274074964361,4.307168817859662,160.22991792939712,23.87196064090513,81.63255238228247,178.90796930563513,97.27541692335267,8.057863116406441,42.5526266521922,116.2027499856894,33.50127694639431,73.95885251542734,163.06937799731048,89.11052548188314,4.285419824291668,11.454719276808078,155.6730699512476,16.71517663097762,100.87860816820714,176.29137929473373,75.4127711265266,8.034631964099331,42.441715966643685,117.40229357438194,46.093914982252464,59.883283131892725,179.5267915426813,119.64350841078858,5.703735240903091,16.37320778930956,0.217710799597087,0.10426528492956037,0.04925333745288363,0.3401158593166148,0.2908625218637312,0.019852078062170587,0.04789658109412165,0.19295574515319192,0.069336276614097,0.09221099031941737,0.30514933149926526,0.2129383411798479,0.020703837486492516,0.05128588885653085,0.0,0.0,0.0,0.0,0.0,0.0,0.0,0.16089044702156485
squats_02,squat,49.72083336117919,2.4121253948737875,44.63386695706071,53.67410644540656,9.040239488345847,1.07256089689021,3.640353596560061,5.882773895901393,1.7597481109688902,1.0797900241383676,8.466676938873809,7.386886914735441,1.3019347920270623,4.097519874475027,10.189115238991826,2.0543119418119407,4.495267724918092,13.845975925844098,9.350708200926006,0.7212423992348084,2.5591503608137627,42.48495661544336,1.2525538531665132,39.71105843892074,44.32960299658551,4.6185445576647695,0.7891238009210856,2.6491236874997526,171.42544882399076,5.8639201621194905,153.25724789220968,179.57083085556246,26.313582963352786,3.293228648944418,23.504799741934164,132.11265828797525,26.99170454610676,78.41423996357751,163.06937799731048,84.65513803373297,4.656211798765122,10.096146586096197,161.10778922731748,7.044650307310564,144.88170316443743,170.08831051364226,25.20660734920483,2.377125377161682,10.37711289677506,140.04642008931665,35.200099346511955,69.3078482179836,179.5267915426813,110.2189433246977,6.105840482923577,10.95630215926144,0.17248210240772358,0.08850722942196879,0.04925333745288363,0.3628755637478447,0.31362222629496106,0.02092977327179165,0.044284655825407415,0.16287528756012482,0.0494564887098424,0.09221099031941737,0.29844281522478533,0.20623182490536796,0.021006428522674012,0.05128588885653085,0.0,0.0,0.0,0.0,0.0,0.0,0.0,0.23641466844879322
squats_02,squat,50.90153251589526,1.525145103627007,46.90088964129287,53.67410644540656,6.773216804113687,0.9969387665548207,3.319539033578174,6.1755841748486215,1.8092495989100243,1.086089211127901,10.347893098181551,9.26180388705365,1.5130133265529697,4.754783973296847,8.928066492537772,4.189675073715747,0.2757245026550034,13.845975925844098,13.570251423189093,1.1253606154817062,5.514611701549187,41.044350026467164,2.537970993841332,35.67365415887628,44.32960299658551,8.655948837709225,1.0410460226878864,3.95371285031635,159.23550987363245,24.399766244739332,88.38665644058482,179.96533088920296,91.57867444861814,7.968085450281711,45.54087117352317,111.4969397986024,27.515963288763484,74.31897914989254,160.62903276283325,86.3100536129407,5.475746960367811,12.55907664999691,151.49321965315886,16.052411106099893,106.78223240272108,170.27782381704637,63.49559141432529,8.233400082268608,43.95399473266214,112.44384201013982,36.48363798158222,61.072810346153084,176.85347743818758,115.78066709203449,7.4842860803461155,17.299923758767505,0.247267838161378,0.08842251178936551,0.09037926679180053,0.3628755637478447,0.27249629695604416,0.019004942669907238,0.050135557972399214,0.21189875097226615,0.05662363938245107,0.11489877752772859,0.3069277205769465,0.19202894304921792,0.02515327228919681,0.06567537284295188,0.0,0.0,0.0,0.0,0.0,0.0,0.0,0.16036060397639054
squats_02,squat,50.0033945710012,1.7045644931979693,46.90088964129287,52.64436093160268,5.743471290309806,0.8916249351978834,3.319539033578174,5.001094337464456,2.0339409732014366,1.086089211127901,10.347893098181551,9.26180388705365,1.435630758867453,5.738401214505359,8.330291070859168,3.7116092146506894,0.2757245026550034,12.056967683454348,11.781243180799343,0.7852060362688467,5.514611701549187,39.82771427964823,1.7050368380479053,35.67365415887628,42.743771956157765,7.070117797281483,0.9595001691103618,3.95371285031635,160.53551349240462,24.667952436567706,88.38665644058482,179.96533088920296,91.57867444861814,4.809121150963841,31.895356106079063,129.73634124061405,31.77045979699189,74.31897914989254,164.79297192096735,90.4739927710748,4.514856373819927,12.55907664999691,155.3747574422903,17.723201953678995,106.78223240272108,170.27782381704637,63.49559141432529,5.490148518402065,34.557623765596674,135.48444737951942,42.032213838570065,61.072810346153084,179.88591908465418,118.81310873850109,6.183872358719588,17.299923758767505,0.1949050787448199,0.1009078308096113,0.0788676939710029,0.3613472487373981,0.2824795547663952,0.01685767285340029,0.050135557972399214,0.18721895793927917,0.063684630302215,0.10880355140068299,0.3069277205769465,0.19812416917626352,0.021740960932902415,0.06567537284295188,0.0,0.0,0.0,0.0,0.0,0.0,0.0,0.19392143105768805
squats_02,squat,50.05638730659819,1.6421771852580214,47.088910744723435,52.64436093160268,5.555450186879241,0.8984425460084684,2.418869299545321,5.553514824247423,2.171654701157628,2.195832420094284,9.47488206695316,7.279049646858876,1.086433130108209,2.716713751326906,7.522309608866139,3.8785510413581656,0.11326485585922748,12.056967683454348,11.94370282759512,0.8342335242515851,3.5338336276911604,38.884428525839546,2.088939361235663,34.92362309919989,42.00618453148814,7.0825614322882515,0.6277694838326511,2.04026935345005,158.8496611989573,28.722542894149548,82.58139077790973,179.87316837552106,97.29177759761133,7.538551236703507,57.27277458590689,122.53294514605575,34.57726937672895,74.11778501467234,164.79297192096735,90.67518690629501,4.251394787442343,12.517715023969899,154.9808158358066,20.542472640818755,100.20611771195082,172.90190096932542,72.6957832573746,7.151658079716906,43.931089820937444,124.82394289334529,45.82995174244081,61.14497212158228,179.88591908465418,118.7409469630719,5.438397278800739,16.42772712082123,0.21597868076630639,0.10731571393184541,0.0788676939710029,0.37627875814368816,0.29741106417268526,0.018011669439439007,0.06858058099437825,0.20009105155070403,0.061922025590260665,0.10880355140068299,0.31769811196142017,0.20889456056073719,0.017106375315999737,0.08713924218559543,0.0,0.0,0.0,0.0,0.0,0.0,0.0,0.141381398224693
squats_02,squat,49.093816155555615,1.7434867265490086,46.524180507148415,52.3796706602858,5.8554901531373815,0.8124498067521959,2.370527336327889,5.621127288489744,2.325957237525107,1.8131885939454693,9.47488206695316,7.661693473007691,1.1517269222962483,2.7753592874229254,6.578757777864755,3.182854838477725,0.11326485585922748,12.028668050744049,11.91540319488482,0.8247050043802499,3.5338336276911604,38.42879528571759,2.1070397374744263,34.92362309919989,42.8903281257577,7.966705026557811,0.7250555187955043,2.30640325487407,157.92349693272624,28.322688463907987,82.58139077790973,179.94077957925188,97.35938880134215,7.8071855146790226,57.27277458590689,116.73998177320186,31.3094848330613,74.11778501467234,164.44865075186277,90.33086573719044,4.7435241768990455,12.517715023969899,153.07872026665117,20.28701660578361,100.20611771195082,172.90190096932542,72.6957832573746,7.745555363946843,43.931089820937444,118.2938546064728,42.287201384547785,61.14497212158228,179.55046747223264,118.40549535065037,6.215725881908186,16.42772712082123,0.2340396689232149,0.10295718452460773,0.06825607430910108,0.37627875814368816,0.3080226838345871,0.02070106986975321,0.06858058099437825,0.2070210854625988,0.06237509311336379,0.11366667798835373,0.31769811196142017,0.20403143397306645,0.022958751297567158,0.08713924218559543,0.0,0.0,0.0,0.0,0.0,0.0,0.0,0.1325414323095125
squats_02,squat,48.71850807630852,1.7195310574161613,46.48555906069799,52.88239236626269,6.396833305564705,0.7691807608638965,2.4708130926427785,4.999852471069695,2.1341754796324577,1.8131885939454693,8.444974494207866,6.631785900262397,1.18361483728909,3.957114100808322,8.835012405710659,2.2736240582813387,3.0467432694882817,13.021492267071704,9.974748997583422,0.620580878892992,2.002319402312109,39.29871426590215,2.5159802317702455,33.96985560943354,43.87677467968714,9.9069190702536,0.8754796867364714,2.8960507481150515,172.66242920969998,4.903602379892701,159.8235255449293,179.94077957925188,20.11725403432257,2.261848130663411,15.539802764238885,135.0743534861665,23.673512898901546,86.82079405921115,164.44865075186277,77.62785669265162,4.691384373022223,7.903409229486314,164.27820405244333,6.978979128505921,146.00905454484464,177.65427121129724,31.645216666452598,1.9572563979992643,9.36159165955263,141.44906445495548,32.30963761930313,76.93321630154561,179.55046747223264,102.61725117068703,6.2779493511484015,11.641898961068776,0.18248791884329973,0.09254370390688661,0.06825607430910108,0.3561605197872254,0.2879044454781243,0.020441232856931328,0.055361804973263484,0.1814981767262009,0.05537742346172622,0.11366667798835373,0.2926172760431699,0.17895059805481617,0.022849415181419853,0.06074344020004563,0.0,0.0,0.0,0.0,0.0,0.0,0.0,0.22707115151481017
squats_02,squat,49.90394312266049,1.7692397425176574,46.48555906069799,52.88239236626269,6.396833305564705,0.9744510010171189,2.4708130926427785,5.471308639207665,2.1330433263479205,2.3336289858247703,8.927393491263347,6.5937645054385765,1.326277858981339,3.957114100808322,7.358979499916052,4.125693955577082,0.17605276769501538,13.021492267071704,12.845439499376688,0.9832736646216902,4.371922979134885,36.85728168326164,3.57874791697326,30.04705441923182,43.87677467968714,13.829720260455318,1.0365281499267596,4.0961221011489,160.36731459300862,22.593111774390277,98.92563351806965,179.83185554362538,80.90622202555573,6.170396736486075,25.81439821790218,113.32843379875531,27.144936739070552,76.82493659541211,163.43631233478257,86.61137573937046,5.0458400072498835,10.55347234160402,155.55482514622065,14.314233034355357,118.03116972512049,177.65427121129724,59.62310148617675,6.984019008552363,34.89889914900965,111.02797882163107,36.408754520778224,61.37366703242195,177.75877891917938,116.38511188675743,6.869267439866588,14.021474408325801,0.252363388093736,0.09685406170372327,0.07950026316580583,0.3720697382765763,0.29256947511077047,0.021862943806749947,0.0606784952078121,0.22420423071509654,0.05849919927360136,0.12104459188466687,0.3139407237650057,0.19289613188033883,0.024954161406795062,0.07048112348135371,0.0,0.0,0.0,0.0,0.0,0.0,0.0,0.1723419564636533
squats_03,squat,85.07324577638218,48.611937310636634,33.05393527236342,157.47357427087888,124.41963899851547,8.690176086134214,41.243649867025226,77.80812947690877,75.07686629243683,0.9264227755685215,179.69768060180172,178.7712578262332,12.558908097578806,136.89177951161514,10.556059971271704,5.511648968364719,2.005249239125698,19.066311085028026,17.06106184590233,1.1827449051291699,4.323082083247652,20.44236811793859,5.256954654848455,11.196558354566474,27.289776468661127,16.093218114094654,1.2154462391043401,3.603979735424197,157.84439874744737,22.864039929732552,94.51219405905242,173.9744048321743,79.46221077312187,5.706805000315766,22.008154842790915,137.06974943656124,27.695893141552272,80.33877788102164,169.5491760768983,89.21039819587666,6.066481440235251,18.086169487045282,163.30277600201083,24.155990711966943,97.94749977138036,179.99840971829374,82.05090994691338,5.845859546376473,22.680386600261585,142.93819002087324,29.790804207485643,83.01416124735378,178.02957568575067,95.01541443839689,6.517160212541656,18.563875137468088,0.5649584821047545,0.25204615356568016,0.23716250569196418,0.9269835321113281,0.6898210264193639,0.04908481514984241,0.1541794427920935,0.5305362778365693,0.25021452982494985,0.17334734285136366,0.9254175379181081,0.7520701950667444,0.054756778813495444,0.13085059123013054,-3.469446951953614e-18,1.8683543625880677e-17,-1.0408340855860843e-16,0.0,1.0408340855860843e-16,3.589083053745118e-18,1.0408340855860843e-16,0.9797387857329484
squats_03,squat,90.49829374746375,48.20345340477943,34.75900716977193,161.00838406969572,126.24937689992379,8.757053175824934,23.624769165528676,85.55134424756544,74.63135572211797,0.60519712748211,177.55069320475783,176.94549607727572,12.48658821950473,79.92918844380495,11.68981902771288,4.614626917420091,4.638062313950368,17.856129361996175,13.218067048045807,0.8703837047381128,3.585756853552372,19.439965089593887,5.178824628262268,12.362973416504463,26.90292984079593,14.539956424291468,1.1398559085299338,3.603979735424197,162.0656912917795,19.831676631464678,94.51219405905242,174.1477719094233,79.6355778503709,4.19548258052246,22.008154842790915,143.6942950515033,26.212813107118805,80.33877788102164,168.63693835612705,88.2981604751054,5.34708673543715,18.086169487045282,167.9728049834243,20.674596958882145,97.94749977138036,179.99840971829374,82.05090994691338,4.251184072777836,22.680386600261585,149.80479537139462,28.850702362000707,83.01416124735378,178.5694468010082,95.55528555365443,5.8320483777084196,18.54684960509296,0.5834583119513226,0.24113093750883097,0.268571999654892,0.9285046645145565,0.6599326648596645,0.04957349587144057,0.13618605424360175,0.5593211571507997,0.2441664583017296,0.22050823185423019,0.9319409238557008,0.7114326920014706,0.055422713619173586,0.16341435871731513,-1.75496191652987e-17,3.92444419015914e-17,-1.0668549377257364e-16,0.0,1.0668549377257364e-16,2.1953224678740972e-17,1.0668549377257364e-16,1.1848627274099321
squats_03,squat,86.30080137027001,46.62184153854508,34.75900716977193,161.00838406969572,126.24937689992379,8.727921679390873,22.602822817402497,79.84628590516782,74.91185726751213,0.60519712748211,177.55069320475783,176.94549607727572,12.732850739227306,79.92918844380495,11.5243056960745,4.890609025524668,4.638062313950368,20.299250198380633,15.661187884430266,1.1158531064584536,3.7022207286821587,19.94467923706412,5.600428342570069,12.362973416504463,27.81232322775721,15.449349811252748,1.277779942318613,3.2541956170053936,157.72132711770175,26.069722199929224,77.24732460400665,174.1477719094233,96.90044730541666,6.835445002744264,38.59012124340052,137.92652194223805,31.127865874879124,65.94779906992153,168.63693835612705,102.68913928620552,6.992883919590614,19.663817103367435,163.75108499328113,26.44538242907285,83.26457177373543,179.7203196729906,96.45574789925517,6.705010695474658,37.66983778729805,143.799358876133,33.59718414921501,67.99363339100884,178.5694468010082,110.57581340999937,7.545538275908495,20.914256659368306,0.5747123964992059,0.2385059482429352,0.268571999654892,0.9458512149357754,0.6772792152808834,0.05798305293438421,0.13618605424360175,0.5557880502741879,0.2353041776126763,0.24552261617135973,0.9319409238557008,0.6864183076843411,0.05602824686758116,0.16341435871731513,-2.096124200138642e-17,4.1927518386438914e-17,-1.0668549377257364e-16,0.0,1.0668549377257364e-16,2.901175468443971e-17,1.0668549377257364e-16,0.8495498131259758
squats_03,squat,92.32090526345705,47.76434340832939,32.94763548821154,163.1838169062763,130.23618141806475,9.055900793950228,20.520376244353898,85.7823140777805,78.84878588386555,2.4738762379213948,179.78764064121447,177.31376440329308,12.69751869648491,151.38700817892826,12.266093644680529,4.599257714206089,5.824833236760534,20.299250198380633,14.4744169616201,1.0641804672671047,3.7022207286821587,19.47232531407746,6.250598542904039,11.108301190361967,27.81232322775721,16.704022037395244,1.3180617773151933,4.00992237577832,159.61681523323935,26.176777260609317,77.24732460400665,175.27508030598474,98.0277557019781,5.880938176113902,38.59012124340052,140.45554582816618,30.26035930983802,65.94779906992153,166.62980505512638,100.68200598520485,6.103975330540844,19.663817103367435,165.88356556641864,26.509434236499622,83.26457177373543,179.87411429053222,96.6095425167968,5.664598646809194,37.66983778729805,146.5457873676602,32.53629850994128,67.99363339100884,177.37595632126258,109.38232293025374,6.6519322225619355,20.914256659368306,0.6105044308225551,0.2664663941865901,0.225311578807046,1.0257492799762697,0.8004377011692237,0.05960214410568474,0.13158423836769562,0.5793294349631046,0.2578950901637614,0.2360675832694329,0.9819993786151147,0.7459317953456818,0.057250721105921,0.19492855080858873,-2.735080680456766e-17,4.5359913830828595e-17,-1.0408340855860843e-16,0.0,1.0408340855860843e-16,3.5472104181180916e-17,1.0408340855860843e-16,0.9931780745850647
squats_03,squat,84.53759367362335,48.27200726499186,32.94763548821154,163.1838169062763,130.23618141806475,8.535648352933704,26.271130223299835,75.72209222280777,77.11423301641653,2.4738762379213948,179.78764064121447,177.31376440329308,12.074018215007754,151.38700817892826,11.357224551219565,4.07538221308,5.824833236760534,17.563363720332145,11.738530483571612,0.8295827590388067,2.5818173028492186,20.51185517656166,6.350002085717314,11.108301190361967,29.69602371922305,18.587722528861082,1.277219434250175,4.00992237577832,162.82750107375742,17.97592691827978,107.65859414967827,175.27508030598474,67.61648615630648,4.92048704702598,21.950376872201474,138.52565785927956,28.126239366182247,80.59672237374117,166.62980505512638,86.03308268138521,5.6884829247722015,22.764042883799746,169.1393925767094,18.10381253575651,113.87113316487002,179.89851864162964,66.02738547675962,4.662406265721841,21.504434577669826,144.17045997164934,30.47871384833535,82.22027250875962,177.37595632126258,95.15568381250296,6.164035966622169,22.84127268945481,0.5487309594157082,0.27902630102315146,0.225311578807046,1.0257492799762697,0.8004377011692237,0.058949650848331446,0.146387561463172,0.5229033083324588,0.27099640970178107,0.2168838773907793,0.9819993786151147,0.7651155012243354,0.054739558646112824,0.19492855080858873,-2.723515857283587e-17,4.518147153899423e-17,-1.0581813203458523e-16,0.0,1.0581813203458523e-16,3.5352468079389415e-17,1.0581813203458523e-16,1.0597635606391882
squats_03,squat,101.13936837743647,50.24064316028112,34.56188956578344,164.99502304257027,130.43313347678682,7.299037846891299,26.271130223299835,95.97329045367015,75.99031468603383,5.897348863332754,178.84513470981722,172.94778584648446,12.421665536901418,128.54926967078023,12.209790655789153,3.444144848174363,6.182970898120074,17.72183683728671,11.538865939166634,1.020152703410786,3.82791405359192,19.70999795019894,6.12299176181189,9.965454834568733,29.69602371922305,19.730568884654318,1.4075081490386647,5.931981451035009,162.41835738010377,17.781169691075938,107.65859414967827,174.57911633500257,66.9205221853243,4.859907476273849,21.950376872201474,143.0486970522027,30.21829347286638,80.59672237374117,169.09728031436921,88.50055794062804,4.961624816928095,22.764042883799746,168.62993596867653,17.820579069445195,113.87113316487002,179.89851864162964,66.02738547675962,4.527683346277763,21.504434577669826,149.33701319180744,33.125979865190146,82.22027250875962,179.5093179149895,97.28904540622989,5.347016864408434,22.84127268945481,0.6366828630294651,0.28291545672964075,0.2282755718179772,1.0164027516346663,0.7881271798166891,0.051823638575474125,0.146387561463172,0.6199605847009032,0.2945581634179952,0.2168838773907793,1.024194484721416,0.8073106073306366,0.052937210717823875,0.20245022573399651,-2.8275992658421957e-17,4.327523762434809e-17,-1.0581813203458523e-16,0.0,1.0581813203458523e-16,4.265027028867115e-17,1.0581813203458523e-16,1.1244975013302647
squats_03,squat,92.53829950497787,52.75629795736847,32.43946695517043,164.99502304257027,132.55555608739985,5.549471225108448,15.547224654787357,76.2379308094393,82.93800055521638,0.6161442840828606,178.84513470981722,178.22899042573437,7.629740049066792,128.54926967078023,9.770043835027083,4.37669232684852,2.8953641106185035,17.72183683728671,14.826472726668205,1.0469319694104917,3.82791405359192,19.71632768824344,6.157580379627294,9.965454834568733,28.417088316588064,18.451633482019332,1.280801522125865,5.931981451035009,142.75852848598197,50.254337687486576,36.93717666028046,175.27281152301163,138.33563486273118,5.5111482023866625,37.511655648007675,131.34893372227606,47.22859900325401,37.527910705173596,169.09728031436921,131.56936960919563,5.471723226722086,22.84672645953271,147.306704461814,51.47401849408008,39.81756538214594,179.918474749268,140.10090936712206,5.424591796457785,37.14495388832853,138.0145102465826,50.0556251208116,39.458301298085445,179.5093179149895,140.05101661690406,5.66553740586864,22.476238700451155,0.570306056072539,0.31267107785343895,0.2189584483810445,1.0164027516346663,0.7974443032536218,0.038680785766463305,0.12063396442066099,0.530601570593799,0.3476324014591405,0.11330379352444664,1.024194484721416,0.9108906911969693,0.0570521690418812,0.20245022573399651,-3.446317305607257e-17,4.5358918690529326e-17,-1.0061396160665481e-16,0.0,1.0061396160665481e-16,3.248120163639332e-17,1.0061396160665481e-16,0.7025299833330068
squats_03,squat,60.19382983333442,33.0251920058156,32.13677322984176,141.0272238026825,108.89045057284073,5.95063486647056,17.27132489646347,28.671218937566003,53.21488488582126,0.34314431479507257,162.30642706210935,161.96328274731428,6.810724901847064,80.738177998384,9.115511418636858,4.027744562421952,2.8953641106185035,18.358861149770636,15.463497039152132,0.8763442597761387,2.803973212505582,25.102964262153193,3.705744696908791,16.7431828133093,30.64808490339596,13.904902090086662,1.3783974606244849,2.6940341161030332,130.02227717986315,54.46645621816956,36.93717666028046,175.27281152301163,138.33563486273118,9.698187657890704,44.64298747056191,111.44773203017351,43.48381366069327,37.527910705173596,167.51440802821529,129.9864973230417,8.742959243721385,30.36400884442545,133.1328512755475,54.87541422728835,39.81756538214594,179.9384782626913,140.12091288054535,9.81033673100312,44.36998108391927,115.81834007722092,45.449906416553326,39.458301298085445,175.79034793351886,136.33204663543341,9.08921773603705,31.437909621044938,0.37590363115020303,0.17027275884335075,0.2189584483810445,0.8014304250301579,0.5824719766491134,0.03448897721428517,0.12438385536790475,0.32363689989922084,0.206148585203181,0.11330379352444664,0.8462647461484831,0.7329609526240365,0.07363377190726603,0.1762210430637804,-2.1452746986246515e-17,3.903316280183063e-17,-1.0061396160665481e-16,0.0,1.0061396160665481e-16,1.2801062891690921e-17,1.0061396160665481e-16,0.40213763904617916
squats_03,squat,110.10057900470325,45.81395363577299,32.13677322984176,165.92200161249022,133.78522838264846,6.942472133674236,17.762932946536182,93.2879762026649,80.64084457952754,0.34314431479507257,179.88936920401534,179.54622488922027,13.265939256874573,159.0066515110427,14.060753693276183,4.154539203801243,6.254875874045095,19.998033085570437,13.743157211525343,1.0925799759006942,5.485468672965945,18.862230638068926,6.9665598926452175,10.878716356432879,30.64808490339596,19.769368546963083,1.1602067075674334,2.6940341161030332,158.72544526035185,34.272936646739666,46.457415689933946,175.02775183860956,128.5703361486756,4.827336692621351,44.64298747056191,148.76099987888531,33.96886074904132,51.13013459294065,172.5159309252868,121.38579633234615,4.535872812912684,30.36400884442545,163.2116750402923,34.869056523559806,49.62091161213312,179.9384782626913,130.31756665055818,4.796563304873209,44.36998108391927,154.58002110262086,35.89578568167787,52.171572064721836,179.96224661993105,127.79067455520922,5.0016839821818335,31.437909621044938,0.6458682312982604,0.24538840598211478,0.2676804579477434,0.9739014391745504,0.706220981226807,0.04036445748819547,0.1401613191244484,0.6341252711860754,0.3282107849451895,0.14368737384981423,1.073816988027262,0.9301296141774479,0.08215462025631004,0.3511900911001598,-2.785676781839423e-17,3.9418017905727003e-17,-8.847089727481716e-17,0.0,8.847089727481716e-17,2.643957849592237e-17,8.847089727481716e-17,1.1722072239676515
squats_04,squat,105.13717731352303,72.40239554625852,10.777615958573932,179.98786339570088,169.21024743712695,8.269786747150517,120.44893731340517,127.00273777077999,47.361529214389485,58.649510729102595,179.57587344995167,120.92636272084908,10.247861793267765,54.960810893860575,22.27252980793673,11.243268228963785,6.23641926756722,46.674220186666986,40.437800919099764,4.053229832348266,23.270720138153695,30.278814495453602,18.457417598867167,5.515096076029347,73.99869577299566,68.48359969696631,6.562089212589828,21.42249585295295,165.35868666604443,4.56340418818199,156.92764950289973,171.1709208091964,14.243271306296663,0.8107199448887152,2.5700034219990187,165.53921745237463,6.677308379349173,154.13707879541357,172.8200754702833,18.68299667486974,1.0011308672710397,3.2174424325445727,171.01876234730028,7.099193006340252,159.70080887447543,179.69763081481992,19.99682194034449,1.0172844997057138,3.265200618569196,168.98522082737583,9.475480121893845,153.8512955706015,179.7755079602493,25.924212389647806,1.3307045059111215,3.6950457018423606,0.4073094031948857,0.4861035485935216,-0.08771495279991426,1.136576449131171,1.2242914019310853,0.051271989205697505,0.18371000296017725,0.449328298442865,0.47326750769250137,-0.05385633555332692,1.1585182100673914,1.2123745456207184,0.053411730142359976,0.14523300539519124,-7.517135062566164e-18,2.812659965825347e-17,-1.1297386637298956e-16,0.0,1.1297386637298956e-16,1.555269323289551e-17,1.1297386637298956e-16,7.003386875826334
squats_04,squat,97.56070538350374,69.46902592667338,10.777615958573932,179.75875850182803,168.9811425432541,10.308094600289747,120.44893731340517,117.36327837209942,50.24372647594726,2.2405145282412224,179.55235408944398,177.31183956120276,18.31979277001943,148.06504483871356,24.8974645189105,11.024650927404881,6.496192674884001,46.674220186666986,40.178027511782986,4.281617090443869,23.270720138153695,36.12212558291277,17.889956165000243,5.182047087214072,73.99869577299566,68.81664868578159,7.195622919775155,21.42249585295295,165.1356063134235,4.3299826718904955,156.92764950289973,169.8503527660966,12.922703263196865,0.799171706295185,2.5700034219990187,165.70085631663395,7.041365041787758,154.13707879541357,174.6210743314191,20.483995536005523,1.1432689606297763,3.2174424325445727,170.7262250617979,7.084349299209797,159.70080887447543,179.8590314987516,20.158222624276164,1.1518228799101957,3.265200618569196,168.077646971594,8.937747768941392,153.8512955706015,179.5797341875522,25.728438616950683,1.5495208086026524,3.6950457018423606,0.34357122815451896,0.45534079506676145,-0.08771495279991426,1.1296622664932037,1.2173772192931178,0.056587021099556926,0.1924535989157996,0.35530141452180414,0.4367783639687138,-0.05385633555332692,1.1641126691495083,1.217969004702835,0.06083780908860046,0.1675575878478729,-3.715199444383662e-18,2.0006961299380556e-17,-1.1145598333150986e-16,0.0,1.1145598333150986e-16,7.686619540104129e-18,1.1145598333150986e-16,8.636302702894811
squats_04,squat,167.01581158230005,26.89539173851709,60.186208712121434,179.75875850182803,119.57254978970658,5.864361094060621,51.86551781831564,162.97806750910595,35.43400702183906,2.2405145282412224,179.55235408944398,177.31183956120276,11.850705970279133,148.06504483871356,15.989253844265637,10.109074767974858,6.335124758932898,46.088423215499645,39.753298456566746,2.3879002185929648,15.326927003106714,21.078673675904387,16.602245404305723,5.126867645619082,62.82359613533814,57.696728489719064,3.2643692272185403,10.882132089986928,168.45359431596046,1.254927758597533,166.1284576393458,170.02281116906266,3.8943535297168523,0.2737856624444111,0.9475657725878364,171.91266608311682,2.724994862648756,165.14167211261352,174.6210743314191,9.479402218805575,0.6015949075967557,2.032851752415155,176.73644174645614,3.1721866577767925,169.5375137138956,179.8590314987516,10.321517784855985,0.7252279540890856,2.109266088556808,176.2439369104498,3.1435499526139288,166.42990887913444,179.5797341875522,13.149825308417746,0.9207380661890728,3.0019959485786387,0.7739805924372516,0.380878240007147,0.016374575063266117,1.1502836910790275,1.1339091160157615,0.07806589690034194,0.19889353826332823,0.7754076374567224,0.39124483005337274,0.011353778904921397,1.1641126691495083,1.1527588902445869,0.07351989990363773,0.1675575878478729,-1.507402420479013e-17,3.8435035658598993e-17,-1.1503385050071202e-16,0.0,1.1503385050071202e-16,3.118763628577268e-17,1.1503385050071202e-16,9.267800230190412
squats_04,squat,105.49405291821147,74.60244293031009,13.596991235393514,179.61786391747032,166.0208726820768,12.631969625285102,128.3742697625549,126.31865716806266,48.805414237698315,64.66275877003642,179.28188527830534,114.61912650826892,6.414153276096117,35.795993700383775,21.797814939933065,14.380160655991899,6.335124758932898,75.66824523497708,69.33312047604419,4.732281997326888,30.9869767875541,31.468637461548383,20.030996976887877,5.126867645619082,76.31609190028524,71.18922425466616,5.657295657191497,30.339902514398155,164.45302244232522,4.534535618837217,155.92441974703573,170.02281116906266,14.098391422026936,0.821632116351114,2.7995032697347995,166.61506024081305,6.116225533584986,156.68264244976461,174.19722583217407,17.514583382409455,0.9675044331963122,2.895025925575908,169.80296152002393,7.811029459575189,157.34411825306287,179.8554367222141,22.511318469151234,1.2323806123375045,2.9813072988935687,169.69853311530645,7.742134137923753,157.41795059613256,179.55588145722723,22.137930861094674,1.276499225517091,3.0081680165974944,0.41518396592787055,0.499686399140661,-0.08512105948358384,1.1502836910790275,1.2354047505626113,0.05449939789721114,0.19889353826332823,0.45172573634401125,0.4878568092027235,-0.07209406410224983,1.1543921288842067,1.2264861929864566,0.053088909756147565,0.16447071585124817,-1.1358824760406468e-17,3.407893872350328e-17,-1.1503385050071202e-16,0.0,1.1503385050071202e-16,2.3501016745668555e-17,1.1503385050071202e-16,6.848671085149655
squats_05,squat,166.39080572823806,8.71165766318286,152.8866479615785,176.85376106470784,23.96711310312935,2.851176300062695,13.915300122949759,164.28002138348634,11.33404666846464,144.6480840690151,179.43268363379772,34.78459956478261,3.738124417620858,10.676738383898197,29.908447497399916,27.367235511502614,0.3704278822502402,91.39391780881695,91.02348992656671,5.698317004943294,13.259585286957304,26.2731526821786,25.227215174629425,0.3522618667585122,80.12939452057097,79.77713265381246,4.8310399974597855,13.465801367139605,162.61560849507583,15.375134869287427,131.4228709600163,179.79544668766684,48.37257572765054,2.7227265558385714,6.256071354842334,165.23807813984251,13.476161874097004,136.12327917535902,179.68384339537874,43.56056422001973,2.452243776356746,5.550207284809034,159.4197056001145,14.094593316707808,130.0916670945508,175.41080419391622,45.319137099365435,2.5289599126932565,5.874183580569621,160.3163715462888,13.298208859795073,130.7119643986483,175.8994383679124,45.18747396926412,2.488751523760099,5.045359282712553,0.8152457525854587,0.3920227748146588,0.0030341880541358,1.2283029813275161,1.2252687932733803,0.07873468203648179,0.2567910494272023,0.7563046271423435,0.3408985819973165,0.040981755110749196,1.1412652288117398,1.1002834737009906,0.07277892360817217,0.2612257017043458,-3.272844958009576e-17,4.999733973418038e-17,-1.1102230246251565e-16,0.0,1.1102230246251565e-16,2.273085934038575e-17,1.1102230246251565e-16,1.6795047769215496
squats_05,squat,158.01786636610404,9.123817922644065,145.53974403392556,175.88262025651855,30.34287622259299,2.680673050119311,13.915300122949759,152.0386234881128,12.61160090746017,136.85864014794421,178.52809995998024,41.669459812036024,3.007688639834117,7.378747700192861,72.3894589039801,41.05138849418204,1.0041071019079624,113.2820892997397,112.27798219783173,5.197286408375255,13.278578656937668,63.651136872901596,36.27495629814329,0.8933931958462071,101.0460244866941,100.15263129084789,4.436138070596077,11.496072730233838,137.78470580709103,21.930617808757024,111.6949858830688,178.58472352729615,66.88973764422735,3.1929365027412895,6.7872851187131005,142.59647092666762,19.94475679331136,119.68252085384985,179.25723553249475,59.574714678644895,2.7994981942028607,6.67877103718925,136.68556698970437,20.361404882412916,112.99541623872335,174.01468880420722,61.019272565483874,2.8826375148300145,5.874183580569621,138.3131083093153,19.453900575767634,116.5589018644048,174.43587353397743,57.876971669572626,2.740698434020506,6.797285220282703,0.2703844627247008,0.5606249400231063,-0.293375094743186,1.2194869161318211,1.5128620108750073,0.06673931680324291,0.24811105835677005,0.2760105881097367,0.4891818464712496,-0.19660565835913246,1.1412652288117398,1.3378708871708722,0.058763642906509046,0.2612257017043458,-7.19910242530375e-18,2.6936574767779968e-17,-1.0798653637955624e-16,0.0,1.0798653637955624e-16,3.72367366826056e-18,1.0798653637955624e-16,1.3190503356289842
squats_05,squat,159.14538850780804,10.370168194091645,145.53974403392556,176.80490093070526,31.2651568967797,2.7526504043332034,13.386832407544546,154.67767507580157,15.060843556503352,136.85864014794421,179.90015084902993,43.04151070108571,2.559446316806824,8.810120362551743,65.90018220649844,45.48511854680588,1.769340343291965,113.2820892997397,111.51274895644774,4.719029289868783,13.998250598650234,58.30821232999571,40.39686201959793,0.3227344137650807,101.0460244866941,100.72329007292902,4.308942503940432,12.53455918579769,143.1264967053048,25.618505869799154,111.6949858830688,179.97793876657056,68.28295288350176,2.9928012840926654,6.7872851187131005,147.08606097067963,22.995541484660937,119.68252085384985,179.0267886640321,59.344267810182245,2.6043127153865586,6.67877103718925,141.28360829112145,23.423759338606345,112.99541623872335,175.07559478449704,62.08017854577369,2.6560639118288814,5.7377011580760495,142.9777078917399,22.630671871945395,116.5589018644048,175.60792105859417,59.04901919418937,2.462244063623761,6.797285220282703,0.3344081708165295,0.5989194058665898,-0.293375094743186,1.21546628704527,1.5088413817884558,0.06322310551812745,0.26339209467719527,0.3305521789122052,0.525691052308498,-0.19660565835913246,1.129868589411266,1.3264742477703986,0.05496104541335532,0.18420800681640392,-2.5518505133067157e-17,4.625813916063048e-17,-1.1102230246251565e-16,0.0,1.1102230246251565e-16,1.1417770464726657e-17,1.0928757898653885e-16,1.3382644704517503
squats_06,squat,146.96486446222121,20.021787652878125,112.98753648395862,178.1985737789426,65.21103729498398,4.8342570236460105,16.495717608822474,142.3350310810541,20.25339949996633,105.55909771877319,171.94227363163404,66.38317591286085,4.657461882456577,22.96963955055061,32.844571797918505,28.356370098103238,0.35530258805380843,73.48023453348011,73.12493194542631,5.231241168454836,16.341053517857972,34.82357660013107,27.610977473807132,1.0279157668551246,73.00466458281771,71.97674881596258,5.289615490117298,17.197979387174303,124.60296329336732,45.8810045402872,45.75520637522219,178.34609024525508,132.59088387003288,9.014541368279733,21.095840165066974,122.66162705875448,46.58824716334078,46.2729489584244,178.89426650775158,132.6213175493272,8.965680112059147,19.05580151220886,124.59259021075871,46.197125081633914,45.894442639598054,178.48420716367391,132.58976452407586,9.047490451744162,20.40938403905112,122.51699482611242,46.420018915686526,47.500761403584484,178.6784718862819,131.17771048269742,8.894851327530017,18.33937287062733,0.6577210730825366,0.3026914355126081,0.1619233530025852,0.9876467634317749,0.8257234104291897,0.05931010009331434,0.18167809516105926,0.6888587824044783,0.32937561904698526,0.16790444455975506,1.0719353257968387,0.9040308812370836,0.06306683302709884,0.1681432838635185,0.0,0.0,0.0,0.0,0.0,0.0,0.0,0.5571032172744316
squats_06,squat,150.45057544567874,23.450410430684094,96.53303551095513,178.1985737789426,81.66553826798747,5.272130294456453,16.495717608822474,145.01417557153266,24.58379871680428,90.14370057880573,171.94227363163404,81.7985730528283,5.0931972437740685,22.96963955055061,22.898376917589573,23.483421930858334,0.34203158570030034,68.80577621684891,68.46374463114861,4.826718462803986,13.645695217633666,26.09244165864133,23.394785914819806,1.0279157668551246,71.74532577502391,70.71741000816878,5.003618585512868,17.197979387174303,141.65546841386356,39.537034789377905,54.393903468161014,179.93036537245425,125.53646190429323,8.281856461115224,19.746255183920866,139.52935599084773,40.6708122828048,52.32140894167102,178.99543701220156,126.67402807053054,8.298821891878312,19.05580151220886,140.59639065601024,39.987889200499,53.5481130140717,178.5126433787482,124.9645303646765,8.34111137863069,19.149297532827276,138.41935203191,40.84261948176245,52.83630769989194,178.6784718862819,125.84216418638997,8.288648426127281,18.265213879319163,0.7454085303945701,0.2600511072780043,0.2289657821557478,0.9876467634317749,0.7586809812760271,0.055152465635607835,0.18167809516105926,0.7765086198238773,0.29499206534171807,0.20148362360582506,1.0719353257968387,0.8704517021910136,0.06066648146857406,0.1681432838635185,0.0,0.0,0.0,0.0,0.0,0.0,0.0,0.6081119583733525
squats_06,squat,135.9124889464819,29.345581798576056,89.21904831217056,175.3261782964989,86.10712998432835,6.109469999491592,25.17217916378098,129.91123492998938,30.112344623852344,84.81188825751673,170.55375714445003,85.7418688869333,5.8817094455301815,24.64467580276728,30.627624501732814,25.103997081833892,0.10506498581134864,65.82983780580196,65.7247728199906,4.831812629307866,15.330870221927615,33.272502838722986,24.5880178096362,1.45217139135015,66.14450715221827,64.69233576086812,4.993936630826602,21.245010447705198,123.05780909454725,47.51166083349113,46.48899330049994,179.93036537245425,133.4413720719543,8.881315501478959,25.38328966680261,121.05748896311255,46.94239685524503,48.61830416573245,178.99543701220156,130.37713284646912,8.729896664424668,20.885804710673995,122.16246674466295,46.61447040088266,47.86649202981882,178.5126433787482,130.64615134892938,8.791791954304184,25.318904943987434,120.20562080220802,45.901227400209656,49.45779176320649,177.56564710006694,128.10785533686044,8.598149848548326,20.005694190749793,0.6291837054757223,0.3033820033625764,0.16909366998949615,0.9838740763855913,0.8147804063960952,0.05705357537046787,0.1886123591115767,0.6491766590530914,0.32802909356824655,0.1707144510888119,1.0797894199903935,0.9090749689015816,0.06266470040125571,0.16329140489442684,0.0,0.0,0.0,0.0,0.0,0.0,0.0,0.6233202689440231
squats_06,squat,146.52895013025662,29.69095487914207,89.21904831217056,176.4325458239878,87.21349751181724,4.651874531566957,25.17217916378098,141.07528751640365,29.332167361558966,84.81188825751673,169.28760451218736,84.47571625467063,4.136170322277217,24.64467580276728,23.331728648791564,25.202699781788706,0.10506498581134864,65.82983780580196,65.7247728199906,3.5646415262103175,15.330870221927615,25.666397523895963,24.605228721262744,1.45217139135015,66.14450715221827,64.69233576086812,4.088601566503659,21.245010447705198,135.1542963893458,48.29285666845174,46.48899330049994,177.86744757208638,131.37845427158643,6.257010663377682,25.38328966680261,133.94204424966512,47.583707561079954,48.61830416573245,177.01463020309768,128.39632603736524,6.221042566948045,20.885804710673995,134.06736393678588,46.808375561410756,47.86649202981882,174.21677811817742,126.35028608835859,6.056462284334382,25.318904943987434,133.0156261118186,45.94895064642126,49.45779176320649,174.1012440771063,124.6434523138998,6.155012093491109,20.005694190749793,0.7221009557436545,0.2989402735299576,0.16909366998949615,0.9838740763855913,0.8147804063960952,0.042917887287040844,0.1886123591115767,0.7623812581232606,0.32710697682689194,0.1707144510888119,1.0797894199903935,0.9090749689015816,0.04701199870931813,0.16329140489442684,0.0,0.0,0.0,0.0,0.0,0.0,0.0,0.6659215278436547
squats_06,squat,140.55091030283953,29.03077198233192,92.2079565304602,176.4325458239878,84.2245892935276,4.991848058691988,16.265240240779434,134.04128885704864,28.95120520466091,86.29484782020175,169.28760451218736,82.9927566919856,4.851813189947997,19.213214175547037,32.13843382546433,27.90062337744824,1.7027058296252089,78.52966577384004,76.82695994421483,4.209725135103048,12.530702037791755,34.7888736515018,26.718109499740006,1.7274922971913473,74.65940753705728,72.93191523986593,4.295534689318563,11.059313140460134,124.77823508315409,50.22130008531201,44.45588945858533,177.86744757208638,133.41155811350103,7.352977374358359,25.896349416813308,123.0580101680764,49.57934005465054,47.00671506056304,177.01463020309768,130.00791514253464,7.199976312256113,21.1603437718435,123.07991701156129,48.504649903534315,45.1931383148674,174.21677811817742,129.02363980331,7.233760423751688,27.32701330689717,121.41296776769711,48.120558445113204,47.270355726583595,174.1012440771063,126.83088835052268,7.059096777501702,20.642013865698473,0.6022245776501232,0.3317544657120808,0.1296039672773578,0.9804203202629382,0.8508163529855804,0.05194963404410828,0.17077423467246078,0.63418076523051,0.3665563565872687,0.11874732763751417,1.066242456931592,0.9474951292940779,0.051802088917367914,0.19475855574832523,0.0,0.0,0.0,0.0,0.0,0.0,0.0,0.6361034933075461
squats_06,squat,141.99146555417818,29.817442372262136,92.2079565304602,178.97287526956598,86.76491873910578,5.07538961890559,16.265240240779434,135.0481216629663,29.563960971433474,86.29484782020175,171.64174895528697,85.34690113508522,4.6895232497090165,19.213214175547037,32.47965983368895,28.223210637928897,0.07556295063207974,78.52966577384004,78.45410282320796,4.738689828149515,15.001636548648825,34.4319794507538,27.447020654052487,0.7510550757058452,74.65940753705728,73.90835246135143,4.580439466566093,13.958720436978503,124.15508450988553,50.0856244358702,44.45588945858533,179.9903538328116,135.53446437422627,7.716976353438818,25.896349416813308,122.76866294754676,49.50216973759753,47.00671506056304,177.6395168393606,130.63280177879756,7.259780730076862,21.1603437718435,123.7055177764445,49.01867715321853,45.1931383148674,175.78907260053975,130.59593428567234,7.338778290241788,27.32701330689717,122.17691126261144,48.70748304880905,47.270355726583595,175.3548450719025,128.0844893453189,7.027520576595122,20.642013865698473,0.610907237524445,0.3388723113347694,0.1296039672773578,1.0076762260717202,0.8780722587943625,0.055770788464837885,0.17077423467246078,0.6410443086577267,0.37214376949767924,0.11874732763751417,1.0835713771282134,0.9648240494906992,0.05440396565301526,0.19475855574832523,0.0,0.0,0.0,0.0,0.0,0.0,0.0,0.6503767772388716
squats_06,squat,156.20528923001137,20.00907998870006,103.2224226706163,178.97287526956598,75.75045259894968,3.7446007169355355,14.186714571387654,150.0002688191625,19.072813327676958,98.07219832434726,171.64174895528697,73.56955063093972,3.650377854898399,12.669727905706566,19.793315366768148,26.39715768152619,0.07556295063207974,79.23435408623027,79.1587911355982,4.403744369370897,15.831044733415013,22.68617519608726,25.94299636780916,0.7510550757058452,79.06223084612154,78.31117577041569,4.534335969944472,14.329491286413742,150.1780394087571,36.011710192622516,56.71443535079074,179.9903538328116,123.27591848202086,5.9722781330532735,17.699941392938257,147.13399072548916,37.46529498187196,54.44883515742915,177.84449394075628,123.39565878332712,5.984477534354802,17.64702281630757,148.21779752863839,35.60663485819341,55.146378971807344,175.78907260053975,120.64269362873242,5.622229006865111,18.087421582872125,145.36815631756988,36.9328501641343,55.09021118470151,175.3548450719025,120.264633887201,5.689743452681588,17.950240031275513,0.7564902528982075,0.2897046743124589,0.03776192855503535,1.0076762260717202,0.9699142975166849,0.04727660051988089,0.16711025507999144,0.8035791966774889,0.3257449921046829,0.02050384874357314,1.0835713771282134,1.0630675283846402,0.050859019465266955,0.16911333475248969,0.0,0.0,0.0,0.0,0.0,0.0,0.0,0.701931743842453
squats_06,squat,142.59350971035212,23.16275571370604,102.65884607696809,176.09896476206953,73.44011868510144,6.171629730299759,20.580241503139405,137.51523380745277,22.970326802876063,97.3991528182722,169.21187945997252,71.81272664170032,5.802295316153185,16.824387708407784,35.0457020933688,31.103551646050473,0.30866074587368464,80.18785709091983,79.87919634504615,6.023164669337821,15.831044733415013,37.36213323189199,29.610049589293027,0.9913665566016652,79.06223084612154,78.07086428951988,6.120163555051686,16.737056134741366,129.1484770895493,42.84527184435698,51.36229712729457,179.02191367187802,127.65961654458346,8.763788493740726,21.618577914553143,126.37566062622948,43.034541503466045,52.45628820129877,177.84449394075628,125.3882057394575,8.630931990019333,18.68953363853261,128.16099482023301,42.57475058944072,50.33277041452709,177.4428485910264,127.11007817649931,8.688128388287627,21.26491991694678,125.37051744526566,42.47049370881178,52.43713329079183,177.63793014953413,125.20079685874231,8.506088506954658,18.212681805761903,0.5811109348259224,0.3458552945718475,0.019921117221372908,0.9901408240501149,0.970219706828742,0.06949865952308677,0.18977361598503223,0.6105945866601131,0.37674439867967385,0.02050384874357314,1.0489660372678726,1.0284621885242995,0.0716189249012621,0.18745403142934675,0.0,0.0,0.0,0.0,0.0,0.0,0.0,0.6972533734292496
squats_06,squat,150.99033250178462,22.93928546396795,102.65884607696809,176.09896476206953,73.44011868510144,5.166126654410934,20.580241503139405,146.3344270508379,22.780622223702466,97.3991528182722,169.21187945997252,71.81272664170032,4.861894997361064,16.824387708407784,23.622732888008287,27.19475739390008,0.21040360676721784,80.18785709091983,79.97745348415262,4.73730908659988,14.437144759218686,26.02158292408452,25.878664773344855,1.0130239236237641,76.49673275437354,75.48370883074978,4.991579653940284,16.737056134741366,145.36082461349812,38.977323803040505,51.36229712729457,179.96292146639271,128.60062433909815,6.559927788611859,21.618577914553143,143.57881232442455,38.965306968419014,52.45628820129877,178.796067952899,126.33977975160022,6.744693875731609,18.68953363853261,144.4594917538165,38.528403168937594,50.33277041452709,177.58064194948295,127.24787153495586,6.512831923266766,21.26491991694678,142.67532819591864,38.53643707885398,52.43713329079183,177.77784958180374,125.34071629101192,6.793509725635914,18.212681805761903,0.7184730648867093,0.310746820874107,0.019921117221372908,0.9901408240501149,0.970219706828742,0.05439020229730808,0.18977361598503223,0.7637145742416395,0.3386925805401921,0.03399452650389745,1.0489660372678726,1.0149715107639752,0.05621483390855227,0.18745403142934675,0.0,0.0,0.0,0.0,0.0,0.0,0.0,0.7424349941694052
squats_06,squat,140.68306124367194,27.456224229793015,93.86998444609094,175.4231262422092,81.55314179611827,5.568564051113012,25.50133430900452,135.65940550406572,27.548711453571613,89.17091159093222,168.62385539950006,79.45294380856784,4.923520908531187,32.1610889771725,32.02369524264484,27.95698735010596,0.21040360676721784,72.73540699773847,72.52500339097125,5.3768012389630595,16.127084746182913,34.32401326454644,26.641501449406267,1.2958426643563212,72.62515478952423,71.32931212516792,5.069680694255805,13.80830159481091,126.62169261706529,46.63570233093882,47.83027488784788,179.96292146639271,132.13264657854484,8.224027626792035,26.22598065193904,123.87772212223783,47.121063609433094,47.471814535514476,178.796067952899,131.3242534173845,8.152453671321355,26.23039090783456,125.50698837910353,45.93638093051264,47.07151255541289,177.58064194948295,130.50912939407007,8.286900613030427,25.735133251990277,123.20315718662013,45.94037127682821,48.49960710564189,177.77784958180374,129.27824247616184,8.105100313714656,24.839608590338244,0.6183321334096834,0.32992509577476875,0.07255214895448137,0.9660860721094799,0.8935339231549986,0.06015355651686978,0.2530807820818225,0.6567686060621334,0.360806849460978,0.07242792291705469,1.0372783003242114,0.9648503774071567,0.06511284076396669,0.2513354658575948,0.0,0.0,0.0,0.0,0.0,0.0,0.0,0.6389849474620729
squats_06,squat,143.73241480547102,28.56458549252569,93.86998444609094,173.14705316970424,79.2770687236133,5.715638329573984,25.50133430900452,138.39964850507943,28.565723394062758,89.17091159093222,169.05984068725706,79.88892909632484,5.105117769566057,32.1610889771725,29.14343905470695,29.175518035602092,0.4501358503165489,72.73540699773847,72.28527114742192,4.063949981938192,16.127084746182913,30.600769536444215,28.20872788914013,0.7270623360626488,72.62515478952423,71.89809245346159,4.0024107107616755,13.80830159481091,130.7069607309132,48.2345046647779,47.83027488784788,177.4080715992668,129.57779671141893,7.129271876446564,26.22598065193904,128.75515307390552,48.81337387243402,47.471814535514476,176.67855633551153,129.20674179999705,7.069960857140921,26.23039090783456,131.18556001063374,48.61602277261734,47.07151255541289,176.84202662860903,129.77051407319615,7.286977377125225,25.735133251990277,129.74768266141055,48.862361320540906,48.49960710564189,177.61865037461612,129.11904326897422,7.071953398087083,24.839608590338244,0.6528658390884993,0.3449900449705825,0.07255214895448137,0.9553678353617541,0.8828156864072727,0.05235126127022081,0.2530807820818225,0.696204630589272,0.37646409515340085,0.07242792291705469,1.0471945296548824,0.9747666067378277,0.055453967982506694,0.2513354658575948,0.0,0.0,0.0,0.0,0.0,0.0,0.0,0.6613561402861254
squats_06,squat,122.3308792365251,48.0945777201834,53.995240705096705,173.14705316970424,119.15181246460753,7.73314500022718,32.47992002195696,116.66019786333928,48.59901004570213,48.76523490077917,169.05984068725706,120.29460578647789,7.431099614721955,44.3224011858985,24.46798363427585,22.464199292741608,0.4501358503165489,58.853474135942605,58.403338285626056,3.4089645439586564,13.022553777712801,26.578426457152773,21.800680103217022,0.7270623360626488,60.780400245899536,60.053337909836884,3.5136087374243647,10.597847021313463,135.6613218990316,42.239501494534004,59.76358963601504,177.4080715992668,117.64448196325176,6.942486255227727,18.046739447613334,133.99009785365013,42.02607370173008,58.74277251466706,176.67855633551153,117.93578382084448,6.934937416993297,19.961480332822276,134.88262072298517,43.047637280188866,56.76432557337798,176.84202662860903,120.07770105523105,6.9879848143562215,18.682907227178674,133.14191000401206,43.6726234636755,56.62213357536671,177.61865037461612,120.9965167992494,7.028572327577186,17.91042527306034,0.6058893779560347,0.35686949193973516,0.05716793175380652,0.9553678353617541,0.8981999036079475,0.05512044021877691,0.21598097142265016,0.6388640695714031,0.39944214318117993,0.0253308301277696,1.0471945296548824,1.0218636995271129,0.06386499358855784,0.25870021866173565,0.0,0.0,0.0,0.0,0.0,0.0,0.0,0.7918130453837728
squats_07,squat,122.74830030225553,61.30798703780441,21.711492638257685,176.23519018979096,154.52369755153327,5.388767451874987,32.11012343287869,120.3743544946216,52.625530151843805,33.71417469566142,171.61701204117713,137.9028373455157,4.781243281879408,19.317324399648783,11.620601237496553,11.123238854386367,0.18359620591488018,33.44685481873598,33.2632586128211,1.250865960971821,5.218660888740514,13.35131400832757,6.7648097828606355,0.4210697025555457,28.080622996591927,27.65955329403638,1.5972347319932971,6.393822945167507,167.9042311232302,12.782296000761386,137.8819036604452,178.99756427496592,41.11566061452072,1.4278755944736885,4.520146558269715,171.52316179914078,4.043709264993975,163.14927698300102,179.92722225669544,16.777945273694428,0.9609255425552364,2.9804425164635973,174.31721111348176,7.039315213466782,155.48891298513664,179.6904416582661,24.201528673129474,0.890384616950852,3.0759703238732072,177.38748513237815,1.8185443187692978,172.31828233528134,179.98236557857595,7.664083243294613,0.3989060712843533,1.1722594890441655,0.6048786224723677,0.3545344468148318,-0.032297504241948105,0.9588227549189692,0.9911202591609173,0.037891790827919714,0.08587404427267187,0.6585214167844504,0.3606604362153055,0.021378150606956803,1.0104157490030456,0.9890375983960888,0.03532138127778673,0.09135064283526284,-4.605690828718423e-17,5.2679808591997136e-17,-1.0928757898653885e-16,0.0,1.0928757898653885e-16,2.6110579215995733e-17,1.0928757898653885e-16,3.53936553114322
squats_07,squat,44.25099313978633,44.761254275916514,12.878107370132044,158.12620102048885,145.2480936503568,5.03148564913861,32.11012343287869,51.339010903815606,34.77483952429494,24.3690299828459,145.69540709428406,121.32637711143816,4.385013372628354,19.317324399648783,29.156266576527187,11.36418629617325,9.02885925578236,43.036818752983294,34.007959497200936,1.3665588656483207,5.218660888740514,20.212561026142165,10.638547997299025,0.4210697025555457,33.01172673715561,32.59065703460006,2.1277778319825833,8.259988446098845,134.3076315648082,27.133286372269364,90.63849666319005,173.43603533400866,82.79753867081861,2.8571237403024172,6.601592826684396,157.59244912743435,18.307286908353202,124.23445989730038,179.92722225669544,55.69276235939506,2.1434112410327453,5.300453170550895,151.0029179448635,21.237218713881727,115.78875596794536,178.80932993336504,63.02057396541967,2.1731232401868854,6.305465768018934,166.0146553219193,13.227127380307008,140.56444505432228,179.98236557857595,39.417920524253674,1.4031684483373308,4.266099347508714,0.1455840487556389,0.2322446641939613,-0.032297504241948105,0.7052967624595816,0.7375942667015297,0.03282788411776622,0.08587404427267187,0.20177116199941084,0.2297287836980494,0.02026934973146821,0.7671029010629828,0.7468335513315146,0.0348566940039599,0.09135064283526284,-1.4166908387143924e-17,3.612248960778079e-17,-1.0755285551056204e-16,0.0,1.0755285551056204e-16,3.828355257328126e-18,1.0755285551056204e-16,1.505316152041294
squats_07,squat,27.01879394976518,30.566733765632247,12.878107370132044,143.1971255102918,130.31901814015976,4.845933671886403,35.34735059669955,36.86988274851339,19.336833221579674,24.3690299828459,111.2573963219687,86.8883663391228,3.7534018354167245,25.59791844848108,34.93945172596137,7.9670660383749805,12.871932927949574,43.036818752983294,30.16488582503372,1.5400305814729345,8.39889848388922,24.176883077886828,7.5893532166441515,2.8271480063255248,33.01172673715561,30.184578730830086,1.9822703725863144,8.259988446098845,112.88063677914614,16.98460765979518,90.14473722837779,143.55483049872063,53.41009327034284,3.4092229702405015,6.601592826684396,142.35806681148682,13.676738778247165,122.12258778588894,162.73827233797255,40.61568455208361,2.7991454474588173,5.475269790024839,133.80155288103077,13.822767410462676,115.18499867522502,157.3258626129199,42.14086393769489,2.803802629597387,6.305465768018934,154.32052988983935,10.568413106046345,138.2319101445722,172.09555045048123,33.86364030590903,2.1596583456014553,4.856246002926071,0.09905297750798082,0.19028677002275565,-0.031267249458148516,0.6496638381573201,0.6809310876154686,0.03059033259493042,0.10628502710568999,0.14611517702572993,0.18929952787230805,-0.01747655308406959,0.7314663159229926,0.7489428690070622,0.03876336079897233,0.11706193723669078,0.0,0.0,0.0,0.0,0.0,0.0,0.0,1.085018042709102
squats_07,squat,103.28813772764465,71.44368434205666,13.066820040826178,174.53796876747327,161.4711487266471,5.885507483515702,35.34735059669955,103.58478111028849,60.99785948493049,27.63600271480815,170.76576647353022,143.12976375872208,5.239858593738906,25.59791844848108,19.893297332654132,14.25825390097027,0.0631351618903298,41.88098350473453,41.8178483428442,1.8232468747041986,8.39889848388922,14.163339643004507,8.703451712930214,0.9776811756624441,30.64378141184928,29.666100236186836,1.5764062397348206,5.734373315093479,139.4291345980036,28.73773354613075,90.14473722837779,176.80340355952453,86.65866633114673,3.039056740618639,13.883961331917646,157.62381343894558,18.436175616241314,122.12258778588894,179.27319598055524,57.150608194666304,2.378995233213455,5.475269790024839,153.26463327254217,21.686973910790872,115.18499867522502,179.87229641710366,64.68729774187864,2.2589525709079714,6.979313870622718,163.96245451374716,13.14342428456279,138.2319101445722,179.70407185070906,41.47216170613686,2.1169915828642396,7.687769020638285,0.553106636634231,0.38537687660780595,-0.0027426469800925224,0.9773881995560472,0.9801308465361397,0.03624698697517767,0.10628502710568999,0.6108286615008715,0.41322569692828065,-0.01747655308406959,1.0585757669645601,1.0760523200486296,0.042631650514252245,0.11706193723669078,-3.579312772098812e-17,5.07545886185754e-17,-1.214306433183765e-16,0.0,1.214306433183765e-16,2.9669753244292974e-17,1.214306433183765e-16,1.4830533933697365
squats_07,squat,169.49777606437968,5.842543491819408,151.81158843347,176.27459945369606,24.46301102022605,2.0271882279794933,8.867728233793002,160.8103224943826,12.015667152258505,123.59300242179566,170.76576647353022,47.17276405173456,3.0187970110889717,21.270281973692647,6.360066311661978,4.101104552527366,0.0631351618903298,15.340593315124769,15.27745815323444,1.1420855000236425,2.8733323405267397,11.079301644453446,4.6357004918966735,0.9776811756624441,16.291941067926228,15.314259892263784,0.8527267358732624,2.702821050919156,170.91944223338288,10.79304625947623,145.26066729076138,179.87542589136598,34.6147586006046,1.4702907144507638,13.883961331917646,171.6130487749796,3.3897513602676472,164.22139359820693,179.27319598055524,15.051802382348313,1.1302099510322647,3.3340449540662007,175.07315543968713,6.864771691280583,159.1714744933952,179.87229641710366,20.700821923708446,0.9593776899735713,6.979313870622718,176.124402014159,3.139839528692749,167.77316426655693,179.83104836114956,12.057884094592623,1.235775828492545,7.687769020638285,0.9010200558530481,0.08865834409107347,0.6567531444826045,0.9773881995560472,0.3206350550734427,0.021192398016574347,0.08491386395115252,0.9595749908554568,0.08151750934843355,0.706659526162799,1.0585757669645601,0.3519162408017611,0.023310672550451012,0.10356998528836381,-5.305362630695735e-17,5.3201682640926074e-17,-1.214306433183765e-16,0.0,1.214306433183765e-16,3.618992079192994e-17,1.0755285551056204e-16,1.4681620494093641
squats_07,squat,112.4414856535707,65.040732191083,21.439918248911574,176.27459945369606,154.8346812047845,5.736283594514393,36.31462368799447,109.03148019901164,55.86901318391267,28.134623121450833,169.26593569410002,141.1313125726492,4.876150108907376,20.21306547849568,15.779321200006347,14.296720200477584,0.9606425022720747,41.86033676081227,40.899694258540194,1.7732862994627925,6.156268287112542,12.429194935982718,5.220051682281127,0.07810237418675191,19.83117149811574,19.753069123928988,1.4254867752572118,3.888508601407988,165.95791831757418,14.529273889000603,134.4927878529838,179.87542589136598,45.38263803838217,1.6841214192405305,4.195828347116674,170.73151979744614,4.500809432810041,160.6585743002991,179.5853866014266,18.926812301127484,1.0614919740647901,2.8331668080945462,173.36995430395837,6.5028133126913,157.48357271351244,179.8616518084075,22.378079094895043,0.9559593687260652,2.4560469298593546,176.51048382197845,1.8067899641544656,171.9077571305503,179.83104836114956,7.923291230599261,0.4743610921131141,1.223199439585926,0.5451093254663253,0.40322414142535135,-0.1071325069195378,0.9699029374440901,1.0770354443636279,0.03827554455479998,0.09540526815101213,0.5808744027648345,0.39217618262376114,-0.03169773145376631,0.9978998572680903,1.0295975887218565,0.0366349488225078,0.10608386699709127,-4.0245584642661923e-17,5.307734149877954e-17,-1.231653667943533e-16,0.0,1.231653667943533e-16,3.762555401342799e-17,1.231653667943533e-16,3.307333703198994
squats_07,squat,36.279192025828074,34.60967704857805,16.21355450477163,145.04489617506445,128.83134167029283,4.755498959478484,36.31462368799447,42.698922674438116,26.011563612264354,24.69825969751708,126.59072067382246,101.89246097630539,4.001535057399368,20.21306547849568,34.102812184152675,11.834198113024526,6.823233093522519,47.10044308649755,40.27720999297503,1.773674059707013,6.156268287112542,20.679508597687676,11.701429593776233,0.07810237418675191,37.64212573203309,37.56402335784634,1.7724172088792987,6.124117971092012,131.13108196075163,26.667268266228426,82.90950223479842,171.58065215772234,88.67114992292392,3.0576258594111696,5.697067333040536,155.38595672337243,19.889033541662226,112.09640495646782,179.5853866014266,67.48898164495877,2.486333444522151,5.4953988716959685,149.572692698785,21.59617290714343,108.47196371546737,177.13165906943453,68.65969535396717,2.372272152268395,5.184119724982651,164.30089946321405,15.014194404118365,128.90164211014635,178.76701602428224,49.86537391413589,1.7581060061642493,4.650505470938356,0.07207652093418586,0.21105791447984906,-0.1071325069195378,0.6148087835629896,0.7219412904825274,0.032306271019296666,0.09540526815101213,0.10337068539987232,0.20548986984334744,-0.07431083915546954,0.6774887305144357,0.7517995696699052,0.03833760519922817,0.10608386699709127,-2.2985086056692694e-17,4.605070076037779e-17,-1.231653667943533e-16,0.0,1.231653667943533e-16,2.3269221798447516e-17,1.231653667943533e-16,1.271727943471521
squats_07,squat,28.47041945759944,30.369877520847464,15.457050564900296,144.7941112136983,129.337060648798,4.810848115264101,37.98542168354444,35.316199389941765,17.86369250548808,24.69825969751708,104.12040271816349,79.42214302064642,3.3953526879022884,23.82134198150881,40.091536840945786,7.017751454284398,21.432430060053193,47.10044308649755,25.668013026444356,1.3620679140179335,7.879086094432878,27.801100766330837,8.146278315626667,9.745279038873116,37.64212573203309,27.896846693159972,1.683464101232466,6.124117971092012,106.26858542860414,18.812692796717513,80.31442531658892,138.52494047791407,58.21051516132515,3.8263436949059764,8.39038938328244,135.71628393076793,16.7818811931721,109.28313165409361,159.67014586059605,50.38701420650244,3.3831327960236934,6.913514963520626,129.71436245649608,16.36679744448091,107.19440089928356,155.77973770264586,48.585336803362296,3.3170616736666725,7.884160111958749,149.63034346991034,14.39608997487423,126.52468978897039,171.30818725666018,44.783497467689784,2.843667217924473,6.92510576227744,0.06005841475031284,0.2023623248428203,-0.07755730426895702,0.7046642668400932,0.7822215711090502,0.03241858452720985,0.1393922406640134,0.09818243731541405,0.20839734702721482,-0.07431083915546954,0.7606745353481399,0.8349853745036094,0.04580771739806783,0.15851199229978985,0.0,0.0,0.0,0.0,0.0,0.0,0.0,0.8415527283617084
squats_09,squat,73.43865506429697,6.476634044844744,63.58826984320123,92.5968950352781,29.008625192076863,3.4388575955287752,15.3669364960557,6.928283384130347,5.799441177040036,0.15944584012013707,24.69113579469732,24.531689954577182,3.266413008199714,13.890325030595807,25.379017015334703,4.039267463760157,19.412691644632048,32.6005669623857,13.187875317753651,2.265511329239025,10.313177009265683,57.643287265830516,4.702503196023343,47.65922784418771,64.96014607410922,17.300918229921507,2.5855806228020657,7.389139037925645,134.9697848489079,43.722210485626256,52.007272615059904,179.27459270454432,127.26732008948441,14.495051207981199,110.4401035815664,91.7361488114967,32.16128610685637,56.726804558411416,149.39264706527374,92.66584250686232,7.739924488120423,22.257312109473858,138.08337055469718,40.11132886171403,64.70987765933162,179.55903984529473,114.84916218596311,13.656783024177454,97.21657425926682,88.57897568087894,47.393626840311846,38.09362621051059,175.79192208521076,137.69829587470016,11.668268213244522,31.46715783415557,0.0964556337510875,0.0608687975422232,0.0025062215282652955,0.2891788546721461,0.2866726331438808,0.039865863016854304,0.17354366228484341,0.15771539730589598,0.03439221459803564,0.08165696057358385,0.22704006834637547,0.14538310777279162,0.03480896248302835,0.11296414270219524,0.0,0.0,0.0,0.0,0.0,0.0,0.0,0.2429847773619291
squats_09,squat,70.39983203579251,3.3504327344609885,63.58826984320123,76.37961475914956,12.79134491594833,1.8740278120335636,10.84371430315808,6.636956512420531,3.5956713173314525,1.7496115645490742,13.031087348992557,11.281475784443483,1.7287019407972963,9.450387428135615,25.474015366427707,5.050193296904984,18.383482807134477,37.41535583626343,19.031873029128953,2.149334083581764,6.8334407011871505,59.21145784698119,4.518377435064807,51.860956417121066,67.5506360321295,15.689679615008437,1.9956479621628005,5.986887175430589,157.26965284073003,28.410439708296348,78.99928941383226,178.6296931854891,99.63040377165683,8.173236973687004,43.680816844374405,107.55094075920303,33.89544462062528,59.77272385847035,153.89771512769727,94.12499126922691,9.005825976176803,22.257312109473858,158.96418734470348,27.331872133735967,85.52451270411704,179.55903984529473,94.03452714117769,7.57909473970574,35.03910202812041,112.41218612385342,49.40584770069496,39.09474906310046,179.82055505540012,140.72580599229966,13.198354022923093,32.73371878922585,0.05772824065714569,0.06264275295368084,-0.016519676987797438,0.2891788546721461,0.30569853165994354,0.03206439992481343,0.17354366228484341,0.14217774394858018,0.0366887621873756,0.07995688800920542,0.22704006834637547,0.14708318033717005,0.03107163704859345,0.11296414270219524,-4.0187760526796035e-18,2.1641771366645115e-17,-1.205632815803881e-16,0.0,1.205632815803881e-16,8.314709074509524e-18,1.205632815803881e-16,0.20412075422688059
squats_11,squat,112.4512922368639,17.468589352454003,67.51434912233006,160.18571357264977,92.67136445031971,8.5112954557915,61.03411146659482,5.580733385806494,4.284757788673772,0.04287377163580795,19.91608850453085,19.873214732895043,1.3384607140248626,5.310675604842991,83.8100953894446,11.025829313527566,44.479786629100985,95.34064413832293,50.860857509221944,3.9675141717628435,34.79292344637445,69.70446490364807,1.6170980920556892,66.53730122231869,73.51456411883412,6.977262896515427,0.7210515114575531,2.450033257745531,173.73108258161088,2.988829210029978,164.6944559786006,179.36408628185885,14.66963030325826,0.7790262450888674,2.3201976740885186,166.04339045860962,13.252914471954993,135.32445349178025,175.34122980385524,40.016776312074995,1.4741633179401987,5.523787922188603,175.46678197036982,5.761698720380172,161.27986116983507,179.7252160592867,18.445354889451636,0.6758964534240561,3.3353570364473626,168.11866237668016,14.843317932883826,135.0508195780906,179.66636984135087,44.615550263260275,1.623180811587786,7.734342687671784,-0.09345663611491535,0.04107572648222177,-0.13516975091681604,0.026344052657742534,0.16151380357455858,0.009068320646666066,0.048913682129783864,0.005417199137137008,0.04139018123539435,-0.02699039952561999,0.13428527533811507,0.16127567486373506,0.006594291947862766,0.03133030398560088,-4.527628272299467e-17,5.95081795903808e-17,-1.249000902703301e-16,0.0,1.249000902703301e-16,4.698707897861317e-17,1.249000902703301e-16,3.193644485750278
squats_11,squat,117.12648610980965,42.88572168790958,1.3836663277688737,177.499024565678,176.11535823790913,23.831663746727546,176.11535823790913,61.04878547062976,69.75144207540637,0.04287377163580795,176.14377870928783,176.10090493765202,10.812314898491449,164.73629385938085,82.304078593977,20.10082591034241,36.053871201001776,101.88170970469518,65.82783850369341,6.902113745479879,37.28184284160213,68.69835448558624,14.23868528389917,18.464257831697285,85.58240970729919,67.11815187560191,4.898747047672112,47.41987548230378,149.76492235308336,29.919048068848724,95.91623189925411,179.36408628185885,83.44785438260473,3.0884605237931404,11.984012553979,131.6030472284504,30.17427564344717,87.64975601836673,175.34122980385524,87.69147378548851,4.517394303466289,21.653018679956034,150.58539882195075,25.95647006848974,104.6029702166093,179.62640998205632,75.02343976544702,2.626785383633561,9.580711125354838,133.09893632317318,30.016358592439335,70.87734179788926,178.03572645387308,107.15838465598382,5.364976466985989,34.07715352816042,0.0026685351567040144,0.08939359842279199,-0.13516975091681604,0.1341792825693252,0.26934903348614125,0.01638496852603163,0.06439085593900573,0.1364347994042421,0.21074132688903013,-0.024858789461743358,0.9348070863488626,0.9596658758106059,0.06277187460966628,0.811646885297364,-1.6335312732114932e-17,4.164786712064885e-17,-1.231653667943533e-16,0.0,1.231653667943533e-16,8.494163227196779e-18,1.231653667943533e-16,2.9776882197804286
squats_11,squat,140.91097029336422,46.81029860141332,1.3836663277688737,177.499024565678,176.11535823790913,20.37457703356388,176.11535823790913,130.93435928643729,47.94957577439161,11.407484849906982,176.14377870928783,164.73629385938085,15.081705957793112,164.73629385938085,94.4840872077124,22.90127138764981,36.053871201001776,144.56533662919605,108.51146542819427,5.471472359832219,37.28184284160213,75.19723466900615,23.644790255994735,13.385184184970583,124.11390340671066,110.72871922174008,11.449877788289337,110.72871922174008,118.6182970611404,22.72846973630379,95.70582856907349,163.88497340717825,68.17914483810476,3.923917075231142,11.984012553979,105.22842756978463,16.31224399834612,87.46807644765148,134.36638826405547,46.89831181640399,4.715626368191851,21.653018679956034,126.14601809756225,19.832384165379285,104.6029702166093,160.420367760949,55.81739754433971,3.753095460270188,9.580711125354838,112.01400935809548,17.693740301788125,70.87734179788926,149.3691824869583,78.49184068906904,5.66233153710068,34.07715352816042,0.07044058066183007,0.04901556773353828,-0.08658028836200993,0.1341792825693252,0.22075957093133514,0.01820371695486044,0.07684523048227809,0.2029586637501938,0.27572416240427294,-0.05649079851261063,1.2297968879929864,1.286287686505597,0.1139006874537313,1.286287686505597,-1.0516761073109393e-17,2.687613046897163e-17,-8.760353553682876e-17,0.0,8.760353553682876e-17,1.3474015964268132e-17,7.632783294297951e-17,2.9010090773195176
squats_11,squat,164.53108269725124,19.789497088365685,76.85159456017057,179.64137774637422,102.78978318620365,14.217594150973758,93.02214372497566,152.6251287108044,23.48071135359537,61.52344639557659,177.763391572025,116.2399451764484,12.127113620546695,74.37011137584355,138.0145033630444,32.5361510742449,100.15172261624178,178.39977256879368,78.2480499525519,7.882264675958811,47.03209161158688,100.48972164974289,59.71705340095791,0.3467370823863501,179.88761121338516,179.54087413099882,27.81460737031481,174.88857099741958,137.6296439728139,29.70038358582408,95.70582856907349,173.8307732399825,78.12494467090902,2.7050717669619346,6.687760586896431,134.60501408516058,32.70430942094414,87.46807644765148,172.78350409739417,85.31542764974269,2.9787068338316534,6.935054506789413,148.48660226551328,29.187965323074064,105.0127555563306,179.71124440368663,74.69848884735603,2.5907092432420664,7.383654672038887,144.69439788852748,31.538945600072864,97.11080727255658,179.67469582765455,82.56388855509796,3.0780819639512913,7.160825427091979,-0.341046979030929,0.4591649416620887,-1.0991022502771326,0.1101017066089498,1.2092039568860824,0.11705832026672167,0.5762906223733266,-0.033280018426355265,0.5675994408551142,-1.0657445591036865,1.2376043375998964,2.303348896703583,0.2566851868327153,1.286287686505597,-2.704000218178848e-17,3.57793791543236e-17,-8.760353553682876e-17,0.0,8.760353553682876e-17,3.677314678816352e-17,8.760353553682876e-17,5.464981133535559
squats_11,squat,156.4948000873989,37.208268958541325,36.32604508306492,179.6475000227155,143.32145493965058,22.74709466238221,137.55393901428496,145.17901574699422,42.83515625567622,1.8831285482742757,177.763391572025,175.88026302375073,25.17019541283523,163.52645068933884,140.3084785621558,45.04942901415806,26.923960096884212,179.98070315053565,153.05674305365145,18.334793657695037,94.01685989208892,103.09787832980993,73.4713457315782,0.3467370823863501,179.88761121338516,179.54087413099882,33.18527163954641,174.88857099741958,159.86697142271063,15.237766254494213,123.9522266521996,174.61340223881442,50.66117558661482,2.8204072101428066,8.09912457035756,159.6885102424649,15.315790753569033,123.92573865826064,173.85972438141124,49.9339857231506,2.931116231878306,7.253892215914021,166.42789758651196,16.177611995996422,128.784082126811,179.91350864962064,51.12942652280964,2.4715023900887276,9.496537474702762,165.72464471503847,16.240517508510777,127.96117332636734,179.67469582765455,51.7135225012872,2.867920148838149,10.720911606788576,-0.47086745599694896,0.4267027420735389,-1.0991022502771326,0.17304189681349846,1.2721441470906312,0.2082355438108016,0.6300786315013804,-0.17164548595401938,0.5786953903992567,-1.0657445591036865,1.2376043375998964,2.303348896703583,0.3192650520057697,1.0991977678044842,-3.402226417259513e-17,3.668704122940385e-17,-8.760353553682876e-17,0.0,8.760353553682876e-17,3.6743237762715644e-17,8.760353553682876e-17,8.965633368269236
squats_11,squat,107.18371306638181,68.08434784957727,6.221251341080575,179.6482865076481,173.42703516656752,21.937884591419603,137.55393901428496,128.75305832865143,39.3438970089,1.8831285482742757,174.40066097837405,172.51753243009978,21.83165601019104,163.52645068933884,105.99011027239978,34.708825092880005,26.923960096884212,179.98070315053565,153.05674305365145,12.27929638510096,94.01685989208892,85.53479019514693,47.29772316773288,1.1568552387478543,179.79365356886197,178.63679833011412,13.901950790596288,173.347177419908,126.60430481058695,32.708239277195524,84.48624337802167,174.61340223881442,90.12715886079275,3.1417834192457534,8.09912457035756,123.37179624754903,36.09183049083217,68.37777342491263,173.85972438141124,105.48195095649861,3.802124579427116,13.866508918678761,133.35172462165593,29.285979447018807,96.32359807944701,179.91350864962064,83.58991057017363,2.908711763422612,9.496537474702762,128.953509838947,34.188661379004955,75.97890439643686,179.26055166424717,103.28164726781031,3.9489425640247147,14.733045031170107,-0.0645273134931721,0.28035177227527724,-0.874179266390736,0.17304189681349846,1.0472211632042345,0.0861946413626256,0.6300786315013804,0.000676754981599459,0.32258661788760185,-0.8364507755453877,0.7629303088899753,1.5993810844353629,0.11603003647891208,0.8832643581141333,-1.7499023063916042e-17,3.1919282686182726e-17,-8.760353553682876e-17,0.0,8.760353553682876e-17,1.3444106938820255e-17,8.760353553682876e-17,5.068323869749316
squats_11,squat,67.71369645282726,53.70123568438677,6.221251341080575,179.6482865076481,173.42703516656752,16.687081083767517,131.14837001679808,121.60923436755057,26.598925556329476,76.18808440018786,165.2371333514558,89.04904895126795,13.433591296103067,48.75628183452419,101.8570489683211,3.5284947513085196,93.51734115033909,111.96414070753576,18.44679955719667,1.8454782716295772,8.841668769688667,88.18776067019421,9.383109856303614,68.72671208175022,111.06103458156237,42.334322499812146,4.723534324134958,28.066284959745886,103.79760056016453,18.996042136652672,84.48624337802167,148.7815873370843,64.29534395906262,3.43970975669757,9.394928804401033,99.14302608287807,23.04020522408122,68.37777342491263,150.26309345055154,81.8853200256389,4.654396578574663,13.866508918678761,114.60132301273254,17.59553984624828,96.32359807944701,157.37470772305122,61.05110964360421,3.1238357731620368,9.386308330600556,108.51630225712583,23.275828137992104,75.97890439643686,159.91396565954997,83.93506126311311,4.738656848964921,14.733045031170107,0.022152447692759307,0.0788535843800228,-0.1986315728169703,0.10804743175699016,0.30667900457396047,0.03339216125373646,0.14889072204846665,0.06655140192720715,0.09147599973807637,-0.1561669630409127,0.15608312764913979,0.3122500906900525,0.03393807130022217,0.2004045524662531,-2.399700808434583e-18,1.2922784341234136e-17,-7.19910242530375e-17,0.0,7.19910242530375e-17,4.964898224347414e-18,7.19910242530375e-17,2.2993424271418337
squats_11,squat,99.07957427769787,61.5460297955532,0.6206544389785267,179.96836949882206,179.34771505984352,32.05708371003202,177.52913566071433,115.14027187546564,49.72329882281717,2.744434843147272,173.59609084723235,170.85165600408507,22.109883703183026,114.33641268669794,107.40399174831288,49.53631514060397,5.426302557269823,178.92750422936086,173.50120167209104,11.248532814426353,163.86460172248633,113.31249590505129,39.38062352043299,59.19831124179313,179.74392281233793,120.54561157054479,16.038207800576473,79.2047443165511,139.59795126332284,34.22982803900166,84.62246849328324,179.9426037101853,95.32013521690206,3.543734582195532,9.394928804401033,136.87270795237666,35.766349349293144,72.19577052435217,174.9434897864947,102.74771926214252,4.726643829834518,11.753482821074527,147.29353763386388,30.427379818158528,96.5321998319909,178.46522643141455,81.93302659942366,2.9235129822660793,9.386308330600556,146.04746372786894,34.15691528889813,82.48434425679493,178.29841052475896,95.81406626796404,4.020138289244034,10.755201522686804,-0.14382776731767566,0.5037463328598697,-0.9463929499988115,1.8661487968850312,2.8125417468838427,0.2298350545021418,1.8466925278289483,-0.25474235213018065,0.3827682694611147,-0.9951968445658605,0.15608312764913979,1.1512799722150002,0.10231836403709008,0.41667804391645924,-2.5912431922403556e-17,4.995941965257277e-17,-1.5265566588595902e-16,0.0,1.5265566588595902e-16,3.426078865054194e-17,1.452830911130576e-16,5.353854943266044
squats_11,squat,123.20649916510446,46.60662296440095,0.6206544389785267,179.96836949882206,179.34771505984352,29.916677523311066,177.52913566071433,61.18328350188906,68.72959886899052,0.3156961819515486,173.59609084723235,173.2803946652808,16.47376970184665,114.33641268669794,86.91256892528297,55.72197150265415,5.426302557269823,178.92750422936086,173.50120167209104,13.540616146738477,163.86460172248633,101.29435522971072,46.17302145372808,59.19831124179313,179.74392281233793,120.54561157054479,13.19244040735429,79.2047443165511,169.0772094523924,8.036619041829248,150.68371497056324,179.9426037101853,29.25888873962205,2.2847595507590865,6.508017602715142,156.61131149134357,16.869571142918026,119.97506781034485,174.9434897864947,54.96842197614984,3.7881652223903393,11.753482821074527,169.9637103917102,7.518439830243182,151.28907762335547,178.99434603405487,27.705268410699404,1.7050522637081404,5.585386580873262,161.73581351959982,18.581113140418132,122.98187853596507,179.52687613085854,56.54499759489347,3.3062026472279937,11.947499656882343,-0.12754493308715423,0.5070380540210632,-0.9463929499988115,1.8661487968850312,2.8125417468838427,0.21108635414447635,1.8466925278289483,-0.2253691670863483,0.4000529375833666,-0.9951968445658605,0.1666997781903976,1.1618966227562582,0.07923777841484751,0.41667804391645924,-3.172375556692586e-17,5.4768220642000095e-17,-1.5265566588595902e-16,0.0,1.5265566588595902e-16,3.779005365339131e-17,1.452830911130576e-16,6.5971055922378925
squats_12,squat,67.44776937515495,59.20273368301978,26.053728531819697,179.8574298231867,153.803701291367,5.586607038908539,34.46899606763573,53.15075384013968,75.77334483350333,0.015065997109252466,174.2824116682625,174.26734567115327,7.490279873535226,142.7290315507419,14.269044842532793,6.711114640191722,0.6594843677627911,20.157159962643085,19.497675594880295,1.0539918166613762,3.061628874622617,32.32587500654018,11.654358629766422,6.1452693459550884,41.711381831056556,35.56611248510147,1.486285769300998,4.8577858167544825,124.07442223174903,43.35045500951122,50.52791930908327,179.6221045148493,129.09418520576602,7.218156365434785,28.481117370389256,100.33872866769683,43.537976228885256,46.64699529196465,171.5869821419492,124.93998684998454,5.508401537593723,11.079248738045393,124.91601814630869,41.41071564318562,53.842546247848844,176.85450108032393,123.01195483247508,6.668058970777271,27.71854528933359,113.79024972568395,40.80330987735352,62.80253630018573,179.9025660589442,117.10002975875847,5.1418361501266965,11.156329713178096,0.4305077527190194,0.317926502730989,0.1291403943038778,1.0497167812017427,0.9205763868978649,0.043284560105407786,0.19674423430870103,0.39345081866289977,0.31437878301373323,0.06810466146952476,0.966183658403501,0.8980789969339762,0.06810771680815543,0.30797382832890535,-6.936183398476015e-18,2.5952840957118322e-17,-1.0416472372154484e-16,0.0,1.0416472372154484e-16,3.5918870248808566e-18,1.039207782327356e-16,0.6364882684214135
squats_12,squat,129.42197028601595,58.7937362073656,23.50914887608578,179.8574298231867,156.3482809471009,12.035185820661045,72.31497012361552,126.36647580067265,68.74759734886376,0.908854804976887,176.09836554661518,175.1895107416383,11.26330652092713,142.7290315507419,7.938122533839689,5.389821551785999,0.12971047147488043,19.672069446527225,19.542358975052345,1.57152744216806,3.061628874622617,16.624464609872383,12.499758241879068,3.164576463443982,41.23591079558619,38.071334332142214,1.9117819951484172,4.8577858167544825,168.2882564237252,11.470504517673426,131.1508146668439,179.6221045148493,48.4712898480054,2.496772747069802,9.405365268420098,153.78559719811568,23.527906896606066,91.41447593605928,175.79177619785838,84.3773002617991,3.6528366252959485,8.903035216123783,169.1911409636183,11.215710042327066,134.41116484747516,179.17537968603276,44.76421483855759,1.8777579079511673,8.748473000095714,161.68028917324128,19.88603358250662,107.32518224233391,179.9025660589442,72.57738381661028,3.368832094304204,9.023941171240338,0.7600477737566768,0.32916310347942,0.0008997714040674953,1.064847550103794,1.0639477786997265,0.07186186919680777,0.43706285249906773,0.7083140957336285,0.30830320183208987,0.09459383130427013,0.9987354208318632,0.904141589527593,0.05263366266994324,0.16641376913608352,-2.787754836003353e-17,4.623080142124819e-17,-1.0538445116559103e-16,0.0,1.0538445116559103e-16,2.8953805947634446e-17,1.0538445116559103e-16,2.350064341498504
squats_12,squat,157.85035018974543,37.899159654309315,23.50914887608578,179.8449473007178,156.335798424632,15.282419926108707,155.33109450125656,159.89050445403933,34.39153663857546,27.110112410090743,179.34441903737766,152.2343066272869,11.765168081646152,152.2343066272869,4.572946838095557,2.9397955256584543,0.12971047147488043,9.618641701729898,9.488931230255018,1.2334168594501715,2.9460463881575594,8.507777146331081,4.940398669158639,3.164576463443982,18.40268806595893,15.238111602514948,1.488103183137759,4.833478054711174,173.5910565822267,3.3999203351191953,169.31778563201306,179.8316386664338,10.513853034420748,1.3616728963720826,4.650631291944535,167.61288878403215,7.8436915467622965,148.6709551120077,175.79177619785838,27.12082108585068,2.4026740991084767,6.736360890345452,175.0299109734948,3.52484954526552,167.25955671651278,179.17537968603276,11.91582296951998,1.0518863045329039,3.4442960557256015,171.44446692955196,7.636885927085624,152.19183751414707,179.62144763844356,27.429610124296488,2.3884650881380325,6.172312580334278,0.8961228043841917,0.2258018665142024,0.0008997714040674953,1.064847550103794,1.0639477786997265,0.09242079865353267,0.7443710557533529,0.8561210280499059,0.17116384084833913,0.4068112730354171,0.9987354208318632,0.5919241477964461,0.054935074307249934,0.3367773924571974,-3.14165649513883e-17,4.799074848328312e-17,-1.0538445116559103e-16,0.0,1.0538445116559103e-16,2.9022970568982657e-17,1.0538445116559103e-16,4.131902051486243
squats_12,squat,100.67658955621106,66.58288399059587,29.688742313853872,179.34107276584552,149.65233045199165,5.450255239669557,29.230156156033544,93.04879709971664,79.116691014264,3.9348081947942,179.34441903737766,175.40961084258348,6.212678758942822,60.35983724537334,10.372431899757345,7.943985171414134,0.4687261441805746,20.39056391015135,19.921837765970775,1.099111910732702,4.452264454282377,21.883587281250186,14.34964242191802,4.8455190477676595,40.216219510962645,35.370700463194986,1.4811445109169419,4.617508646583733,150.24555975815977,33.138188238121614,74.21684418571584,179.8316386664338,105.61479448071796,4.225775341152078,12.47749012028332,129.32365906487397,43.60725933574877,54.38126824206451,174.052474627566,119.67120638550149,4.676216698403676,14.456519048263246,150.37730044604265,31.80166936829239,78.2843678775143,177.85086247701588,99.56649459950158,3.687388944679845,12.407772126916328,137.52640600940347,37.80927706709806,72.12197507977855,177.83970857523835,105.7177334954598,4.201793980654415,12.50013685581419,0.5916172048951327,0.3441225509034504,0.12692026685658564,1.0373351437078404,0.9104148768512548,0.049222136973533344,0.14591902933105128,0.520469760124935,0.37563254348289465,0.009274583124552982,0.9799261081618831,0.9706515250373301,0.04857566922135661,0.12933439530678026,-1.0475199989830781e-17,3.1426081043767936e-17,-1.0516761073109393e-16,0.0,1.0516761073109393e-16,7.252938671109927e-18,1.0516761073109393e-16,0.848254541450746
squats_12,squat,52.96062871899239,38.2375025469979,27.994883734476865,165.13677381967685,137.14189008519998,6.301069145589914,24.98154765094806,39.69151726830311,57.89166893597257,3.9348081947942,173.020465629895,169.0856574351008,8.638454089656063,91.17241065697281,17.677789659255655,3.2584529621985556,8.213396656864123,20.39056391015135,12.177167253287227,0.8927486444513887,3.4519480969332257,34.848995412412286,5.852351035025753,20.97425595818075,40.216219510962645,19.241963552781897,1.3387968330215396,4.572456862973162,128.99689761053367,31.78121300435686,74.21684418571584,171.63200162173823,97.41515743602238,6.53720642194899,19.27015845194495,96.03452220783332,31.18712291536518,54.22675123056259,144.9563723140629,90.72962108350029,6.205983765743755,14.456519048263246,129.35451412532962,29.13294331540356,78.2843678775143,165.53120372649667,87.24683584898237,5.937097340626455,18.531688684513426,109.8252863413189,27.689543336880025,72.12197507977855,155.36847407137182,83.24649899159327,5.494939493529468,12.50013685581419,0.3768376757997351,0.24929964625202894,0.12692026685658564,1.0905742429739984,0.9636539761174128,0.05441778981068375,0.1398451537483758,0.28255244271553726,0.27726165776310163,0.009274583124552982,1.0537782008016197,1.0445036176770666,0.06145029787558196,0.1743533275744179,0.0,0.0,0.0,0.0,0.0,0.0,0.0,0.7102753863366136
squats_12,squat,123.39578363247482,63.987441058994186,27.994883734476865,179.88474994325122,151.88986620877435,5.4925131237790294,24.98154765094806,119.56120905443558,75.26379000843748,5.291154973976909,176.61640053609952,171.3252455621226,6.233110417566615,91.17241065697281,11.58536354452546,6.47080059013542,0.44473142023137424,20.33232298949877,19.887591569267396,1.0424970621725835,3.0797758763304888,19.966889199393965,15.408290624301772,0.9659311813998757,39.81229964407416,38.846368462674285,1.4648103591434123,4.572456862973162,152.51167354381707,30.340397874693895,79.32830142207858,179.54880040469607,100.22049898261749,3.750450212842273,19.27015845194495,133.18953656469768,40.16395996289879,54.22675123056259,174.57680187584535,120.35005064528275,4.176887306700988,13.07986084164164,152.93606243679628,29.068450390665234,83.7771811631405,177.82074332973463,94.04356216659413,3.2579616421890303,18.531688684513426,143.84449401655283,35.78027679546535,72.34417679356325,179.91518338250552,107.57100658894227,3.819829796854614,12.248259487298114,0.7760243769781122,0.3591002047304361,0.18961860033502664,1.1543277787979171,0.9647091784628905,0.042443317440870494,0.1398451537483758,0.7007082034569445,0.3829652016080124,0.06404933434649451,1.1077455400282097,1.0436962056817152,0.04868831358117055,0.1743533275744179,-3.4658329447119957e-18,1.8664081601270387e-17,-1.0397498834135988e-16,0.0,1.0397498834135988e-16,3.585344425564134e-18,1.0397498834135988e-16,0.9485377301283796
squats_12,squat,137.40450260445553,56.44118569700774,37.64351334321609,179.88474994325122,142.24123660003514,5.463477911523423,29.539561709532393,132.3369521260575,64.94468929667866,9.048905386506615,176.61640053609952,167.5674951495929,6.050806595392882,54.19981709753111,9.15421599363326,7.3067739546525265,0.44473142023137424,23.162428251650372,22.717696831418998,1.466891921600991,4.676929559384105,15.91836724863869,14.085557738135773,0.9659311813998757,42.539248682607756,41.57331750120788,2.017011825031062,4.504186947010371,170.3488133457794,7.457599345788877,150.92548732223804,179.54880040469607,28.623313082458026,1.8978240956675587,3.482077710161974,155.56047438366983,17.67705219165125,115.2091814078238,174.57680187584535,59.36762046802154,2.9592545926601046,5.092661805621958,170.40070124423644,6.811841664181777,154.507191126211,177.82074332973463,23.313552203523614,1.2613603381956697,2.4964137841741376,164.08209153035483,14.530096234157012,131.461197233785,179.91518338250552,48.45398614872053,2.5496396978549303,4.9984084530312884,0.8130526243678292,0.3627634738028995,0.12085363554422723,1.1543277787979171,1.0334741432536898,0.04016587108677025,0.15383238384625708,0.7512641304645185,0.35597313355054644,0.043610148588433706,1.1077455400282097,1.064135391439776,0.04401488157940782,0.1499341557492876,-1.400066405402948e-17,3.5697908596208534e-17,-1.0711917464156784e-16,0.0,1.0711917464156784e-16,1.4625513444011357e-17,1.0711917464156784e-16,1.7302782693201868
squats_12,squat,65.30183315297069,50.71938796503746,29.837776684058305,179.43165516968435,149.59387848562605,5.249513803641874,29.539561709532393,46.53307411925835,65.03984900945437,2.0242209331485923,173.54563894077793,171.52141800762934,5.995314136698777,54.19981709753111,17.685597603806666,8.236489131614459,0.6878705700713096,25.170119735862738,24.482249165791426,1.186763060796264,4.676929559384105,36.16179077540835,13.379875866715164,5.850703308254931,47.996821380030774,42.146118071775845,1.6080749174580258,4.504186947010371,133.97356814901406,38.85378824481458,67.01085083758265,179.1817972078988,112.17094637031614,4.455375694295602,9.362555515739984,107.69184601091979,41.67172218370048,50.10149029130318,173.10451911040892,123.00302881910574,4.386533051046022,7.725195715885093,136.3664661632947,36.327962192454,72.35899385225086,177.59108341401551,105.23208956176465,3.938091676104042,9.310581448575675,121.43746993169134,37.75557610019355,66.98331292392918,179.69517094891938,112.7118580249902,4.016715435966282,7.766473409692082,0.3970594410766874,0.31266740361990125,0.12085363554422723,1.0796192661699762,0.9587656306257489,0.04322401314959236,0.15383238384625708,0.32690629790324327,0.3090631157940495,0.043610148588433706,0.986835908479391,0.9432257598909572,0.042254499495116046,0.1499341557492876,-1.0534831109317485e-17,3.160722489519886e-17,-1.0711917464156784e-16,0.0,1.0711917464156784e-16,1.1040169018447223e-17,1.0711917464156784e-16,0.8358577973086092
squats_12,squat,59.30774190064988,45.471280271118054,27.954670521847692,170.2193167481545,142.2646462263068,5.39186308094045,22.51557855245511,43.89061324444159,67.21062009274375,2.0242209331485923,173.66232460786804,171.63810367471945,6.245033944652497,102.58976305877866,20.597452161697614,4.760667640107621,5.841157139758907,25.170119735862738,19.328962596103832,0.9664055078089514,2.9534684500691153,40.94955442773894,8.03515659041141,18.408126584556452,47.996821380030774,29.58869479547432,1.2208502357923376,5.045738126636177,121.65265919569104,34.06283471950337,67.01085083758265,171.24655218048414,104.23570134290149,6.31007311649741,19.927869677327422,91.67166497340625,32.90886288891738,50.10149029130318,151.10396923035754,101.00247893905436,5.46533852432126,12.541935116258387,124.31680179837458,31.703821518369725,72.35899385225086,166.78209979154067,94.42310593928981,5.936594625772047,18.87328279775336,107.41633148149664,31.236722032751025,66.98331292392918,161.77893092621696,94.79561800228778,5.265598865686773,13.431613719285977,0.386205940576124,0.29952128288125746,0.1332292321520152,1.1179341614094371,0.9847049292574219,0.04850314935094344,0.15150358316987678,0.3076024656476138,0.2963287731860436,0.07664787191341804,1.0532650960858574,0.9766172241724393,0.045518939783657834,0.17198740133608714,0.0,0.0,0.0,0.0,0.0,0.0,0.0,0.6016359272261554
squats_13,squat,105.11087959409282,40.15325555897528,11.215287787316175,178.85167319698556,167.63638540966937,25.197196153838657,163.9380384519111,109.29439396542223,41.57385363178426,5.615716494049675,174.37094904530832,168.75523255125864,29.261518008410214,97.41224148239982,40.921519486723064,43.49105250876927,1.9754143512581683,145.4906132900649,143.51519893880675,17.859344790192573,123.11556365978137,75.89489074993885,63.48126200599435,6.064297579392334,174.58485996566088,168.52056238626855,20.583661498856397,118.09503976636151,165.49906465763488,10.69097002344454,134.32720251298986,179.5290258238584,45.20182331086855,2.7241581837349598,43.38823134295333,164.99708386619344,10.044119937583543,130.37817142653205,175.26706082981042,44.88888940327837,2.762017812338219,44.88888940327837,166.4216359955721,12.086742681060732,132.47710950339814,179.52627449009958,47.04916498670144,2.808250391081652,46.88418936275019,165.95479941189095,12.95919623449541,126.90240323969627,179.88834686658763,52.985943626891356,2.9910313211216377,47.17059355780111,-0.11591429911322479,0.481781261427473,-1.9038555117486087,0.19869928391515623,2.1025547956637647,0.17237636187997085,1.0165012366346644,-0.3182523464081692,0.6596120330310037,-2.5827434333152333,0.28200701061232647,2.8647504439275595,0.22278369647047291,1.1911998201524954,-4.015613796343187e-17,6.621927853516459e-17,-2.671474153004283e-16,0.0,2.671474153004283e-16,5.942736425083909e-17,2.671474153004283e-16,8.231985166464808
squats_13,squat,66.14177575934092,36.795360833253596,25.78227932815919,178.85167319698556,153.06939386882635,12.514946278267734,66.27904136818623,69.47957576433512,44.16222430058007,20.413775489565754,174.37094904530832,153.95717355574257,18.504345888816477,97.41224148239982,16.55848545496418,10.134675595823497,1.9754143512581683,47.872689444719796,45.89727509346163,5.448876646642498,19.361351876240683,13.963116317966874,17.16267720072873,0.027479712640356684,62.844887533463286,62.81740782082293,5.361424634505211,32.55132383697824,125.59125154943872,43.581969138981236,33.873789491439446,168.67551508978386,134.8017255983444,4.648335365460152,15.011699629488028,128.14047441661072,40.71957780635418,44.83161285518835,169.69737863339736,124.86576577820901,4.305716061317552,14.12421257055854,124.2317796519722,44.77928917757982,30.052954857402355,169.7014285175732,139.64847366017085,4.815464608971409,15.360291503297098,125.8495360033482,41.166252791459456,41.776817251315194,170.14902995574653,128.37221270443132,4.426628024290735,14.1833745422649,0.04884047135933874,0.06170192482998417,-0.036953034296809184,0.16621298174051835,0.20316601603732753,0.024164357097423792,0.1843762695792759,0.10498632546642576,0.10106474898440063,-0.11830928399665441,0.28200701061232647,0.4003162946089809,0.05222926390924992,0.26678315724834,-2.011285380141651e-17,3.649345199198492e-17,-9.213007960695574e-17,0.0,9.213007960695574e-17,1.4781601170567458e-17,8.711564455921028e-17,2.298816348684168
squats_13,squat,32.67636883739038,8.69419517911861,20.41072642645584,47.27930172803765,26.86857530158181,3.600486649439255,12.288268805447863,35.67721982456439,25.223807410242006,5.726674632791967,96.41860540190271,90.69193076911074,7.215265911547294,64.14735036965962,11.172710508314967,5.437969402379448,2.6713017599715307,19.275115286451932,16.6038135264804,1.9024176659726981,4.709818178012805,5.735387195432245,7.377807107047146,0.027479712640356684,22.247209169510263,22.219729456869906,1.52331006614422,7.0825293873386315,58.81252107335003,43.21226809567492,24.55424540593479,144.8745332133322,120.3202878073974,4.199529116752996,15.011699629488028,63.756285317263185,40.7029376363845,28.496621744476833,147.1502701443396,118.65364839986276,4.110626867881999,14.12421257055854,55.17012749897888,44.33678679621036,19.669980965183438,143.07277127261398,123.40279030743054,4.3016936984590535,15.360291503297098,59.89710379834217,41.60535011294757,23.024265797931083,143.99358881035644,120.96932301242536,4.171355965945702,14.1833745422649,0.0016712457745387322,0.020910850730269208,-0.027939179629852928,0.0562360426968469,0.08417522232669983,0.009775026661493616,0.05246649085648658,0.06331435975188973,0.13057715087955424,-0.062052917578711786,0.36706203238503443,0.4291149499637462,0.03787954092686589,0.24849862768969977,0.0,0.0,0.0,0.0,0.0,0.0,0.0,0.8485554304054119
squats_13,squat,28.153405402430387,6.471920699185659,20.41072642645584,47.27930172803765,26.86857530158181,2.203771998317229,10.483218421314671,37.818522654293716,34.7352217315904,0.8121526501892078,107.85863991133097,107.04648726114176,13.266794732467615,82.80766185850723,7.092636811406538,3.5535769725874498,2.6713017599715307,19.275115286451932,16.6038135264804,1.230798649626554,4.709818178012805,11.517588616900047,8.635699716232205,0.1586334963882337,23.14258815017347,22.983954653785236,1.8317130273046112,11.154372542588913,31.80945324472552,14.443853234055585,23.733491954150065,85.60190429472834,61.868412340578274,2.3593650480132733,16.502587583637464,36.97589380708923,14.604641670755722,27.868409145379957,90.55311150500022,62.68470235962026,2.5600491865271606,14.95342002685588,27.16510316523547,14.814446887269714,18.89433143329627,82.155747975251,63.26141654195473,2.429795352959452,16.47794821451599,32.09963326584919,15.014327672980567,22.560197115961994,86.59944708561783,64.03924996965583,2.6547553319869657,14.95100659860141,0.002226564105946449,0.016838650128287825,-0.027939179629852928,0.03915782701308057,0.0670970066429335,0.009206022451157288,0.04282554268091565,0.10058677301357986,0.1639195779395536,-0.062052917578711786,0.40699398314332313,0.4690469007220349,0.061930464925306135,0.27638635176847515,0.0,0.0,0.0,0.0,0.0,0.0,0.0,1.8525733103696909
squats_13,squat,38.86906836394762,21.597218038339754,18.760249410205013,103.38487248619663,84.62462307599162,11.287571928251834,73.27399751578923,41.05916297637894,32.95246837877743,0.8121526501892078,132.48960784545255,131.67745519526335,24.110785904225082,119.08030426261114,11.457709847818945,12.480342393112558,2.1326832799880315,60.78824131064059,58.655558030652564,5.848406838677401,57.49681504350088,12.751902653273707,9.011560329762077,0.009147089159771414,31.215937065864207,31.206789976704435,3.210497223387181,11.163399780863088,91.852192646624,57.279011696890265,23.733491954150065,164.3152370363072,140.58174508215714,4.867543715423677,17.796127762930183,93.75283476398657,54.79891386957698,27.868409145379957,163.9195761701528,136.05116702477284,4.706608919934695,17.40151699690911,88.5632222385729,58.6104144503879,18.89433143329627,162.92961585940088,144.03528442610462,4.984672940162955,18.008084058251256,90.17489191113772,56.2083657708642,22.560197115961994,163.44518240504124,140.88498528907925,4.866247641829735,17.20316053057526,0.007855374167572763,0.0508360321967467,-0.09000958946295978,0.19235112894856743,0.2823607184115272,0.029144834599006877,0.14333203284631935,0.09839884796933338,0.13500774755117456,-0.08944862417591559,0.40699398314332313,0.4964426073192387,0.09413064653056687,0.27638635176847515,-1.6893338037766068e-17,3.379049739666534e-17,-8.630249292984615e-17,0.0,8.630249292984615e-17,2.0476466547252095e-17,8.630249292984615e-17,2.2886535045248086
squats_13,squat,91.68130278378452,53.874154655513614,18.760249410205013,179.26356386070245,160.50331445049744,21.305438630492052,77.10935091362778,68.40748530673095,52.62151891676954,2.411114208290128,155.33311336042098,152.92199915213087,29.940489224530868,137.47420194525603,47.21676416103683,48.10470753122978,2.1326832799880315,137.78880678818587,135.65612350819782,13.935382805474221,79.31481383245648,59.22747611965033,72.73853763027782,0.009147089159771414,178.4646311718758,178.45548408271603,18.8508506333307,157.17002269638027,158.3251747071682,19.715081917823927,92.59589151916352,177.30440295747454,84.70851143831102,2.9209831530452077,17.796127762930183,157.0557768037148,18.601843524373347,97.51786151597838,172.04185082905587,74.5239893130775,2.7077540475177937,17.40151699690911,157.34677842575346,20.813615459160374,89.31580096124001,176.91842088549907,87.60261992425906,3.020779997388243,18.008084058251256,157.5976484693947,21.320466077064243,93.58322144272307,179.7819479488541,86.19872650613104,2.97236987952176,17.20316053057526,-0.09492529958597475,0.2645407514958218,-0.7505142131789401,0.19235112894856743,0.9428653421275075,0.08657639082619575,0.5536336906006109,-0.23148000150454698,0.5042538829855441,-1.5196096443177742,0.3068968025012715,1.8265064468190457,0.16189387537300826,0.7642472526640376,-4.701247438941338e-17,6.814337560978624e-17,-2.5066754227864863e-16,0.0,2.5066754227864863e-16,7.945706473046353e-17,2.5066754227864863e-16,7.230509187850352
squats_13,squat,147.30207031904396,39.014086342371,57.64538438739364,179.33433974623475,121.6889553588411,20.450309555710028,108.89018277578535,113.7163723926128,46.171825097362444,2.411114208290128,155.33311336042098,152.92199915213087,17.491026163232434,137.47420194525603,104.55403695746229,49.02215819397046,14.95732099879826,151.01228553005336,136.0549645312551,17.134132184135172,103.431330587323,137.62768659512295,63.269795215476,3.476868102594803,178.4646311718758,174.987763069281,17.912751181184635,157.17002269638027,174.1401507369326,4.054111197253786,165.2925219015069,179.1252313500437,13.832709448536804,0.7035885919666224,3.9979761613569735,171.2223670779413,2.667663549388349,165.27247061546063,175.35214649432388,10.079675878863242,0.7470687801331171,2.979687571559907,173.918331354717,4.186530009926198,164.07692981243937,177.12494817179177,13.048018359352398,0.5118319066322846,2.1592015406051246,175.6958776941084,4.326237581794274,165.16186695122323,179.81154843851823,14.649681487294998,0.621124605134258,1.9688456544549524,-0.5525754309366259,0.4981382461899524,-1.5429159060628308,0.16490020808820338,1.7078161141510342,0.17610759276767518,0.8748806761406511,-0.9453585841659582,0.616867082023308,-2.1339807458607485,0.10854650863604476,2.2425272544967934,0.2373966362173061,0.8448176098681683,-9.812029660993815e-17,1.2627727417920647e-16,-3.434752482434078e-16,0.0,3.434752482434078e-16,1.3998919360878355e-16,3.434752482434078e-16,28.25043615845496
squats_13,squat,133.7861571152602,41.11260650406144,63.13409314393929,179.33433974623475,116.20024660229546,19.331773176058878,108.89018277578535,127.90250175235605,26.750759256866964,53.77998001711877,163.52590222748785,109.74592221036909,18.298203583062545,107.85387654609639,82.92800291297068,57.996482828391656,2.8790107933061972,151.01228553005336,148.13327473674715,15.537237769467009,103.431330587323,127.34143321997108,64.82504393442372,9.29398323276344,179.11634153086248,169.82235829809903,14.24937555821491,145.92066376913036,173.12198149859935,5.272847544311789,161.37369002336587,179.1252313500437,17.751541326677824,0.7873819497983761,3.9979761613569735,171.34219666852394,3.007657405565116,164.34589833326584,175.35214649432388,11.00624816105804,0.7234577972884608,2.979687571559907,173.27911785072013,4.911091214191343,161.20441388528945,177.12494817179177,15.920534286502317,0.5908436310452708,2.215145307547033,174.7612482395438,5.412054110455283,162.7684228681128,179.81154843851823,17.043125570405437,0.681205979486506,2.307128881759212,-0.43078900772899875,0.5754602886597261,-1.5429159060628308,0.39910015899266527,1.942016065055496,0.16746908773445748,0.8748806761406511,-0.7918000824275914,0.6997539494194304,-2.1339807458607485,0.4091463647346656,2.543127110595414,0.19701817055536716,0.8448176098681683,-9.139824314052802e-17,1.2191327386561003e-16,-3.434752482434078e-16,0.0,3.434752482434078e-16,1.0650603961988638e-16,3.434752482434078e-16,24.225393619131648
squats_13,squat,72.0566547815698,44.59041518724682,3.349701862180282,173.7282317890479,170.37852992686763,23.243305578143197,93.90020909539663,78.1635692353182,51.46784848317205,17.772244331828,163.52590222748785,145.75365789565984,22.619339198528383,107.85387654609639,29.13615179448186,30.5728082054167,1.0639953885367281,148.89557524900152,147.83157986046479,12.646212824427396,79.56381696797888,60.67369272653791,57.98709693951957,4.956990961738953,179.11634153086248,174.15935056912355,18.656097058017846,145.92066376913036,159.48469598810777,12.296757789375322,124.53204691450384,175.8046851213652,51.27263820686136,1.7680220071331503,8.746419181450733,159.18191678414686,13.61126569005656,116.6050223723367,173.2460149841525,56.640992611815804,1.9918378966086951,11.383592836590424,159.38244030416203,13.227700118269453,123.0940721718913,176.4044386673784,53.3103664954871,1.838288499844383,8.874665253844228,158.3079975488133,15.675342987327596,113.51251470084975,178.08756131563268,64.57504661478293,2.2267257453373426,11.215945122138152,0.015827512770831297,0.20091688585915243,-0.8561816637797319,0.39910015899266527,1.2552818227723972,0.06883458507809015,0.6071954020272798,-0.09160556330857658,0.36869188156731386,-1.3522213411084714,0.4091463647346656,1.761367705843137,0.08517283344675886,0.5537965693178359,-3.7357992856608864e-17,5.332315774522063e-17,-1.8995222061946038e-16,0.0,1.8995222061946038e-16,5.262493027553779e-17,1.8995222061946038e-16,9.861494663109951
squats_13,squat,31.34386058298662,20.89106754420038,3.349701862180282,108.78285859125054,105.43315672907026,13.700096594080682,93.90020909539663,28.747726625139347,10.216430892310534,17.772244331828,60.94763616861229,43.17539183678429,6.7744821045945285,38.80533157415206,14.469688986507874,20.25935517021959,0.06829437092004093,81.11365138826754,81.0453570173475,6.40387914257664,38.297578658884646,20.15646975906972,22.326148536540224,1.195538199760586,76.9808839620152,75.78534576225461,6.4176021491258455,23.592078186854415,100.67572496084814,53.73630538598091,27.489103798955504,160.71402599562535,133.22492219666984,4.630950459192957,19.700779024632183,102.52135348394994,50.81235170598178,31.40308950144355,162.4110852602991,131.00799575885554,4.517517095132948,14.249829250858028,97.9361623736688,55.63422186616455,21.107863020069463,160.3416045896794,139.23374156960995,4.803656745191123,19.842429611976613,99.12174781178054,51.37137371961797,25.861479985723363,160.15139484333042,134.28991485760707,4.63068671922783,14.58029493491167,0.00012075949446181215,0.045476877971087876,-0.08395075259507456,0.08126780620149388,0.16521855879656844,0.017575610076763164,0.05396827760800582,0.027934440093082838,0.034228851917882754,-0.017477655193109953,0.10956739599233523,0.12704505118544518,0.01801692960812635,0.08736411873477967,-1.396090997437168e-17,3.1218894257975456e-17,-8.478460988836645e-17,0.0,8.478460988836645e-17,1.742200732338776e-17,8.478460988836645e-17,1.7917665931591975
squats_13,squat,20.242667311500778,6.445427780489114,12.8817013766827,36.09187027766451,23.210168900981813,1.7740526237029042,9.769780620937382,21.01601175461643,5.548735750941392,4.898372960459212,41.6654774433876,36.76710448292839,3.638656649327547,36.76710448292839,6.453415143338855,3.6251855321298017,0.06829437092004093,11.980950049583972,11.912655678663931,1.220444297909575,7.84843139081279,11.82192728871205,7.4064093110343645,1.195538199760586,23.094680175143196,21.89914197538261,1.6414857526640565,8.840922595138661,38.33848112107962,24.01703382088511,23.879773237660494,120.15541822410505,96.27564498644455,3.402959197573285,19.700779024632183,42.06861978705644,23.256004143545237,25.33212465548364,110.6791536236127,85.34702896812907,2.9967835477955562,14.249829250858028,33.275168609548096,25.139594981921814,18.661815817843657,117.9928124569342,99.33099663909054,3.494797574249204,19.842429611976613,37.70402267243737,24.208414439531964,20.99695557893716,108.10554003114541,87.10858445220825,3.052257210590327,14.58029493491167,0.04948714083721449,0.048434195090491544,-0.05634689674836446,0.09891319966551704,0.1552600964138815,0.010243771115601305,0.026007384194060235,0.04309989561220397,0.04040409057408907,-0.017477655193109953,0.16898312913878433,0.18646078433189428,0.015777708784403738,0.1155975716479899,0.0,0.0,0.0,0.0,0.0,0.0,0.0,0.6391263402626877
squats_13,squat,19.422805712869096,9.199944557128697,12.8817013766827,61.46436147260734,48.58266009592464,3.2148709594371407,28.0544083259593,24.262652397770005,16.547675111182656,4.898372960459212,92.53431861703126,87.63594565657205,7.783388120910078,41.66239822119318,5.791391289717121,4.0291699892798905,0.22056713625559407,12.156363035716332,11.935795899460738,1.4962425184339034,7.945346405609801,15.469186580204353,9.01312660376388,4.312210096211575,52.53375250621049,48.22154240999892,2.7927991931879736,39.87782939534671,56.60693367899066,47.05662225664147,23.879773237660494,156.71957450363124,132.83980126597075,4.726703652059075,21.692500679898004,57.420893568735224,44.85045353999566,25.33212465548364,153.76249929093137,128.43037463544772,4.681407940087578,21.375994234833243,51.57929903631601,48.161245551079524,18.661815817843657,154.33191522848995,135.6700994106463,4.8056328218859345,21.902292542037245,53.21167381745324,45.925081815577705,20.99695557893716,152.0799382981437,131.08298271920654,4.73267554651597,21.689451263445648,0.08954569677660663,0.02689733265580236,0.02885324124460653,0.15608400074301287,0.12723075949840634,0.01046378722175158,0.025806118800290045,0.08404403495202595,0.03308447630058266,0.008350990121782531,0.16898312913878433,0.1606321390170018,0.029887720394055538,0.1155975716479899,-2.8622937353617316e-18,1.541392349135156e-17,-8.586881206085195e-17,0.0,8.586881206085195e-17,5.921987038679445e-18,8.586881206085195e-17,0.8068701540344452
squats_13,squat,70.7526643717826,54.29948390976545,14.817193185271568,175.71078601017362,160.89359282490204,11.730270942702585,53.181352747036726,63.38243915101312,54.30315809120657,10.567446502278399,171.14816379426384,160.58071729198545,28.227726334081908,149.86203428383718,35.379769219166775,48.05177271718951,0.22056713625559407,143.23959046911827,143.01902333286267,9.93149920464086,69.26379136565492,42.97808793280309,57.142703943722715,1.6820424392486262,172.17102831320088,170.48898587395226,11.835750201547889,114.5971724802271,127.51267395277468,53.052432330448426,24.430891546295058,173.24442136109303,148.81352981479796,5.155860546338035,21.692500679898004,126.1210944093709,52.08259234444986,25.853563298315457,170.8335795876283,144.98001628931283,5.111466949699039,21.375994234833243,125.1046539168782,55.14611679996405,19.039918320595405,174.8016297491467,155.7617114285513,5.371093497536252,21.902292542037245,125.4162726731939,54.74472018834058,21.25105812599663,176.99683960038402,155.7457814743874,5.370544188771979,21.689451263445648,-0.0019635679480964857,0.23709810076975232,-0.6786595495891838,0.24765605115970368,0.9263156007488875,0.0651028308734708,0.3598580388957081,-0.06439474651873875,0.3985807512445461,-1.1615864899790793,0.32556105333026086,1.4871475433093402,0.10696009851537468,0.5859838045198688,-5.1425516044608284e-17,7.655832768513423e-17,-2.6194324487249787e-16,0.0,2.6194324487249787e-16,2.912765215805022e-17,2.6194324487249787e-16,2.938043170962246
squats_17,squat,134.5635689035152,25.902135646769597,89.33952424026727,170.74752947504274,81.40800523477547,4.930473460857633,25.57313765629499,132.73146572618487,27.995560813206335,96.39671068006466,173.35697494452603,76.96026426446137,4.819077262160837,24.492420640545404,41.91266037620172,30.10701325681206,0.15886189692025582,76.7444790903185,76.58561719339825,3.5954234922530803,17.17012764804694,37.48892511601669,28.34385906131619,1.111960951588125,69.35888422237625,68.24692327078812,3.521528967560403,16.633528936279863,110.91322743277243,55.1845782612452,39.08208742500909,179.1348631081294,140.0527756831203,6.29074745913147,19.150412258112837,111.87751992553567,55.47906427638322,40.9390510419281,178.3060414450573,137.3669904031292,6.153311146848162,19.220427258036395,107.39809109584235,56.40986052939338,34.501037533297975,177.6722401619138,143.17120262861584,6.536351507281203,19.202332567133226,108.58609987484829,54.21354707436066,37.914504835580914,173.00929259389844,135.09478775831752,6.234126330095865,20.768130367678623,0.49262662302512333,0.3839639169354994,0.06857570950282943,1.0681829289003169,0.9996072193974874,0.04631089286260933,0.1941802286046086,0.5504944687868795,0.4112780917722367,0.11053863086309845,1.0829490032676516,0.9724103724045532,0.04302641633801688,0.16319809995966295,-3.290192192769344e-17,5.964394279591613e-17,-1.4311468676808659e-16,0.0,1.4311468676808659e-16,2.443567379091468e-17,1.4311468676808659e-16,0.6689198201490548
squats_17,squat,140.48924875100928,28.521224186724012,88.04758963972219,170.74752947504274,82.69993983532055,5.664002873718547,25.57313765629499,137.8078582842772,28.900843905015567,89.63040201207366,173.35697494452603,83.72657293245237,6.006989576360159,24.492420640545404,25.805395120060098,19.73139985273015,0.15886189692025582,54.95572192589919,54.796860028978934,4.155296990026413,17.17012764804694,21.253160602740362,18.148462776320088,0.6276625452132464,54.36092635551218,53.73326381029893,3.8818070136986087,16.633528936279863,141.60515983683715,35.959892777605866,60.92274875026041,179.1348631081294,118.21211435786898,6.265753044218369,13.06509289464016,143.44797932234587,35.5140393696102,56.51313997032315,178.3060414450573,121.79290147473415,6.245538094023924,13.62216863002476,138.16856015381381,37.13186626744102,55.3320340153593,177.6722401619138,122.34020614655451,6.594941351618357,13.662403801488239,138.81684458128217,34.48175371007874,53.43476587479178,173.00929259389844,119.57452671910666,6.065431302656598,13.072464941835335,0.6607321781280094,0.31301562880853356,0.1839737522278846,1.0681829289003169,0.8842091766724323,0.060810925661520264,0.1941802286046086,0.7349930000094457,0.32814939811870253,0.19566140115675512,1.0829490032676516,0.8872876021108965,0.0575531358547638,0.16319809995966295,-3.290192192769344e-17,5.964394279591615e-17,-1.4311468676808659e-16,0.0,1.4311468676808659e-16,2.9370662989814214e-17,1.4311468676808659e-16,0.7829477072414393
squats_17,squat,115.8955703033578,28.51797010306926,78.04664519240256,164.22598176142486,86.1793365690223,6.524398558234843,19.5477823517124,108.61793798473913,26.169900977071407,75.91741898664348,163.43222000131811,87.51480101467463,5.933859061604552,18.984323067585578,41.67416887240738,16.583316274543574,4.937623582392242,59.279866123897456,54.342242541505215,3.9643344355067014,11.993724833626256,34.698173706757125,19.00175713558941,0.4621944443402613,54.36092635551218,53.898731911171915,4.232331028357974,13.532609120318781,99.22391733776412,43.36384427224879,39.74514700727771,174.41044357190677,134.66529656462905,8.476746292782593,18.702520258049077,101.48124188193141,44.30061964545639,41.281050291432145,171.45246835131468,130.17141805988254,8.42850893564351,19.393518711279512,93.59787142199616,43.57020765242111,35.491915643499446,170.78175141427985,135.2898357707804,8.423025462451099,19.154883522903432,96.39621883135494,43.21140892774535,37.72345809127221,162.1452017695156,124.4217436782434,8.119934490285614,20.276621795039276,0.4066320523137809,0.2896954079328362,0.12299916852879922,0.97268937164922,0.8496902031204208,0.06170609891759457,0.1904195816303525,0.4360014580323738,0.31848402420376,0.06750132449545188,1.0518664485480496,0.9843651240525977,0.06827609901500956,0.18088647679949943,0.0,0.0,0.0,0.0,0.0,0.0,0.0,0.6175194392834567
squats_17,squat,133.4664048392832,36.37644835887076,78.04664519240256,168.03075619236103,89.98411099995846,4.534745225476189,19.5477823517124,128.57513505131905,38.47850859835267,75.91741898664348,168.16922502269776,92.25180603605428,3.9640281641516206,18.984323067585578,24.302362454238967,23.412688992873523,0.08570433961658554,59.279866123897456,59.19416178428087,3.0534183211419266,11.993724833626256,22.46624744738394,19.780764663488355,0.4621944443402613,52.51617513029885,52.053980685958585,2.798407802381826,13.532609120318781,126.65368364917677,56.50651691392652,39.74514700727771,179.77880209082244,140.03365508354472,5.609792842876152,18.702520258049077,128.20136609862868,56.29445509073864,41.281050291432145,179.4073189600298,138.12626866859767,5.208437284145965,19.393518711279512,121.68445212990677,57.56998948090885,35.491915643499446,178.40990360813188,142.91798796463243,5.754979626064013,19.154883522903432,123.55245051837998,56.51687152028816,37.72345809127221,175.7998755334866,138.0764174422144,5.247643828396271,20.276621795039276,0.643477036776479,0.367239354875858,0.12299916852879922,1.0408908235885728,0.9178916550597735,0.047112186236589,0.1904195816303525,0.7067910478849698,0.42946001421792096,0.06750132449545188,1.0995971911326268,1.032095866637175,0.04419785486266553,0.18088647679949943,-3.3509075144285323e-17,6.074649049457136e-17,-1.465841337200402e-16,0.0,1.465841337200402e-16,4.465417499367885e-17,1.457167719820518e-16,0.6576552773045397
squats_17,squat,144.37168204513938,26.898757521346795,81.90319858195754,168.03075619236103,86.12755761040349,3.817729169373402,11.062093015423741,137.89841085212737,29.463583518488832,84.34347537039262,168.16922502269776,83.82574965230513,3.516889305557584,11.560560883472732,21.76926968393629,22.10118300488735,0.08570433961658554,58.27554171335308,58.189837373736495,3.141590538037729,10.792309861310184,20.293833910730633,17.449517975982793,0.11969536019946579,51.00580762875345,50.88611226855399,2.469001172616348,8.715802824832974,140.32781470524642,45.272158954844514,46.77420682715581,179.77880209082244,133.00459526366663,5.42350010202164,12.269212492549286,141.75332913213032,45.53786419339675,43.52695400458937,179.4073189600298,135.88036495544043,5.404149724266985,12.741253585402873,134.9375776359781,46.73371871301633,41.251818522540475,178.40990360813188,137.1580850855914,5.521035400284154,11.888448555094811,137.2017568860992,45.25332212525172,39.72775494328886,175.7998755334866,136.07212059019776,5.363307146322428,12.788854327252956,0.6969243209338875,0.32895682888793204,0.16434978934663336,1.0460612061224759,0.8817114167758425,0.044390771430524015,0.15510675287060727,0.7860073224545963,0.35394076095230687,0.18489455891595263,1.0995971911326268,0.9147026322166741,0.03465496304418387,0.11498831340175253,-3.3509075144285323e-17,6.074649049457134e-17,-1.465841337200402e-16,0.0,1.465841337200402e-16,4.9708800294369886e-17,1.465841337200402e-16,0.5962239652288007
squats_17,squat,123.69252647928951,28.087315002359045,81.90319858195754,167.8407530160989,85.93755443414135,6.837943831980229,21.194800392719984,115.53635607371037,27.74475099350479,80.94221944190323,167.42721396826207,86.48499452635883,5.560848428863854,21.626916698394524,36.087609284215226,19.797704497942785,3.0816827195528527,59.07781523212685,55.996132512574,4.698523718094019,14.963718584546843,28.135332422114804,19.286708716356166,0.11969536019946579,51.00580762875345,50.88611226855399,4.137600315764858,14.176770320928796,105.3729337344998,44.43332957208354,40.77544165453991,172.1801772601239,131.404735605584,8.98690916552624,21.904974761864295,108.51479128457224,46.18241892007828,39.264524964789196,173.7946937409101,134.53016877612092,9.170095681958605,23.741840049086846,98.29849475186064,44.69200984113805,35.5465099931972,169.39759657449278,133.8510865812956,8.964894072919233,22.052561489851982,103.58690712260896,45.208590176353795,35.65554578868429,170.18658624920405,134.53104046051976,9.042861192842913,24.235685748591443,0.5180254817324672,0.34285177633903646,0.14749398527923807,1.1100973088837471,0.9626033236045091,0.07235529281744994,0.20619835196959835,0.5704744424393966,0.35990606344530457,0.14083538836476894,1.1302570993969088,0.9894217110321398,0.06819385140741253,0.17761117101826662,-4.6837533851373795e-18,2.5222783894938913e-17,-1.4051260155412137e-16,0.0,1.4051260155412137e-16,4.8452621225559095e-18,1.4051260155412137e-16,0.5871714959039561
squats_17,squat,145.83003832058668,31.398596322034358,82.96610282885906,171.10197454307416,88.1358717142151,4.8631406815233715,21.194800392719984,140.82744083489155,32.37078267449251,80.94221944190323,167.51602298795783,86.57380354605459,4.048993850364121,21.626916698394524,18.186396804024827,20.535566660705225,0.5885798944727415,59.07781523212685,58.48923533765411,3.0429210984772324,14.963718584546843,16.94562363528507,15.812293974388918,0.52629435808579,50.69277953991763,50.16648518183184,2.759013111993256,14.176770320928796,141.17258786671215,49.45087338907226,40.77544165453991,179.81084127865483,139.03539962411492,5.443502769473506,21.904974761864295,142.9617974481929,48.591465186921674,39.264524964789196,179.91556956835745,140.65104460356827,5.368818583042292,23.741840049086846,137.50335549726987,52.12099105018521,35.5465099931972,179.93934610483885,144.39283611164166,5.554346667873441,22.052561489851982,140.26334753625727,49.813532908386584,35.65554578868429,178.07971468398443,142.42416889530014,5.251118408881029,24.235685748591443,0.7778675954687164,0.3236774595196615,0.14749398527923807,1.1100973088837471,0.9626033236045091,0.05686403399452848,0.20619835196959835,0.8678733258557708,0.3642989835246899,0.14083538836476894,1.1302570993969088,0.9894217110321398,0.04407778789287125,0.17761117101826662,-2.925900262814215e-17,5.854003512605073e-17,-1.5135462327897642e-16,0.0,1.5135462327897642e-16,5.024716275243165e-17,1.5135462327897642e-16,0.6806464107923317
squats_17,squat,145.4025079353711,28.1518600353137,77.18716013783606,171.10197454307416,93.9148144052381,4.525803855616631,16.648608676006205,139.36874634361465,25.518998721479637,88.19209550899191,167.51602298795783,79.32392747896591,3.78116491634366,15.01184629794514,24.600591847742578,22.863951052418816,0.5885798944727415,58.82060289812122,58.23202300364848,2.896144916868821,8.301606380857613,22.335034762678617,17.00951598551067,0.9517570389412647,52.158006276792605,51.20624923785134,2.45714685969931,8.224947655276846,139.9410407936797,45.98165139693534,44.75049934628074,179.81084127865483,135.0603419323741,5.14629883217279,13.06644997140863,140.35181978643087,47.132792471426185,39.27160983925284,179.91556956835745,140.6439597291046,5.370252884974618,13.991832997364412,136.81928427589733,47.711468233427865,41.59979515607343,179.93934610483885,138.3395509487654,4.9992296127968885,12.208188364746093,138.5977444084352,46.40894376083278,39.26917829559272,178.07971468398443,138.8105363883917,5.0110774468415595,13.66715476377911,0.668883307623288,0.3401382104465835,0.16096350966582273,1.0585925607608526,0.8976290510950299,0.0465539372548725,0.13413340630409964,0.7705690680009317,0.3563237482008003,0.210793990969947,1.1139798517994661,0.9031858608295191,0.036817354559604824,0.15922180597824698,-2.977941967093519e-17,5.95867974766222e-17,-1.5612511283791264e-16,0.0,1.5612511283791264e-16,5.1323887668555186e-17,1.5612511283791264e-16,0.6654822687228221
squats_17,squat,129.9808995424642,35.467424018772356,0.3059746349575775,167.54015765757612,167.23418302261854,15.25047565032197,134.4848078784478,127.73392019109863,27.928851868736952,73.27673953745554,171.26160169734726,97.98486215989172,7.145821382787233,26.326322451430954,39.0249639648434,18.53193329263726,5.287899003842125,58.82060289812122,53.532703894279095,4.925682375141179,13.532203498595578,29.827119425630187,19.561377683016023,0.16007552959036667,59.444158341811956,59.28408281222159,5.280953991156089,21.66199830809617,106.53224493468855,43.27830722303755,43.81593162909376,176.90964850231293,133.09371687321917,8.83344067980736,18.719419043854074,107.72090971173876,46.6262668108739,39.27160983925284,177.39720724244893,138.12559740319608,9.267139439972299,21.534190778932356,101.3481894316087,43.402587513795446,39.93289664826361,176.31942545809898,136.38652880983537,8.803460569214417,18.25083200088359,105.21415536178029,44.20377430006939,39.26917829559272,173.75831478267693,134.4891364870842,8.875038435477995,21.16424125722422,0.524514839014606,0.3291824113351479,0.16096350966582273,1.0896705800671895,0.9287070704013668,0.06210514506772997,0.17007723495106797,0.5932906678308831,0.3503520883401177,0.20835226555780484,1.1511951037369312,0.9428428381791264,0.060664346646348954,0.2224106647533577,-9.8879238130678e-18,3.7052085381782596e-17,-1.5612511283791264e-16,0.0,1.5612511283791264e-16,1.5074148825729497e-17,1.5612511283791264e-16,0.9112289694763781
squats_17,squat,148.58053919710804,33.6225574790502,0.3059746349575775,171.51668315863483,171.21070852367725,12.950831014585065,134.4848078784478,148.28753884354165,28.37245496116277,73.27673953745554,171.40770582164276,98.13096628418722,6.7423340561227745,26.326322451430954,20.921572794881072,19.560683213104376,1.1543017140245553,58.36880335488854,57.214501640863986,3.982999415412432,13.532203498595578,15.874965343670741,17.907635804401618,0.16007552959036667,59.444158341811956,59.28408281222159,4.326612636997019,21.66199830809617,139.73592456066126,45.73893702175439,43.81593162909376,179.91831800586013,136.10238637676636,6.43547245993745,18.719419043854074,140.5866925844643,46.73598988497673,40.12227351321236,179.47760494998838,139.355331436776,6.410612924241434,21.534190778932356,136.3741338644384,47.3704759615942,39.93289664826361,179.89222761087444,139.95933096261084,6.511249271438451,18.25083200088359,138.19880526071444,46.10556328476504,39.451523456189854,178.5044243737693,139.05290091757945,6.376087491174246,21.16424125722422,0.7998993899440466,0.285347879140994,0.2239560131339141,1.0896705800671895,0.8657145669332754,0.0557946829773462,0.17007723495106797,0.8911957085746619,0.33255392430154945,0.20835226555780484,1.15626174641322,0.9479094808554153,0.05313661023383353,0.2224106647533577,-3.356689926015122e-17,6.091990153026792e-17,-1.5872719805187785e-16,0.0,1.5872719805187785e-16,5.981805089575197e-17,1.5872719805187785e-16,1.088187065186301
squats_17,squat,141.1354853515925,21.667602444290946,114.92765247892731,171.51668315863483,56.58903067970752,3.428348670008971,10.791423760869762,135.965222658662,26.069938162898296,99.69190096387315,171.40770582164276,71.71580485776961,4.628816671758455,16.663943057666756,33.29340342499885,26.13910792536947,1.1543017140245553,72.14833015241346,70.99402843838891,2.8545428601535265,7.175090850966221,31.404150475492838,26.776831628130388,0.3374890851024625,71.20197612543086,70.8644870403284,3.3282189505660287,9.166114802288163,121.50286632261572,52.270582222935396,44.44459566221675,179.91831800586013,135.47372234364337,5.44563035370744,11.306594771058869,120.5330930088841,54.662060211174754,40.341288437013816,179.47760494998838,139.13631651297456,5.655392923843287,14.165028230109286,117.32472199932103,54.86861198406493,38.080521108268485,179.89222761087444,141.81170650260594,5.497562133646892,10.845277454971665,118.17384148507797,54.96647730122108,36.441500693616184,178.5044243737693,142.06292368015312,5.651158665012376,13.715010361543662,0.5873234290697603,0.3596068535810163,0.11710116358781453,1.0331798934898015,0.916078729901987,0.04299170945987397,0.11562853287783487,0.6607298015866141,0.4158807376927082,0.13390812823983456,1.15626174641322,1.0223536181733857,0.04431152862836524,0.15771762561382086,-2.8883145875013836e-17,5.784123649765603e-17,-1.5872719805187785e-16,0.0,1.5872719805187785e-16,4.5312173553532115e-17,1.5872719805187785e-16,0.6400040874048829
squats_17,squat,141.04410477337305,21.477014614346146,114.92765247892731,172.34725823400018,57.419605755072865,4.075600992060432,18.7948627325831,132.06742655971624,22.318258814544247,99.69190096387315,167.4017404714875,67.70983950761435,5.237794877269914,20.65107084500356,41.726103917421604,24.040535165279685,5.761080544901584,72.14833015241346,66.38724960751188,3.8707570132165596,13.129130501727236,39.010708370662094,24.46415459039977,0.7960931225846967,71.20197612543086,70.40588300284617,5.217409898453203,20.087864688940673,111.88428659028813,48.046374684573166,44.44459566221675,179.66381139027288,135.21921572805613,7.409656438477592,20.053297445908058,111.72331193674545,51.13554545391535,40.341288437013816,179.79325698806832,139.4519685510545,7.922801970865079,22.017916855908332,107.05934037505843,50.705268235181684,38.080521108268485,178.40644945142498,140.32592834315648,7.760736616488545,18.875723225977495,108.88510319980546,50.669136643207835,36.441500693616184,176.04347660082962,139.60197590721344,8.006758306520666,23.615015786933817,0.5125102031303224,0.34487558857317485,0.11710116358781453,1.1054473822242803,0.9883462186364658,0.059881521015559734,0.2102029743462429,0.5584380749531023,0.3842335633132487,0.13390812823983456,1.1620039630237726,1.028095834783938,0.06277723283595188,0.20108602426605238,-2.365006338915047e-17,5.291803905362443e-17,-1.5092094240998222e-16,0.0,1.5092094240998222e-16,3.4574833417744635e-17,1.5092094240998222e-16,0.5916910094478434
squats_19,squat,48.09254528953136,1.4715775851728707,45.47067912455274,51.57624554023679,6.105566415684052,1.073771268737877,1.8808684589059013,49.69585147367848,50.6238285639991,0.9180401859234113,178.61187757438117,177.69383738845775,29.49760736686193,110.50485565436348,24.523573910491574,3.56981806487991,16.52322201828525,28.62465008730001,12.101428069014762,1.1884483107880925,2.763693406261794,51.838714193465336,4.0321541982383104,43.681123986132675,58.06219913288166,14.381075146748984,1.965424150210309,4.907561834147572,113.57644607652924,20.17785913505528,86.9718430631885,151.93622607511682,64.96438301192832,5.3682622271049825,9.567049010321853,91.9868125875096,20.472124512476064,65.85449200455764,127.55613620882906,61.70164420427142,4.6801610088042445,9.495255154041146,111.20230591078567,19.18411074395379,86.8124158651625,149.6639605137859,62.85154464862339,5.23273447154365,11.112084706707535,96.70785373372983,19.580999020327564,73.27015447130879,131.97193934787884,58.70178487657006,4.629799449497851,8.877548870876296,0.13951730152402908,0.030955943226097713,0.0845498803687269,0.1975492896946145,0.11299940932588759,0.014467162807706834,0.038907211350242,0.37818552872718864,0.10537638332637575,0.14044326449096978,0.5986333963799351,0.4581901318889653,0.07846606424950783,0.2868948863026993,0.0,0.0,0.0,0.0,0.0,0.0,0.0,1.6938036092767668
squats_19,squat,47.331863564785394,1.8518615123832403,43.43800903982213,51.57624554023679,8.138236500414664,1.261109047045362,3.5523670480846903,77.17747918033378,61.25845060109572,0.9180401859234113,178.61187757438117,177.69383738845775,50.615463751012854,171.0523826330625,22.996154248404352,4.311608096257618,14.122203883803204,28.62465008730001,14.502446203496808,1.4109580931187216,3.1433406731795035,46.81601739686496,6.218124905618581,37.436650445946846,58.06219913288166,20.625548686934813,1.7613059777830495,4.825600291225605,121.99565848331852,18.778317141487676,90.01204244341938,147.66808521692818,57.6560427735088,5.252639861728016,9.493226992815579,99.04419209828079,21.598509933910545,65.85449200455764,132.2990116952405,66.44451969068285,5.4003994419754395,9.495255154041146,119.10568067908001,17.569485325845978,88.1565798839053,145.02974237867514,56.87316249476984,5.017319855293666,10.834571497166309,103.65721013788796,19.0897371305646,74.60117651567737,133.41680494628542,58.81562843060806,5.155401011415427,9.118010352912165,0.14893210778588273,0.0344648358208197,0.0830400004105808,0.1975492896946145,0.1145092892840337,0.01681338628734449,0.042055092172544106,0.42338874152125106,0.08730617562604431,0.2593308523741078,0.5986333963799351,0.33930254400582727,0.07145690208762655,0.22818653428206503,0.0,0.0,0.0,0.0,0.0,0.0,0.0,2.643305042337357
squats_19,squat,46.52878221090261,1.6419653969912247,43.43800903982213,51.2443617232953,7.806352683473172,1.2161130610574498,3.5523670480846903,104.03722139428119,58.325775537574884,2.0529506982428103,178.56014984836986,176.50719915012706,55.38111021063323,171.0523826330625,21.203364017676993,2.918397530514239,14.122203883803204,24.540798630037745,10.418594746234541,0.9908553611167527,3.1433406731795035,43.533918715211804,2.756990927862576,37.436650445946846,49.505468826349144,12.068818380402298,1.402853342480135,4.889781873289444,115.81007830132626,21.576940506077623,80.87995758885536,147.66808521692818,66.78812762807281,4.581622167571566,7.996108566175948,100.90795729622936,19.890897511972973,69.00624944398811,132.2990116952405,63.292762251252384,5.044477278635803,9.795163414849583,112.48612483864854,20.637127632205456,77.0185950750894,141.53453686290146,64.51594178781207,4.62931325599779,8.253055081967815,101.41807715680042,21.72375028625894,67.19898130715227,133.41680494628542,66.21782363913316,5.393172076113893,9.45482987913492,0.15386167912111479,0.03672870262867868,0.0830400004105808,0.2084525631869505,0.1254125627763697,0.016662905233296416,0.04500303180294596,0.4431693002521065,0.07413938061059773,0.2689463857093758,0.5646626866983209,0.2957163009889451,0.059534645152442486,0.17210796087935037,0.0,0.0,0.0,0.0,0.0,0.0,0.0,3.0022992821539116
squats_19,squat,47.62247657095499,1.8116739470475764,44.26529129863106,51.14761416084018,6.882322862209115,1.10441243434607,4.567024434596803,71.1414493153682,64.36010004961454,5.073399558705406,178.56014984836986,173.48675028966446,33.27582966391734,139.5714931410269,24.476219298309093,3.206431122309967,20.439534419087323,31.440487982583605,11.000953563496282,0.6627910274783687,3.026189561656036,45.61124404117792,3.3375242837341883,37.58235311590138,52.43013978485112,14.847786668949745,1.834648331251521,4.889781873289444,102.7408463799003,17.610509092431162,76.22440986556565,130.40789182602614,54.1834819604605,4.368753809838356,7.53354006182515,89.1857240982517,18.349278663085602,62.776719072289175,118.43709577171671,55.66037669942754,4.28127975466206,9.795163414849583,102.65143843354966,20.059724448940212,75.52048392874302,136.57535590247588,61.05487197373286,4.988793671794465,8.253055081967815,100.64151423489531,25.69366782167839,67.19898130715227,150.58172294554092,83.38274163838865,5.8949452894002095,14.802715987500974,0.17018982265074936,0.02865146506456994,0.10854343191106786,0.2084525631869505,0.09990913127588263,0.013755811324770262,0.0557421456291719,0.3622444962927777,0.12647521616371368,0.11724585290095202,0.5490323054047679,0.43178645250381587,0.05438339324538105,0.17210796087935037,0.0,0.0,0.0,0.0,0.0,0.0,0.0,1.8878934628978457
squats_19,squat,49.21216753586943,2.0280396387547412,45.93829282392537,53.39329059397734,7.454997770051968,1.1210347125678817,4.567024434596803,23.19363337107512,27.536368763208163,1.1446713613259203,144.6448926997323,143.5002213384064,18.138596967512196,139.5714931410269,24.66342818441802,4.6154872869987935,17.28424932295713,31.440487982583605,14.156238659626474,1.2441614995635444,3.383719520396994,46.08573446420941,5.216594378149625,37.58235311590138,56.74152644475749,19.159173328856113,2.102120229985046,7.452657934355699,113.89326412012146,21.581980087464153,76.22440986556565,142.02784234800274,65.80343248243709,4.504211811048804,10.243358195202646,98.94586682269842,23.06373824636857,62.776719072289175,132.92695775229862,70.15023868000944,4.777574526563916,8.89591312838131,115.5368073152045,23.319425324415075,75.52048392874302,146.35057401930683,70.83009009056381,4.928563707799803,9.906376664786194,118.4967946404387,23.061893251848474,81.73025315872876,150.58172294554092,68.85146978681216,6.1840899659806725,14.802715987500974,0.15719055612158145,0.03030393243547096,0.10854343191106786,0.20742724650687994,0.09888381459581208,0.013694285061498137,0.0557421456291719,0.3023533260582863,0.08968048275268298,0.11724585290095202,0.451892052838143,0.33464619993719097,0.05572249052023536,0.16040976245925898,0.0,0.0,0.0,0.0,0.0,0.0,0.0,1.1084351125600918
squats_19,squat,48.559974079216886,2.661445339738179,42.0049666127766,53.39329059397734,11.388323981200742,1.2544160885182638,3.492308396999647,39.22739295748742,50.01060845802311,1.1446713613259203,167.59436185634718,166.44969049502126,28.10960953262964,135.97777364441077,23.018307478474526,3.56165820952641,17.28424932295713,31.421026469959163,14.136777147002032,1.0016901643853986,3.383719520396994,48.25702028101124,5.2134031115163655,38.76473300544248,56.74152644475749,17.97679343931501,1.883431198623027,7.452657934355699,109.63232325001589,21.36192477978037,79.19587936271854,142.02784234800274,62.83196298528419,4.852365333860221,10.243358195202646,94.58354600565256,23.050892069734882,66.1519909383956,132.92695775229862,66.77496681390302,5.1641382797549715,11.227180122916081,109.6001148469113,23.24770153533485,78.33448196212329,146.35057401930683,68.01609205718354,5.4299152788514276,9.906376664786194,104.95439262595866,25.964895614881623,69.25198274952676,144.50987714245477,75.25789439292801,5.603428485658963,12.471109679822305,0.16850138182697494,0.0313064730261414,0.11334838198389274,0.22196455791263725,0.10861617592874451,0.015557069285905374,0.047895696808342714,0.37496585252245485,0.08158118497774204,0.20325531877132297,0.5425522014811567,0.3392968827098337,0.05765724496145665,0.20283385360177775,0.0,0.0,0.0,0.0,0.0,0.0,0.0,1.5320370929467517
squats_19,squat,48.12966096785871,2.8633136669482973,42.0049666127766,55.12464194003305,13.119675327256452,1.32115583842285,3.5382819353425248,38.837858337322004,49.47790132340203,2.440841276546526,167.59436185634718,165.15352057980064,28.15787085146713,135.97777364441077,21.832163419173387,3.758952499787613,14.923390871787555,29.848844776123862,14.925453904336306,0.989933617908478,4.7971175713955745,48.76536527404316,3.626231293465276,42.460874483124584,54.53314906328866,12.072274580164077,1.6910621882004873,6.020586951475778,116.81204755775592,23.902265094229282,81.54329779093355,159.18349582103116,77.64019803009761,5.64256536659507,9.275177594020533,97.81842518973254,21.73268867099178,66.47004412235302,132.1621269780959,65.69208285574288,5.647237603108416,11.227180122916081,115.68681895883466,23.824947231055972,78.60591155549817,153.5727945094315,74.96688295393334,5.390370458976533,9.23575708046232,104.13539349760433,23.40369255608867,69.25198274952676,140.88319468527126,71.6312119357445,5.878679055408846,11.744803567233987,0.17086496190803993,0.03825921166246243,0.09209549213344226,0.22196455791263725,0.129869065779195,0.017438669229455764,0.0691354609176481,0.3686292615487894,0.09478051449561974,0.18333861309756827,0.5425522014811567,0.3592135883835884,0.0677471526464401,0.20283385360177775,0.0,0.0,0.0,0.0,0.0,0.0,0.0,1.4256054255721538
squats_19,squat,48.35809315633948,2.5070199064713528,45.09279089403933,55.12464194003305,10.031851045993719,1.2013532029935463,3.5382819353425248,42.20250017621289,42.24620373681208,5.998684327409984,170.4467888687341,164.4481045413241,31.648423689542394,116.03795235717497,23.610713830170905,5.5259650037373405,14.923390871787555,30.349420476298963,15.426029604511408,1.4686023026091635,4.7971175713955745,49.94562960852024,4.4621689072540764,42.645406461924786,59.84359431672485,17.19818785480006,2.3226191542499284,7.658007071617384,123.33037444289512,20.51919947981349,89.31997773210142,159.18349582103116,69.86351808892974,6.076187693553131,9.275177594020533,96.93808310520504,23.031795900045154,61.37561532927779,132.1621269780959,70.7865116488181,5.93900987877513,11.146558130739407,123.06153447445203,18.031739908053368,91.65666283914265,153.5727945094315,61.91613167028885,5.239415046843097,9.394891331440604,106.48801515287879,20.40118235715141,75.53004956734382,140.88319468527126,65.35314511792744,5.517769252454332,10.158971441257592,0.16380145703940807,0.0401160475000669,0.09209549213344226,0.22921851536874804,0.13712302323530579,0.0169431041456491,0.0691354609176481,0.362946296067519,0.10712698394571936,0.16956120716032308,0.5633183070351601,0.393757099874837,0.10228715911451464,0.2610898243567868,0.0,0.0,0.0,0.0,0.0,0.0,0.0,1.609010359827559
squats_19,squat,48.265670850674404,1.7719552018113793,45.09279089403933,52.836078268128276,7.743287374088943,1.302819591551348,4.036442752743589,96.8730034713911,65.34486065077466,6.0059636886296435,179.43133429578037,173.42537060715074,48.35058455881763,143.8996688799244,23.714993198484667,4.965508503486525,13.798251198421147,30.349420476298963,16.55116927787782,1.172178317804023,3.771713151009685,50.111033587607,4.697700697298211,42.300522889623814,59.84359431672485,17.543071427101033,2.053566761594301,7.658007071617384,115.50708663013401,19.770733302236422,83.94283417179652,144.13560336339637,60.19276919159985,4.757093719698215,9.912413584936516,92.90701070212528,23.361372874101868,61.37561532927779,130.5610126442982,69.1853973150204,5.123576855615944,11.146558130739407,117.55862409427867,17.62861630928416,88.45090282178849,145.1809836163832,56.73008079459471,4.592321853682102,9.394891331440604,102.4997981634085,21.20247726510992,75.53004956734382,138.83515630216868,63.30510673482486,4.942475003544915,10.158971441257592,0.16137167874533723,0.04104640503099986,0.08918070937108069,0.22921851536874804,0.14003780599766735,0.01668437816434413,0.07552138065696046,0.44811987685178767,0.0952459803518718,0.16956120716032308,0.5779260644033899,0.4083648572430668,0.0960577035869182,0.2610898243567868,0.0,0.0,0.0,0.0,0.0,0.0,0.0,2.723557875363822
squats_19,squat,47.82218019717276,2.125473619876945,43.05939621575383,52.836078268128276,9.776682052374447,1.116968380635142,4.036442752743589,125.09798305456522,60.317076449104185,12.731026402746037,179.43133429578037,166.70030789303433,48.898589009647395,152.57380051188122,21.673498797187694,3.328847561765656,13.798251198421147,25.796614206337455,11.998363007916309,0.8588765162468648,2.856997352652318,48.853889625144575,4.05422203520645,41.1494622807577,56.152749950454805,15.003287669697102,1.5950545949928254,5.690958185455003,113.46752398270229,22.406415927603977,79.63535001536441,144.13560336339637,64.50025334803196,4.330113493142451,9.912413584936516,98.28043720836602,22.80363445616233,65.84653451193952,130.5610126442982,64.71447813235866,4.379436538508037,10.220356061928669,116.80091476263787,20.776017851886714,83.47963638674706,145.1809836163832,61.70134722963614,4.4182160055752755,8.360465038716114,105.8950801005615,23.744531484096914,72.62722380331229,144.92573451104263,72.29851070773034,5.004462360537523,12.860460899251251,0.1488692950155319,0.03942720238912262,0.08918070937108069,0.19840986354943135,0.10922915417835066,0.016651326047168628,0.07552138065696046,0.46614243120162135,0.07995516906642065,0.1779460530816932,0.5779260644033899,0.3999800113216967,0.0704543605809179,0.31100695534809314,0.0,0.0,0.0,0.0,0.0,0.0,0.0,2.893714294267032
squats_19,squat,47.19945355884144,2.2099335806339875,42.22925003431004,50.57559682143,8.346346787119955,1.075875639542133,3.841936945853263,96.18787634180529,69.36616775613318,5.57846773258947,179.5071233025335,173.92865556994403,72.7054366575039,167.10776020811807,24.074340948155914,3.297017152912286,17.544765539068816,29.696066616716973,12.151301077648156,0.8286386859870487,2.6332800008626904,50.08077083117311,4.151565504045759,41.1494622807577,57.39100542586369,16.241543145105986,1.528578565331668,5.690958185455003,105.99231275907826,21.353337640991334,79.63535001536441,139.2960897596426,59.66073974427819,4.510385558963856,8.489755947566039,88.92806692259093,21.31960344092279,63.5228421155211,123.73365730640369,60.210815190882585,4.345219360099723,9.308504029464558,107.12887835515322,21.003268931820095,78.46361764178742,140.56657457017482,62.1029569283874,4.5810809144990765,8.687365557912443,102.01884650736153,23.733897991924803,72.62722380331229,147.96719044939903,75.33996664608674,5.315035064567261,12.860460899251251,0.17084584397254693,0.03991473683605771,0.0928272986108345,0.23347528203645362,0.14064798342561913,0.018707318346094896,0.0761373430580593,0.4408835368062097,0.08002225629195289,0.1779460530816932,0.5336935822380762,0.35574752915638297,0.08215317065974655,0.31100695534809314,0.0,0.0,0.0,0.0,0.0,0.0,0.0,4.060348912080807
squats_19,squat,47.59109344552834,2.1524891568929245,42.22925003431004,51.142061318728864,8.912811284418822,1.189394395361273,3.841936945853263,101.03898111778882,66.46113853048888,5.57846773258947,179.5071233025335,173.92865556994403,64.56131074880787,167.10776020811807,22.977952507670807,4.597040817227772,15.116705066897312,29.75034738851137,14.633642321614056,1.235187177473918,3.8649175347254037,49.31770192939417,4.8159251954147875,41.312899655380825,60.30721602602816,18.994316370647333,1.861935987846646,7.037123474018401,116.08185572363972,20.365320644722637,80.2768359512983,142.72780211946775,62.45096616816946,5.179644309929507,9.386953919961414,99.30340797308197,22.23710938761619,63.5228421155211,132.66328608270837,69.14044396718727,5.598423597256403,10.352516080273148,115.87648844812547,20.822147670081815,78.46361764178742,143.10980925187425,64.64619161008683,5.211539108262767,8.920838184773018,115.87896416258435,22.304529302610035,79.58169454434064,147.96719044939903,68.38549590505839,6.050929662182922,12.400033989891142,0.16949404264854157,0.03757459108058672,0.09989301585125465,0.23347528203645362,0.13358226618519897,0.01729953321254985,0.0761373430580593,0.45740907249659135,0.06173375142730447,0.3540983280966281,0.5791435483683838,0.22504522027175566,0.06984045859540997,0.184819937052616,0.0,0.0,0.0,0.0,0.0,0.0,0.0,3.1236911022843503
squats_19,squat,47.5221131308905,1.635542860152095,44.3294037731952,51.142061318728864,6.812657545533661,0.9935401336979822,2.966488935788952,104.30823824375956,61.87869985613426,2.926155387639216,179.97339047246848,177.04723508482925,55.512318777142646,144.9201906182974,23.14590842129959,4.3570334639597394,15.116705066897312,29.75034738851137,14.633642321614056,1.2989413426003553,3.8649175347254037,50.52928994431295,4.518472511749485,41.312899655380825,60.30721602602816,18.994316370647333,1.8805968506397663,7.037123474018401,110.99894341961406,20.73545803213949,78.39590613029218,142.72780211946775,64.33189598917558,5.040814052642825,9.386953919961414,94.94000617245268,22.27468847978052,62.752993466514404,132.66328608270837,69.91029261619397,5.555130576150039,9.37891219110982,111.78368092555063,20.35424740535463,78.17842142049038,143.10980925187425,64.93138783138387,5.0600814397405705,8.626679855604309,104.96769027764786,25.238048544003515,67.43079902446517,141.4062216282408,73.97542260377561,5.801785268951583,12.400033989891142,0.1657056918075577,0.03067398051811578,0.09989301585125465,0.2112629486533082,0.11136993280205354,0.011622375594893335,0.037353219042609576,0.4605161853493584,0.06052864253150599,0.3323909406849329,0.5791435483683838,0.24675260768345086,0.06632917220161154,0.184819937052616,0.0,0.0,0.0,0.0,0.0,0.0,0.0,2.7815230624110905
squats_19,squat,47.411455240026086,1.8053224916008743,44.17313422670872,53.614674772722985,9.441540546014267,1.04805148127689,4.0940179008994875,72.09320318573876,62.89774817746014,1.3908970492653947,179.97339047246848,178.5824934232031,56.7067456809078,143.6743269285121,24.129243556441796,3.844304905832887,16.460597098279,28.616601147431282,12.156004049152283,1.0447115266930178,3.4680561369175322,51.12004070267418,3.7909007122450293,44.353540541263236,57.26319679403628,12.909656252773047,1.626393905820165,4.299722810622633,113.29678338178395,24.98364862066463,78.39590613029218,158.99937942994052,80.60347329964834,6.043495837646339,10.081351632066458,91.184767405258,22.575068315943344,62.752993466514404,128.2989794839745,65.54598601746011,5.502471800109431,10.795504412360401,114.06611077774008,23.409233426970534,78.17842142049038,154.54315407659513,76.36473265610475,5.658811491413344,8.832577108282692,99.59558060927556,22.22788675768182,67.43079902446517,138.21930198337918,70.78850295891401,5.487830921611226,9.430524976109467,0.16840247998909502,0.033818652012770054,0.10147883867014096,0.22415249289868444,0.12267365422854348,0.013600819685664949,0.05082753490499614,0.4219805661263975,0.06732388747627906,0.30399331897479176,0.5550544943002529,0.25106117532546113,0.07299285476349676,0.18869935268559473,0.0,0.0,0.0,0.0,0.0,0.0,0.0,2.6628009056463733
squats_19,squat,47.62609193639388,1.9157298714113198,44.17313422670872,53.614674772722985,9.441540546014267,1.3234088404827578,4.0940179008994875,66.17839696109165,64.06693464895854,0.4863849394519353,179.14665887549106,178.66027393603912,38.244493377657996,143.6743269285121,22.5670034859544,4.021218879186639,16.460597098279,29.30638183375897,12.84578473547997,1.149398759293663,3.4680561369175322,52.99411645725618,5.663938421548585,44.353540541263236,64.69987705752249,20.34633651625925,2.0372852059363296,4.856211924458485,124.46289784056243,23.341709932287486,81.05406506030421,158.99937942994052,77.94531436963631,6.125312409837793,10.081351632066458,97.34341367643007,25.700877361257444,56.77638777341582,132.83913715516383,76.062749381748,5.6965515299084,10.795504412360401,125.51226535692923,20.25401457839264,88.06336445803436,154.54315407659513,66.47978961856077,5.411804149556978,8.832577108282692,109.03067929575089,21.79958585584059,74.20671828327727,144.19060148930708,69.98388320602982,5.47920417884146,9.788850193978178,0.15633391117079165,0.04335083904546658,0.07303140240918149,0.22415249289868444,0.15112109048950295,0.016350531692715272,0.05082753490499614,0.3954193690916925,0.095583128688549,0.1741522855320935,0.5550544943002529,0.3809022087681594,0.07779613695644041,0.28953025246556474,0.0,0.0,0.0,0.0,0.0,0.0,0.0,1.8823945152606318
squats_19,squat,47.32851126970963,1.2984429052702848,44.92649407267177,50.376433251160435,5.449939178488663,1.151712561794907,3.520531957005808,68.95946112864178,66.21737435591714,0.4863849394519353,179.14665887549106,178.66027393603912,38.619670417545294,147.27850176205882,24.13446888274888,3.6856081465570676,17.51531812333377,29.30638183375897,11.791063710425199,1.052739901546033,2.504745684295365,55.191608426918876,3.869912495924591,49.381304747049576,64.69987705752249,15.31857231047291,1.6733535178304588,4.856211924458485,111.56228762631322,24.171977759886424,77.2331834269073,145.42030377575188,68.18712034884457,4.77218646745475,9.145978594443505,91.64733312571698,26.181377710121243,56.77638777341582,132.83913715516383,76.062749381748,5.107058525821663,10.26564326659701,115.13010790230793,22.205580369332445,82.5885729467209,146.44839181696324,63.859818870242336,4.579918883823494,8.535018331804537,103.77212876069451,25.15757016288793,73.6608519177059,144.8742081331691,71.21335621546321,4.998994267164415,10.580343285736816,0.15629733054475356,0.04035697831994903,0.07303140240918149,0.21355531223233026,0.14052390982314877,0.015756174572829598,0.05727167848012471,0.4128380878142792,0.0961007846909187,0.1741522855320935,0.5497841497058884,0.3756318641737949,0.06954972558911374,0.28953025246556474,0.0,0.0,0.0,0.0,0.0,0.0,0.0,2.184044146606119
squats_19,squat,48.22712384142819,2.1247139754093403,45.466518137677795,53.294680652883414,7.828162515205619,1.3343925214522436,3.2990770068258612,92.90086817001178,66.1562883852268,4.033551040547117,178.2080927077446,174.1745416671975,53.59000520510494,147.27850176205882,24.656005264030174,3.1538994322133194,19.481211383860682,29.003865392949294,9.522654009088612,0.9254770085322557,2.943768764137836,52.82203315684291,4.39699854285644,43.27489648846203,59.33281331296801,16.057916824505973,1.8301483663166536,10.303291977991016,110.84641454555296,20.943428772741917,77.2331834269073,141.38987557549066,64.15669214858336,4.373308157610986,9.145978594443505,98.20474674834709,23.013044945319752,63.21353145520697,131.625510142735,68.41197868752803,4.572902385105679,10.26564326659701,116.74482182621838,20.658388462331185,82.5885729467209,146.18459042050907,63.596017473788166,4.61243089434765,7.703825113220205,111.49074747719915,27.46788307620427,73.6608519177059,156.13976600044336,82.47891408273746,5.416064578592956,10.580343285736816,0.1404335967935562,0.03052599213986417,0.09535802098326596,0.1907441155837335,0.09538609460046754,0.015444824883783419,0.05727167848012471,0.4322024350170925,0.08115827181708198,0.21334760888544246,0.5713566041229436,0.3580089952375012,0.07607545872672376,0.2674717308232816,0.0,0.0,0.0,0.0,0.0,0.0,0.0,3.0398375107266764
squats_19,squat,48.175443142132,2.4105826820404865,43.59516238205422,53.294680652883414,9.699518270829195,1.391528622603837,3.723764934688134,79.99332444061129,70.34083052053414,1.8305680624703717,170.3629351420059,168.53236707953553,51.36737831890871,162.2328848740163,24.69291446966073,2.3387845599357493,20.081132296547686,28.05567019981118,7.974537903263492,0.9274079044578254,2.943768764137836,51.688620453766774,4.672821110752952,43.27489648846203,59.33281331296801,16.057916824505973,2.042579961136035,10.303291977991016,104.93167782234262,19.622077995641032,75.50455476552315,134.2037920115219,58.699237245998745,4.623378497771332,8.87802173002305,90.64865402650715,20.916994727734735,62.63001591157732,122.08349427876566,59.45347836718834,4.531812318340302,7.750667567137953,108.03130445431457,22.015007482801597,73.36993530537754,142.98029446715427,69.61035916177673,5.05058066108998,8.571610015745392,107.86506269026064,24.83765805130685,77.65645163038594,156.13976600044336,78.48331437005741,6.021836336705681,12.247768018445527,0.15609883029145358,0.037700907977265316,0.09535802098326596,0.22009876435380027,0.12474074337053431,0.01636878528572756,0.07702764544657692,0.41324443200898453,0.09123314857462247,0.21334760888544246,0.5713566041229436,0.3580089952375012,0.08371807966695041,0.2674717308232816,0.0,0.0,0.0,0.0,0.0,0.0,0.0,2.7550907314304642
squats_19,squat,48.902553482381634,2.8749080890363654,43.59516238205422,56.35108476839935,12.755922386345134,1.3935791100086192,4.041792570911703,52.63914202827704,57.5095791894842,0.18914909326466012,172.08303374431128,171.89388465104662,36.34920428264861,162.2328848740163,23.9636125487188,2.0710324689623714,20.042272835131566,27.938181190006933,7.895908354875367,0.9057402331152392,2.68602961054372,50.46438267251562,3.681270072450099,45.19383820545597,58.13189469030495,12.938056484848978,1.7445506359188458,6.125073531752669,108.97159014115674,19.25372362474598,75.50455476552315,134.9239644753378,59.41940970981466,4.708406681055378,8.87802173002305,94.64291113767943,20.648082981305762,62.63001591157732,125.94163289766219,63.31161698608487,4.934542511133047,8.373824635157106,111.58216183368931,22.669946739649568,73.36993530537754,143.4305240578968,70.06058875251927,5.432786634444853,10.403802668327572,111.99163418428924,21.494433178100408,79.0901744782565,148.52073516364916,69.43056068539266,6.380970186906442,12.422440410215856,0.1674054356502722,0.03375523527343838,0.1066989777636077,0.22009876435380027,0.11339978659019256,0.016575953006383613,0.0659709830846138,0.38172802015480023,0.09631577120612295,0.19113328817712816,0.5564936829752464,0.3653603947981182,0.08092004817458066,0.19722558388006262,0.0,0.0,0.0,0.0,0.0,0.0,0.0,1.8825384584289062
squats_19,squat,49.307458296250736,2.3714049130805464,46.06580186012343,56.35108476839935,10.285282908275924,1.1829082584372514,4.041792570911703,82.2183575725557,67.71223197418125,0.18914909326466012,177.7366524742623,177.54750338099765,35.68846684352168,149.47391439735097,23.467699938176455,1.7688341369766418,20.042272835131566,27.253642795458536,7.211369960326969,0.7754270288259345,2.68602961054372,51.4631196424004,4.363825514850033,45.19383820545597,61.70435919091862,16.510520985462655,1.9472213429489973,6.125073531752669,108.08328108985559,18.726712957660236,78.58547843935816,134.9239644753378,56.338486035979656,4.313100597869987,8.045153348056573,93.77161382488653,20.89699226499974,63.10852478267617,125.94163289766219,62.83310811498602,4.9712220851952225,9.585383083830166,111.9527275858912,20.691125090172996,80.71580936386167,143.4305240578968,62.71471469403514,4.885350637314389,10.403802668327572,103.32994301470004,26.381209718155507,66.02261677322808,148.52073516364916,82.49811839042108,6.091825914489852,12.422440410215856,0.16278166315444345,0.03615064172229105,0.1066989777636077,0.2257909628621685,0.11909198509856078,0.017878517512805853,0.06662174250181252,0.39419872404819706,0.11771734622051686,0.19113328817712816,0.5520828365435695,0.36094954836644133,0.07528699506499197,0.2555797840892647,0.0,0.0,0.0,0.0,0.0,0.0,0.0,1.9541507276812815
squats_19,squat,48.48425061697956,1.7561712583547926,46.06580186012343,54.736542951676306,8.670741091552877,1.1211908480209494,3.910641851779843,85.6260996028248,68.0696353785175,0.23920559200909686,177.7366524742623,177.49744688225323,50.99058132156159,149.47391439735097,23.335360824120656,2.4566078756266183,17.73483863153909,27.253642795458536,9.518804163919445,0.8984349591952242,2.1566435699047055,51.77434003958975,4.5886150096250855,43.039167637863315,61.70435919091862,18.66519155305531,1.9691554238549243,7.674282445265213,112.21982569678829,24.350900185308863,78.58547843935816,155.05191709158373,76.46643865222558,5.341844159586056,10.658995545626937,91.21157581498231,22.392780794245475,63.10852478267617,128.20966452238284,65.10113973970667,5.074820822001461,9.585383083830166,114.18554767586592,23.34860085116353,80.71580936386167,151.76232632185025,71.04651695798859,4.936210425456349,8.69546094922596,99.278444504039,23.950010219246764,66.02261677322808,138.0636510462784,72.04103427305033,5.228022372334512,9.4922850775896,0.17056783104390774,0.046334071465027396,0.09467022601347741,0.24266727692222145,0.14799705090874404,0.01886154145072128,0.06662174250181252,0.41851199756559415,0.11370515547221385,0.197888239524163,0.6787385356565396,0.4808502961323766,0.0808161566279955,0.29972510005272446,0.0,0.0,0.0,0.0,0.0,0.0,0.0,2.6713782431649236
squats_19,squat,48.08557564379938,2.30463638352038,42.28513282959616,54.736542951676306,12.451410122080148,1.3850162123321517,3.910641851779843,60.64499272047995,55.61201855317549,0.23920559200909686,166.52521795001653,166.28601235800744,44.53331982808344,145.48272269354982,22.554728413963417,3.3680427190340723,16.521048787655822,26.92533229775489,10.404283510099066,1.056098219867475,2.828867136948407,52.79359782550195,5.79224198660424,43.039167637863315,63.23871511339972,20.199547475536406,2.2458408421187066,8.472259545550209,123.21794390960783,21.48825110479728,85.64649369203488,155.05191709158373,69.40542339954885,5.553033735949907,10.658995545626937,95.01761670637643,24.307907231675287,58.95566111621293,128.20966452238284,69.25400340616991,5.259991975094879,9.999350349209976,125.0092729099351,19.825143994787677,88.605268620759,151.76232632185025,63.15705770109125,4.931791177919511,8.69546094922596,107.5719736401558,21.732092180886298,74.04547286410359,139.30299442530077,65.25752156119718,5.1862293243434845,11.205226561607063,0.17177071749490957,0.048811015906894455,0.09467022601347741,0.24266727692222145,0.14799705090874404,0.01729618447142093,0.06059656524332846,0.3944482236304542,0.10261688482021943,0.23396576882753684,0.6787385356565396,0.4447727668290028,0.09249116632125488,0.29972510005272446,0.0,0.0,0.0,0.0,0.0,0.0,0.0,2.3515439505889555
squats_19,squat,46.80064050230354,1.8703951045686102,41.95068190620126,50.00790024821542,8.05721834201416,1.230187118408411,3.2739220874761514,32.2924769382544,44.732357378604455,1.4365853753032518,166.52521795001653,165.08863257471327,20.503797588539342,123.4612758216422,21.736713426719138,3.7521941093013567,14.319450946667594,26.71341538880653,12.393964442138937,0.985992457764796,2.828867136948407,54.68502432950797,4.788088704410693,45.277056942312775,63.23871511339972,17.961658171086945,2.1425737521036634,8.472259545550209,115.6160944326412,21.812568174874205,80.04094821467231,145.71545355458545,65.67450533991314,4.62296676849415,7.98223162120118,93.28545257974724,24.824573388679667,58.95566111621293,131.993323963409,73.03766284719609,5.012875418605875,10.789833503342862,117.31355658149499,21.56946634342687,78.81763409605246,146.39947994694415,67.5818458508917,4.648344376235247,7.904642370242726,104.45448775533715,25.444560143910135,68.11125520843594,147.3499679011383,79.23871269270238,5.437567989317977,11.666364222766532,0.17314040494026958,0.03377074993916028,0.10494180987342394,0.23511773626363874,0.1301759263902148,0.012509613515323533,0.037457265815447505,0.34836859785985036,0.09238704552461435,0.20255544927031843,0.5658377147833014,0.3632822655129829,0.06484062733454504,0.19826860975413785,0.0,0.0,0.0,0.0,0.0,0.0,0.0,1.2606662784712208
squats_19,squat,45.879708188455545,1.6436739554962112,41.95068190620126,49.095071828116,7.144389921914737,0.9225222027271219,2.8409339361485237,10.745403272384802,10.61027638665064,0.13214090824854924,58.939443835363626,58.807302927115074,7.704546437946459,49.01129841810248,21.630921917608386,3.223543305045348,14.319450946667594,25.468466590011044,11.14901564334345,0.7677332647621607,2.367682679402634,55.58563911901646,3.5179453208424367,47.94511478107791,63.51427008328119,15.569155302203278,1.7657917802652539,6.792820423119977,107.74504318667282,21.92141298096768,77.37417364695413,144.70657140369366,67.33239775673952,4.181566569349824,8.554602873168875,91.9026666475099,23.78868728259808,61.2866969775757,131.993323963409,70.70662698583331,4.438871829618199,10.789833503342862,107.98888305037465,22.94635958519063,75.63252680989707,146.39947994694415,70.76695313704708,4.356741701594681,9.036325134861727,98.62811741594783,26.788836156399082,65.75791336934728,147.3499679011383,81.59205453179104,4.830073720535991,11.666364222766532,0.16403756677977804,0.023380720219515046,0.11161179582188063,0.20727306703531034,0.09566127121342971,0.010913283982565258,0.029954121021228963,0.2971597986764959,0.09066802615326029,0.14835728640201307,0.47655649212075196,0.3281992057187389,0.06813525492845451,0.29061147312133767,0.0,0.0,0.0,0.0,0.0,0.0,0.0,0.6267442356820631
squats_19,squat,54.0429491839845,11.749706799348521,43.199467826915075,86.53866370111376,43.33919587419869,1.8559807626228826,7.978396517059849,44.47162525198824,42.956073498973424,0.13214090824854924,139.63349042932717,139.50134952107862,7.451862998248177,26.645260520412975,16.053590573653516,7.788292155464001,0.40866600313009743,25.468466590011044,25.059800586880947,2.237784935034639,7.095966154674706,37.19956266244696,22.404474787293445,1.6545482540096415,63.51427008328119,61.85972182927155,4.324962370580473,23.18248958344219,117.53022914207376,26.884954912923696,77.37417364695413,157.74506163127546,80.37088798432133,4.9230404036424975,10.21811222486059,99.31101456910511,29.977076508991367,59.19547092945227,143.42857247604866,84.23310154659639,5.770532920926143,17.370085195349674,126.58803722916724,32.275785919598974,75.63252680989707,166.86962996474531,91.23710315484824,3.961996414510772,9.036325134861727,115.11027127767497,33.551687295055494,65.75791336934728,168.3233486909056,102.56543532155831,5.4634605604235835,18.075815559536636,0.34294130729465383,0.24190934446119938,0.11161179582188063,0.8528713601654556,0.741259564343575,0.030382776985434415,0.09846841374146265,0.3768789884555576,0.19536134871125527,0.1451621924796559,0.777860276403495,0.6326980839238391,0.07860378621160112,0.29061147312133767,0.0,0.0,0.0,0.0,0.0,0.0,0.0,0.7888347912512575
squats_20,squat,60.6410774875448,4.564665570972959,52.115288009304436,67.31935774660458,15.204069737300145,1.433787197746875,3.657134954984393,61.6505021807686,5.309694032947595,51.6184542072403,71.34989445158891,19.73144024434861,2.901665142925065,13.977156085991929,64.23964919374892,12.708354648103937,49.05223306832893,84.44300258880597,35.390769520477036,2.225139725562519,6.976852277953441,58.83479806172135,14.875749520558626,41.451212532188315,84.72474967800785,43.27353714581954,3.1035669443866953,7.935512092238383,107.88032659405111,39.24135619764191,43.52763306878043,157.5174881111913,113.98985504241088,6.9545348738512995,15.106931485366658,110.2864452843571,41.675674509806534,38.70859884013951,161.9065567629027,123.19795792276321,7.449823588397678,17.142057588201624,122.08179329377411,32.68140798290993,67.36848835334291,163.90408745674472,96.53559910340181,6.166003467921416,12.299815060450342,124.18414442607494,34.82436313641988,66.96033924551432,168.32139306431105,101.36105381879673,6.480979541155875,17.42674367853678,0.15686662797230755,0.03234586597467947,0.10258803210593193,0.22179748640140384,0.11920945429547192,0.015548500475216994,0.049262031659716765,0.181845445164992,0.06251160852382655,0.06432374595974955,0.26985182332261276,0.20552807736286322,0.018658657404695557,0.03824511743778436,0.0,0.0,0.0,0.0,0.0,0.0,0.0,0.35725248675245597
squats_20,squat,57.27315341041638,3.8577629639625,52.115288009304436,64.87024321540244,12.754955206098003,1.1248346196116372,3.657134954984393,60.87514768248007,5.6809917881168435,48.953592325607076,71.34989445158891,22.396302125981833,3.609545012790054,13.977156085991929,73.4037424278197,10.921605921154189,49.05223306832893,84.44300258880597,35.390769520477036,2.1589516407818343,6.976852277953441,69.34618769491445,13.779656463333229,42.44444531587978,84.92244186380532,42.477996547925535,3.0205072646839706,7.935512092238383,76.07251417987028,35.84966729841343,40.48443125154212,154.82156053904762,114.3371292875055,6.301156610012024,15.106931485366658,75.6601277688918,40.280041534765886,35.484566096252735,160.16109783715729,124.67653174090455,6.912397123192822,17.142057588201624,94.14216884740819,31.044865925508407,59.994956441461426,159.08176224345144,99.08680580199001,5.666961879921493,14.412026539984026,93.16460695824753,33.78275749634563,56.05030721792485,162.50340918127165,106.4531019633468,6.097395506812273,16.62323688280574,0.17529089417716534,0.02832719565316027,0.10346239600784035,0.22179748640140384,0.11833509039356349,0.016708119931080855,0.049262031659716765,0.23131467640936604,0.041189954099216206,0.126892723425295,0.2974143277365889,0.17052160431129387,0.0183001791968383,0.04415020547177251,0.0,0.0,0.0,0.0,0.0,0.0,0.0,0.3969042283105002
squats_20,squat,57.7111454939654,3.4741590434394953,52.201142941070565,63.73103375152424,11.529890810453672,0.9836553464241975,3.437834998333429,54.82001595158456,4.2171031953720375,46.852768073917176,63.02727743470102,16.174509360783844,2.693565620513895,9.523122625889023,62.11898125716151,15.716851401440968,42.74528686067611,82.19475844060916,39.44947157993305,1.959568817419321,6.135718996597376,57.08250810072752,18.100969021832164,37.61003567442934,84.92244186380532,47.31240618937598,2.212718731668171,5.79941621526617,105.48720845504403,49.458953201776154,40.48443125154212,167.3592217587548,126.8747905072127,6.171725261696617,16.827626856197753,104.84016993125884,52.56338327822312,35.484566096252735,169.02564643040492,133.54108033415218,6.218818014967004,15.656247753644777,116.05826840934729,41.42379602105079,59.994956441461426,166.1983887014548,106.20343225999338,5.250023666568307,14.412026539984026,115.32122794359601,44.28660195575601,56.05030721792485,167.28063757004114,111.23033035211628,5.5317474617991635,16.62323688280574,0.16025676102923783,0.030909601176130907,0.11256526010359758,0.22048297898929775,0.10791771888570018,0.016659808185280962,0.05815663207313826,0.18748084170413426,0.06832311478370146,0.0875580910506123,0.2974143277365889,0.20985623668597658,0.02134832217550239,0.06813041949016496,0.0,0.0,0.0,0.0,0.0,0.0,0.0,0.33874512397955925
squats_20,squat,55.543744448121366,5.500930817483495,45.419436611988935,63.73103375152424,18.3115971395353,1.1366350993458654,2.4679081991615277,55.837083213394365,9.236278435839727,34.76320082904809,75.96812947621174,41.204928647163655,4.201221766454173,14.938512660936752,59.081666028557066,12.396854050765576,42.74528686067611,74.57772114432628,31.832434283650166,1.7452581019232927,5.655598112630514,54.961176165841195,15.650347112684809,37.61003567442934,76.58574682328377,38.97571114885443,2.5802389369718233,9.104124811489655,105.90669209853303,48.15747411289189,47.45463256823971,167.3592217587548,119.90458919051511,5.681570436431458,16.827626856197753,106.49794982510122,49.996669817371924,42.04297407815328,169.02564643040492,126.98267235225164,5.932996949121321,15.656247753644777,113.40324022130952,43.44532698080436,56.588544236055604,166.1983887014548,109.60984446539919,4.841880595295845,14.34364054419197,114.21580916164089,44.57960322484818,55.005664359601866,167.28063757004114,112.27497321043927,4.888457888397619,13.034268649070043,0.1896144478733687,0.04874932016791464,0.11256526010359758,0.24561947276197127,0.1330542126583737,0.014305223251691273,0.05815663207313826,0.21336373042350593,0.08578422221752735,0.0875580910506123,0.3202127316382892,0.23265464058767693,0.02171093016477564,0.06813041949016496,0.0,0.0,0.0,0.0,0.0,0.0,0.0,0.45272412836535963
squats_20,squat,51.42375112776111,3.702856700790345,43.73867558043487,58.34392660270248,14.605251022267609,1.3657624008224456,2.9304115381877693,50.633507972797574,12.674556281564316,33.865748331612444,75.96812947621174,42.1023811445993,4.4402684560722765,14.938512660936752,65.24951067912832,8.742784319658696,46.48113466312024,74.57772114432628,28.09658648120604,1.6458655113289928,3.8825284550536736,60.5189354548638,13.314125524855323,36.99782463351455,76.58574682328377,39.58792218976922,2.8836192510750687,9.104124811489655,83.87680415086842,38.362155241982954,47.45463256823971,162.86214028236014,115.40750771412044,5.922996899594301,13.668864165375297,83.30425573087291,39.843058203260725,42.04297407815328,163.79861661016417,121.7556425320109,6.500210823942811,14.978869688527496,94.21900767896572,36.97551314682446,56.588544236055604,167.22554658527696,110.63700234922135,5.83183792369666,13.704856193981314,95.0442872954054,38.85749277791632,55.005664359601866,172.32960141163383,117.32393705203197,6.043298630025491,17.959336246147657,0.19883932110162128,0.04340468672101407,0.09928915240416614,0.24561947276197127,0.14633032035780513,0.015161676693349719,0.04389651709403586,0.24091903559351052,0.07251166254188193,0.0778966175751169,0.3202127316382892,0.24231611406317233,0.017997158178541705,0.05240384074383886,0.0,0.0,0.0,0.0,0.0,0.0,0.0,0.425358843440693
squats_20,squat,52.41398505557689,2.8971803589090097,43.73867558043487,58.00604144035525,14.267365859920375,1.3104892092949043,3.973900227754015,48.23109775715758,10.36780337895842,33.865748331612444,76.58174745074865,42.71599911913621,3.504332005823234,21.56221968520712,59.28533696007833,10.070841341454935,45.45006181446585,73.05539106259369,27.605329248127838,2.0297833458645425,4.73985467379412,50.9731213763555,12.284310664541723,36.95855879103852,71.92934284208816,34.97078405104964,2.734039852982463,7.753685099936959,110.647409653704,41.32284890254078,49.631879140224356,166.4137509912882,116.78187185106384,7.961340987656026,15.540502634998333,112.21797486718576,42.10305151929797,47.084303859153984,167.39041376364708,120.3061099044931,8.112867447113173,17.110623547945792,120.65066573232345,37.8531502558376,59.137813696210266,169.37621840517568,110.23840470896542,7.252539465972434,13.704856193981314,122.7815539273592,39.781510025512915,59.67533691173571,172.32960141163383,112.65426449989812,7.475212500876192,17.959336246147657,0.17534717797428698,0.04504096311837308,0.09319687849574487,0.2670549659274951,0.17385808743175024,0.019616308301850155,0.07595433736720603,0.20945496321024443,0.07991909256585882,0.0778966175751169,0.3192966102316729,0.24139999265655598,0.02026613813400416,0.0631762614955712,0.0,0.0,0.0,0.0,0.0,0.0,0.0,0.31097515512233553
squats_20,squat,51.77744662344479,2.1388593549583637,47.62206924182729,58.00604144035525,10.383972198527957,1.080736406815916,3.973900227754015,55.67589012868612,9.15681034892148,39.843441221265216,76.58174745074865,36.738306229483435,4.431704010209135,21.56221968520712,66.26226942396684,10.873172540971629,45.45006181446585,75.76227546521802,30.312213650752177,1.5142334420553307,4.73985467379412,60.602464826681775,14.626092185675533,36.95855879103852,79.11358578577952,42.155026994741,2.723056165496962,7.753685099936959,86.13710523961312,42.94992832977109,44.09882258709321,166.4137509912882,122.31492840419499,6.150303863929641,15.540502634998333,87.01665189247736,44.926505878964335,41.33584517235389,167.39041376364708,126.05456859129319,6.365156739952302,17.110623547945792,96.94265921481632,39.87978805808384,54.89585814264854,169.37621840517568,114.48036026252714,5.6956329689873755,12.840619209940414,97.26327969365039,42.22341524616755,52.766019506901166,171.1513926618665,118.38537315496535,5.875582644179962,15.93875382564029,0.1870002909333184,0.04687064407900071,0.09319687849574487,0.2670549659274951,0.17385808743175024,0.017000732679145994,0.07595433736720603,0.24025167149361853,0.06644823027702246,0.0950111133803141,0.3192966102316729,0.2242854968513588,0.01933161345043827,0.0631762614955712,0.0,0.0,0.0,0.0,0.0,0.0,0.0,0.40477689560489005
squats_20,squat,51.82522939790551,2.3069309455724043,47.62206924182729,57.662753277584486,10.040684035757195,1.2845281521686407,3.1636081224486574,50.10728676000573,9.623739755841541,36.1700322918117,74.30361323318428,38.13358094137258,2.7088630713334982,9.543724145172227,63.07836062308487,11.273498999013357,46.88182312208146,75.76227546521802,28.880452343136568,1.5807598729169847,5.639936302256544,56.68464322441807,15.256149006346087,38.9253583956183,79.11358578577952,40.188227390161224,2.293965999252611,7.849188028997162,103.9321941136466,49.21221047782233,44.09882258709321,169.12462477360515,125.02580218651194,6.165650517752587,17.9157258821174,103.87826385021134,50.77244163696442,41.33584517235389,169.31907964437403,127.98323447202014,6.197587106519249,16.807349674812627,111.40812143050147,45.65699795230766,54.89585814264854,169.46752426214059,114.57166611949205,5.653168772485501,17.798101992609702,111.91151819447639,47.96728020374625,52.766019506901166,172.2891602963473,119.52314078944613,5.945805767817406,17.197833603953796,0.16124725450368235,0.045486827295283756,0.0917534508223724,0.247755533132884,0.1560020823105116,0.02099295022768142,0.0788928640045723,0.19135153175676167,0.07733548540647837,0.06490277262047495,0.30278639030018345,0.2378836176797085,0.01907756905669701,0.05740591361228664,0.0,0.0,0.0,0.0,0.0,0.0,0.0,0.3283552053388377
squats_20,squat,50.661052153317414,3.4716132761971976,45.177395165333515,57.662753277584486,12.485358112250971,1.2404046741760275,3.1636081224486574,50.5721685325494,9.428377513062495,36.1700322918117,71.14773697530342,34.977704683491716,4.292608402546383,13.318432394555593,61.092889553999484,9.476578769012187,46.88182312208146,71.93100319296029,25.049180070878833,1.5556188533103847,5.38235749236236,54.514885361034885,13.208303943603488,38.9253583956183,76.0884646088722,37.163106213253904,2.5838778217403817,7.849188028997162,105.74986609010917,47.58558267155254,47.85468679386603,169.12462477360515,121.26993797973913,6.3169861598482635,17.9157258821174,106.50705843673109,48.6265999034523,45.47610483628679,169.31907964437403,123.84297480808723,6.383340452327123,17.827666811264535,112.86037945751794,45.17509378303949,53.714835096298295,169.46752426214059,115.7526891658423,5.899383672210823,17.798101992609702,114.39197716438638,46.48906257267157,53.98928138167417,172.2891602963473,118.29987891467312,6.028001214429699,17.197833603953796,0.18589971066558306,0.056996408137931984,0.0917534508223724,0.2674835380276943,0.1757300872053219,0.020579348164150843,0.0788928640045723,0.2142882986898283,0.09309312843029789,0.06490277262047495,0.32522735629614946,0.2603245836756745,0.018785461683644616,0.05740591361228664,0.0,0.0,0.0,0.0,0.0,0.0,0.0,0.3927490279491957
squats_20,squat,51.157229778091434,3.77034833015804,45.177395165333515,58.007178533439685,12.82978336810617,1.19683231536594,4.982514934611899,52.130656904827646,7.710499786045144,42.13689142200334,71.14773697530342,29.01084555330008,4.600814352450281,13.318432394555593,64.94909524968192,8.284279039889869,46.72572267540589,74.38030218947334,27.65457951406745,1.5484809034970632,5.38235749236236,59.428609305954254,10.89726380207002,41.11721922182158,76.0884646088722,34.97124538705062,2.7957954976807375,7.167365770276071,90.51898261781183,42.74922615613586,47.85468679386603,172.56657883295284,124.71189203908682,6.28159484826536,15.240374918503747,90.3992349789492,43.48218423921662,45.47610483628679,172.068786675469,126.5926818391822,6.539237034097262,16.285570644492267,97.21351696162927,40.6366741428978,53.714835096298295,171.1680337947893,117.45319869849101,6.2110971691884345,15.654648044501926,98.54333272211869,42.37258349564185,53.98928138167417,173.12286344836198,119.13358206668781,6.254785013766784,17.9006208038943,0.190531422814209,0.05465336052903687,0.09582618934079234,0.2674835380276943,0.17165734868690197,0.01821820521933539,0.05889507782157011,0.22661474371383275,0.09332859477223618,0.0663670315016105,0.32522735629614946,0.25886032479453897,0.016995994267576284,0.07136959111651808,0.0,0.0,0.0,0.0,0.0,0.0,0.0,0.40107714441649195
squats_20,squat,53.700295472645685,3.400363556074712,44.1378123840791,59.84664104600979,15.708828661930696,1.496601532621049,5.105543520919021,51.376803305731855,8.033690524117592,42.13689142200334,69.89774903132657,27.76085760932323,2.3283238842079674,5.29302587714777,58.817621167425564,9.591154135817328,45.89371158200166,74.38030218947334,28.486590607471683,1.8525542029702824,4.489744464813086,51.0616388726071,10.102077950181846,39.843581893078564,68.26304032102227,28.41945842794371,2.362784057082682,5.999895032022145,120.42268216431488,42.80702712752928,55.01262686775593,173.33957016648486,118.32694329872893,8.129756470725788,16.72636178676629,121.83054546234557,43.78941570068371,52.29137642495356,176.11293975490847,123.8215633299549,8.503366093905079,17.612200823468683,126.07361903149123,38.92638813018875,62.84981164305369,171.1680337947893,108.3182221517356,7.284706465148384,16.559136422482823,128.12675965192204,40.57198355852533,60.80519833554804,174.4964076103244,113.69120927477637,7.6603398125659545,17.9006208038943,0.1581634139533735,0.04895444051638635,0.08738143725055059,0.2425481024651459,0.15516666521459532,0.018710916144843243,0.06050648324059882,0.1807776010579102,0.08722956909436176,0.0663670315016105,0.30234584300264405,0.23597881150103356,0.01807174291821822,0.07136959111651808,0.0,0.0,0.0,0.0,0.0,0.0,0.0,0.25461462686526243
squats_20,squat,51.25742685436114,4.128108496412635,44.1378123840791,59.84664104600979,15.708828661930696,1.6480843537512078,5.640658867266126,55.25005371087697,8.114799301941263,44.50950904109669,69.89774903132657,25.388239990229877,3.5511968098633666,13.205906415318921,63.954191373892805,9.655487495435269,45.89371158200166,74.81282857594066,28.919116993939,1.5989600460400746,5.288474164081151,58.36507549167985,12.150197352411109,39.843581893078564,76.00222096454273,36.158639071464165,2.521846259437715,7.293049234581815,91.38181198788563,45.38219243622772,46.71252340374416,173.33957016648486,126.6270467627407,6.451458112932453,16.72636178676629,92.0816652083131,47.74528830880079,43.616092314372025,176.11293975490847,132.49684744053644,6.85886167971654,17.612200823468683,100.49948398756182,41.12280226927376,56.46473803906018,171.10832641352079,114.6435883744606,6.110924500380776,16.559136422482823,101.04455902247611,42.59851458045654,55.994567281836964,174.4964076103244,118.50184032848745,6.293854471752085,15.539703513839783,0.18660696835573132,0.051676709490230247,0.08738143725055059,0.24778673650623395,0.16040529925568336,0.014566242919416982,0.06050648324059882,0.23424216659567765,0.07821811225856308,0.07508369021397676,0.3134869166810525,0.23840322646707574,0.01903387569633412,0.05085794440948427,0.0,0.0,0.0,0.0,0.0,0.0,0.0,0.36243638627811536
squats_20,squat,53.358828998152035,5.097485122998847,45.26600431369859,64.6616470729302,19.395642759231606,1.7126017847468187,5.640658867266126,50.92219992691418,7.040102172356924,43.01237220350575,67.94501567006347,24.93264346655772,3.233634411934973,13.205906415318921,59.017243703585784,12.325701610476084,42.44116771840954,74.81282857594066,32.37166085753112,1.7252630440273413,5.288474164081151,54.12803077179726,13.752155863101901,37.154175507059705,76.00222096454273,38.848045457483025,2.2798657395863597,7.293049234581815,112.64267068600205,54.25547649490873,46.71252340374416,177.91969513181982,131.20717172807565,5.801623602957074,17.433344032133334,112.48925296920774,55.74441409279089,43.616092314372025,179.35166208252602,135.735569768154,5.880802808911104,18.79648876146591,118.53132484852495,48.84173282268995,56.46473803906018,173.2326709093889,116.76793287032872,4.975569611832861,15.572651922077824,119.7290162229245,50.65977446220008,55.994567281836964,176.87546359492865,120.88089631309168,5.2034737347849855,21.376891026633274,0.15966115003952874,0.05322257348341975,0.07877909493432922,0.24778673650623395,0.16900764157190473,0.015788565130020055,0.055001607308855616,0.18326700311823987,0.0947153467224498,0.05274353203285986,0.3134869166810525,0.26074338464819263,0.02389461450360818,0.08159584800168418,0.0,0.0,0.0,0.0,0.0,0.0,0.0,0.4094585167047525
squats_20,squat,54.9468628848774,4.766931484230054,47.814271128310374,64.6616470729302,16.84737594461982,1.7041395099757772,5.06154322224512,55.665064067211304,9.463474322270267,43.01237220350575,71.91106685153846,28.898694648032716,3.3228380818724927,12.984467180648345,57.62638110174411,11.479540290249842,42.44116771840954,71.84870614942544,29.4075384310159,1.7611606240094206,5.161525635795499,51.60907392688782,12.62620237080984,37.154175507059705,73.23205246480627,36.07787695774657,2.2768320131889928,5.958177240405462,116.60534338021843,52.176867662718074,48.295158951733995,177.91969513181982,129.62453618008584,6.507225241798078,17.972378124786317,117.26082593533083,53.56133306364872,44.14156846323795,179.35166208252602,135.21009361928807,6.582973405838818,19.380528213215854,123.30165775629943,46.600605008610444,55.76186552174476,173.2326709093889,117.47080538764413,5.56478487408443,19.012134530112277,124.29110330307745,48.547555648038006,53.777831968903946,176.87546359492865,123.09763162602471,5.695961051179887,18.650708381214955,0.1776324882743787,0.062239392380924075,0.07877909493432922,0.2576034687480894,0.1788243738137602,0.01598242994732375,0.055001607308855616,0.20122194219032272,0.10247084492690166,0.05274353203285986,0.31616000272566946,0.2634164706928096,0.01701860398584325,0.08159584800168418,0.0,0.0,0.0,0.0,0.0,0.0,0.0,0.37226359749241816
squats_20,squat,53.14753364634355,4.207022593329133,45.76095043300614,62.004140916902635,16.243190483896498,1.793674204450033,4.038352345825928,54.83033820234947,9.975051528752058,40.610670720057925,71.91106685153846,31.30039613148054,3.4709687648575165,12.984467180648345,60.80842910648142,11.10897517972088,39.265685863673895,71.84870614942544,32.583020285751545,1.9873990403724335,5.789872282040875,54.94391561807639,12.230733325195784,37.338223126136405,73.23205246480627,35.89382933866987,2.5763939529959257,5.958177240405462,95.926178005849,45.46630715261053,48.295158951733995,179.59505425085447,131.29989529912046,7.424327048384734,17.972378124786317,95.27450552772984,46.51503759351061,44.14156846323795,179.58435139294846,135.44278292971052,7.930040712830951,19.380528213215854,103.66371199406038,41.33286908520567,55.76186552174476,173.9003919308958,118.13852640915104,7.159592476546301,19.012134530112277,103.74120396279412,43.11691065349073,53.777831968903946,174.95145229470765,121.17362032580371,7.382508581909272,18.650708381214955,0.19484429788945576,0.052913931050636215,0.10030502986613277,0.2576034687480894,0.15729843888195666,0.015878252609274432,0.06248431407449917,0.2320607559744508,0.08445491278464602,0.0715257362105276,0.31616000272566946,0.24463426651514186,0.015765303078099865,0.0684455596503944,0.0,0.0,0.0,0.0,0.0,0.0,0.0,0.32874905802283244
squats_20,squat,52.8074804087778,4.716904294304548,41.4990276471435,60.324783233591496,18.825755586447997,2.2882305315953473,5.010604398234989,49.81214697378796,6.342368855542773,40.610670720057925,66.08783329833602,25.477162578278097,2.443410572060042,6.951756466212203,53.63822079354419,11.42638378820568,38.17670572524557,70.41043277839857,32.233727053153004,2.2579782194082525,6.072326574842279,47.04634089419351,10.186299701169826,37.072430559204186,66.70123605443082,29.628805495226636,2.2191565426801168,6.504715584745298,123.06219000377197,46.210344405342326,52.882251281827415,179.8486138452629,126.96636256343547,8.735039868208869,18.3260669204615,123.3716269338323,47.3158977495019,48.569309704599235,179.71025096492932,131.14094126033007,9.021327911625038,18.84994500082638,127.67959404905142,41.827997529880136,60.73417684540058,175.53282446902023,114.79864762361964,7.767584936140966,19.02881820398011,128.59692596881595,43.44769583801624,58.27180624331442,177.83188376623824,119.56007752292382,8.197486627864127,17.89070802256174,0.1756425452984295,0.054504521683863466,0.10030502986613277,0.2912999146074382,0.19099488474130544,0.020013589712215868,0.06248431407449917,0.2025768025857739,0.08557603221397286,0.0715257362105276,0.3448150048231207,0.2732892686125931,0.02070815435119592,0.0684455596503944,0.0,0.0,0.0,0.0,0.0,0.0,0.0,0.27308371306001883
squats_20,squat,50.91075837123319,4.524684569467191,41.4990276471435,60.180780254689715,18.681752607546215,2.040595424111678,6.976695631833806,52.1849906007421,6.00389234618946,44.451335249716905,66.08783329833602,21.636498048619117,3.209870722780166,10.17270066549095,59.52057896726256,11.29079501138686,38.17670572524557,73.58118707236896,35.404481347123394,2.225432098289477,6.072326574842279,53.588601543959044,12.131541730498286,37.072430559204186,74.20125760148524,37.12882704228105,2.5436469718944337,6.504715584745298,96.18865882679856,47.06526087430364,47.244306126587155,179.8486138452629,132.60430771867573,7.488728997331144,18.3260669204615,95.61285657063968,50.082792922364675,40.01845911139689,179.71025096492932,139.69179185353244,8.080951085801116,18.84994500082638,103.27419195947233,44.10990812619504,53.96065110828427,175.53282446902023,121.57217336073596,7.168298203623963,19.02881820398011,103.26979847645832,45.659544558362576,51.36576169457744,177.83188376623824,126.4661220716608,7.5609720926841995,17.89070802256174,0.20254236209062462,0.05004809009096461,0.10279346733395345,0.2912999146074382,0.18850644727348476,0.015515283672151733,0.04989765269986812,0.24372105610800388,0.07001208881857517,0.10738989148323397,0.3448150048231207,0.23742511333988675,0.01622243060927627,0.05665259226114072,0.0,0.0,0.0,0.0,0.0,0.0,0.0,0.3306895153660039
squats_21,squat,47.13120542035128,2.8987218546694757,42.14890543827237,53.19624613380631,11.04734069553394,1.49743057411325,4.979135067292155,60.40950125795681,6.1251416171962285,53.25052048241539,78.55119569891635,25.300675216500956,4.370527786686316,21.53143926367997,51.95499071046079,5.004817584080224,40.80360767678117,56.92209973731287,16.1184920605317,0.8256969901133853,2.6252937343777276,46.12655060431939,2.4149486114926884,36.38772979317047,49.65611791241165,13.26838811924118,1.4507586457878339,5.786389660359546,92.46443080560677,29.006033204939616,61.457153746026236,143.44261761176867,81.98546386574243,3.3881168433286617,8.245749191647405,96.54065524295166,29.061989998139406,64.5306927767677,146.6267479574906,82.09605518072291,3.4074237397229,7.939204918840602,92.26435523642917,33.409537681905,56.12267979055466,151.1736779666123,95.05099817605765,3.9439010545054263,9.934066235874695,88.80421798624464,34.9598994563729,48.930365769509336,150.65221680254402,101.72185103303468,4.324015010435092,10.569523288313462,0.2465917036562163,0.025615618974034443,0.1923027661812784,0.29399340307819266,0.10169063689691427,0.02038596355520887,0.0707928130194545,0.23406453422413598,0.05281548213666204,0.13233760742722667,0.31464491946911344,0.18230731204188677,0.016712272966723837,0.057367003904391534,0.0,0.0,0.0,0.0,0.0,0.0,0.0,0.5406736439731059
squats_21,squat,45.12403400842046,2.0978515860409948,41.358961066215414,50.68668755114078,9.327726484925364,1.0567471532414563,4.044086737331291,56.46164381835151,8.361247029332878,45.87232910877794,78.55119569891635,32.678866590138405,3.7050451199398804,21.53143926367997,52.76722767231944,3.270150810611279,46.71701176159298,56.92209973731287,10.205087975719891,0.8121497491952127,4.28588539402778,46.13805696588249,2.2032450919340048,40.80162352907867,49.74370984418071,8.942086315102038,1.284270159254684,4.290990650703158,93.39167427804918,29.972671120135214,61.457153746026236,147.61416063381765,86.15700688779141,3.527260261307797,7.342558060956264,98.74449020439755,31.267962934414943,64.5306927767677,151.90543616792638,87.37474339115869,3.6738120801865723,8.156181084349726,93.9555564912017,34.48544412445144,56.12267979055466,153.68612323288522,97.56344344233057,4.057655719193055,8.998415661036915,90.76976507511337,36.42042109685734,48.930365769509336,152.0862138123801,103.15584804287076,4.431671736505101,9.262773191832622,0.21966780857522503,0.03163732503243139,0.152468966667331,0.28677133472573446,0.13430236805840345,0.017762561215110724,0.047246191113512914,0.23487173914016923,0.04943107698285231,0.1559740455871711,0.31464491946911344,0.15867087388194234,0.0180287223217678,0.08314735087522074,0.0,0.0,0.0,0.0,0.0,0.0,0.0,0.437096075962218
squats_21,squat,45.383381396524804,2.554318345176969,40.507790784358704,52.639168911148644,12.13137812678994,1.409420624083801,5.030182767706073,53.40605221494741,6.710376857815418,45.87232910877794,69.93164557239527,24.05931646361733,2.899595172167759,11.087439169032805,51.40112620706386,2.7050769809463207,46.71701176159298,57.68273141022425,10.965719648631271,1.3207656977893882,4.28588539402778,45.67098912712875,2.2508186704553923,40.80162352907867,49.74370984418071,8.942086315102038,1.65098165245745,4.290990650703158,115.56516729374297,23.90105393893663,74.48605372509516,147.61416063381765,73.12810690872249,4.786307974874891,8.697754661497072,121.66214152036223,23.51171124722827,78.4263759326482,152.54496286238287,74.11858692973468,4.7904920261680335,8.61653035610152,119.5541135687062,26.722219657790905,74.24075879765557,153.90942630661024,79.66866750895467,5.234217464978706,9.859843765804897,118.44474205651426,26.757571481017226,69.70941591447442,154.03597718970715,84.32656127523273,5.440570842779017,11.233982991199795,0.2111569211878911,0.03194737711598506,0.152468966667331,0.31999107942982086,0.16752211276248985,0.01995264449578729,0.08981786883576448,0.1973107025530318,0.02369888458738238,0.1559740455871711,0.25263578032403067,0.09666173473685957,0.018006792212994324,0.05275060554667166,0.0,0.0,0.0,0.0,0.0,0.0,0.0,0.35951566047461214
squats_21,squat,45.82130964181436,3.1784041960065896,39.92545212374296,52.639168911148644,12.713716787405687,1.6073899943410273,5.030182767706073,60.398562526065966,8.996085876662269,47.2278642350467,77.50812499537409,30.280260760327387,4.7925577035241425,17.73929456521332,55.034541363446834,3.057496691355362,48.72187927076706,59.71235190044682,10.990472629679758,1.1623722358377502,3.1364151339509334,46.352502134502814,1.432548476716011,43.38636258617219,48.815734929423144,5.429372343250954,1.2885805063194615,2.879491493946354,90.42913368134467,28.827105495303655,60.72950632338827,147.3743782093779,86.64487188598963,3.8170655331660694,8.697754661497072,94.97075147405448,29.212376392890512,65.03049078627824,152.54496286238287,87.51447207610464,4.015973035623412,8.61653035610152,90.62688946626848,32.63987361607805,56.26285136883793,153.90942630661024,97.64657493777231,4.331321981155222,9.859843765804897,87.30373160429755,34.71274560170494,47.978160298297745,154.03597718970715,106.0578168914094,4.909319899070208,11.233982991199795,0.22716708249619147,0.028224798976736708,0.1769238384106051,0.31999107942982086,0.14306724101921575,0.01968010645980236,0.08981786883576448,0.23329702480758652,0.03576052772393542,0.1628253448827378,0.30448783018836745,0.14166248530562964,0.01557907842739447,0.03791626247934565,0.0,0.0,0.0,0.0,0.0,0.0,0.0,0.5183944063175345
squats_21,squat,45.93359298653001,2.7638060754994886,39.92545212374296,51.64821386264744,11.722761738904481,1.3122683658975904,3.9083390170911017,57.37099138580207,10.303496193358445,43.8619150282683,77.50812499537409,33.64620996710579,4.80115423580092,17.73929456521332,51.979241569791114,5.573985639035991,43.38857527030446,59.71235190044682,16.323776630142362,1.037610910348674,2.9501467927572733,45.6815248599493,2.579508205461743,37.19672273180382,49.279716363623855,12.082993631820038,1.4003472171570697,3.542380874317651,96.95825053531478,32.3867703037878,60.72950632338827,151.92796578030158,91.1984594569133,3.484127730293555,7.528713705788292,102.11725482499027,33.00373325720443,65.03049078627824,152.90371382095853,87.8732230346803,3.3540539789507435,8.32848669316995,98.64254303730007,37.46537442690164,56.26285136883793,159.27324849341355,103.01039712457562,4.037697850915123,10.604594367514963,95.78577133835606,39.98183025560553,47.978160298297745,156.95487971799164,108.9767194196939,4.3923953302171865,9.629985609723477,0.23288693603759097,0.031196074669541204,0.18314584089418706,0.2958576649036391,0.11271182400945201,0.01960686627632428,0.04733820815000833,0.23145878471593653,0.038402399725059065,0.17038697132204594,0.30448783018836745,0.1341008588663215,0.01979948802882081,0.06728554199924575,0.0,0.0,0.0,0.0,0.0,0.0,0.0,0.5600751093755901
squats_21,squat,45.382793627823084,3.1238338500058793,38.96005661973818,51.407032947784444,12.446976328046262,1.553297341213001,3.8191452595156576,55.583420411909636,9.52272486777267,43.8619150282683,78.148044970492,34.286129942223695,4.00170827346149,14.379211553412759,50.46339595990095,5.38737117845557,43.38857527030446,60.5029728153176,17.11439754501314,1.3348390334192404,4.503659857694956,46.01999992258814,2.887959796053889,37.19672273180382,49.427108733929465,12.230386002125648,1.5717228316512162,3.542380874317651,115.1466969605406,26.40315765385822,67.88279274958771,151.92796578030158,84.04517303071387,5.024404012357129,11.247622157164159,120.60934897124353,25.205053101487163,72.92899492854941,152.90371382095853,79.97471889240911,4.6262002048646975,8.834260022353789,119.81562014704478,29.438983234222423,67.81325195843107,159.27324849341355,91.45999653498248,5.507929421873089,12.249302975189181,118.90067871542254,29.287668469547746,63.94423820789839,156.95487971799164,93.01064151009325,5.524616361520448,11.029392092253659,0.23680206983422683,0.029544497327100912,0.184452067566638,0.2958576649036391,0.11140559733700106,0.02216519980417621,0.05613292632636102,0.20639391100233165,0.028928485455995395,0.17038697132204594,0.28829148097757396,0.11790450965552801,0.02112108216265892,0.06728554199924575,0.0,0.0,0.0,0.0,0.0,0.0,0.0,0.4091043907476955
squats_21,squat,44.751409834609696,3.0722675857443282,38.96005661973818,51.407032947784444,12.446976328046262,1.7200487116203502,3.8191452595156576,62.26040443869661,9.579612815794956,47.186899893823785,78.148044970492,30.96114507666821,5.081345662759406,18.17007460879379,55.3480548447277,4.1326082641185895,44.448891826577416,60.5879050068624,16.139013180284984,1.2847860467816625,5.0848724317893925,47.42935957561549,2.624897994599877,42.34755635012543,53.588064731353924,11.240508381228494,1.5874933237867148,4.149957685139491,88.18285491552973,27.10359944137243,58.9839225023646,150.30373277699778,91.31981027463317,4.438172558142968,11.247622157164159,92.34579512106536,26.794218261265886,62.496250859744286,151.57476014079808,89.07850928105378,4.624328857943845,8.834260022353789,88.89111261203844,30.117671323071285,55.98112250072809,157.4710137605426,101.48989125981451,4.919053677349976,12.249302975189181,85.32505001201953,31.95040003619873,46.15728025614719,154.9449529671972,108.78767271105,5.57870696294683,11.029392092253659,0.23296855863368143,0.02684280628170848,0.19274076283415187,0.29600136672996935,0.10326060389581748,0.02164293030328163,0.0675773207191217,0.23298539209235403,0.04170903654720477,0.17729941634958923,0.3124911994858587,0.13519178313626945,0.017641945169226344,0.06406009238771448,0.0,0.0,0.0,0.0,0.0,0.0,0.0,0.4945574715238066
squats_21,squat,42.57321473759764,3.292056514198499,38.28200206182191,49.2549172263773,10.972915164555388,1.2819049482323424,2.8667232402558724,56.755923869027455,9.48008349647455,46.41654170774807,77.82137797845485,31.40483627070678,2.8388508543452766,18.17007460879379,54.795326530242924,2.5394734188496297,50.692015188858164,60.5879050068624,9.895889818004235,0.9022253275740474,5.0848724317893925,47.166617027415555,2.4318440882686025,42.34755635012543,53.588064731353924,11.240508381228494,1.1879870609292613,4.149957685139491,101.17883410532951,32.38997026704297,58.9839225023646,145.41603476595046,86.43211226358585,3.352065063597422,7.724158795586135,106.23981119482525,33.63137046236195,62.496250859744286,150.05383374929434,87.55758288955005,3.660396821070934,8.301456740778043,104.67817705254335,37.79616659825868,55.98112250072809,154.67672912108944,98.69560662036135,3.9010492478205947,10.414130141605014,101.22002768746282,40.18080393437346,46.15728025614719,152.08132043894855,105.92404018280136,4.531562468475519,8.707382407154299,0.19728090897811318,0.04285672074858038,0.13932572470011761,0.29600136672996935,0.15667564202985174,0.018643890801640542,0.0675773207191217,0.2128040337656016,0.0507183263525865,0.14073515915696233,0.3124911994858587,0.17175604032889635,0.016622405862360412,0.06406009238771448,0.0,0.0,0.0,0.0,0.0,0.0,0.0,0.40213263798840587
squats_21,squat,41.3104549377066,2.3600883209716494,38.28200206182191,45.41867910531155,7.136677043489634,1.0273756760444923,3.0279533800053713,58.4455906477367,10.958097377172628,46.41654170774807,80.8655309279112,34.44898922016313,3.848367917168398,14.930676284346568,56.01733810670947,3.8456356396922775,50.692015188858164,62.5086108109347,11.816595622076534,0.9995950401762609,3.1333848818188343,48.12489509507962,1.8483668650100609,45.63133089669625,52.35483678227596,6.723505885579712,1.0634897065281337,3.460771608962638,109.8459978381691,28.137121396897502,59.5508430840421,145.41603476595046,85.86519168190836,4.427191317405093,10.071535131470483,116.01226696310083,28.127942168985424,65.22039150467162,150.05383374929434,84.83344224462272,4.3682146179766095,8.633011507300253,114.70010668238693,32.594412235569905,57.77349040417684,154.67672912108944,96.9032387169126,5.05661598845926,10.76612374417617,112.80486932441664,32.69789387580931,52.90144307146792,152.08132043894855,99.17987736748063,5.0553897178161105,9.716943028536633,0.18283060995837558,0.02699320748917604,0.13932572470011761,0.23923381998892612,0.09990809528880851,0.019312811964926846,0.08293698263664173,0.1957884739952326,0.03957412904958337,0.14073515915696233,0.2748529755656298,0.1341178164086675,0.015488628203726807,0.0528404435111407,0.0,0.0,0.0,0.0,0.0,0.0,0.0,0.36698985939617246
squats_21,squat,42.90988870694312,2.410313381138431,39.175667519880314,47.680708300772075,8.505040780891761,1.0605123680455095,3.1102166326393856,65.57217849636525,8.962278513601587,48.333577039593074,80.8655309279112,32.53195388831812,5.766398941189835,14.930676284346568,58.14670668473818,2.916953782399887,51.680075358397005,62.5086108109347,10.828535452537693,1.1220176281072078,3.1333848818188343,48.58914630530551,2.3401500372484607,42.96241778802527,52.89414973124835,9.931731943223078,1.4981082626790523,3.460771608962638,82.26404373012808,19.967028813902463,58.9826864259568,131.3931682394207,72.4104818134639,3.9904018436475663,10.071535131470483,87.86560237729383,21.18202137891182,62.688760580100094,135.8477893690215,73.15902878892142,4.26668307552556,8.633011507300253,82.28407841651033,23.00286543458447,55.36478945741676,138.96197651831758,83.59718706090082,4.645625514547603,10.76612374417617,78.906787335515,24.725737846286382,46.40037083931136,132.03655331675105,85.63618247743969,5.060470603879815,9.374315470303543,0.21216401782302977,0.026356057624315168,0.15053050898866294,0.2635038535981902,0.11297334460952724,0.015446552089615727,0.04913624118133875,0.23136023886627816,0.0455678973108288,0.15702922424328258,0.30926780626032013,0.15223858201703755,0.017454892387243518,0.0528404435111407,0.0,0.0,0.0,0.0,0.0,0.0,0.0,0.5259111501602669
squats_22,squat,106.51899373664278,57.91259774100826,32.231099404557426,177.6956047720663,145.46450536750888,14.694014667336841,54.431572753901676,105.82652499272864,58.27808944380253,33.5785768949044,179.66883787909927,146.09026098419486,15.110841334007663,50.71549588391852,30.037458636172953,2.868417930722953,24.24341428062698,34.311532849948975,10.068118569321996,1.6425364030613265,4.546331850711724,26.973508944049264,3.161214419181812,20.242945679569587,33.09882851792758,12.855882838357992,1.5308801432308363,6.768042749525872,126.78868432888,27.60582454244766,73.23191420701814,155.62890966671267,82.39699545969454,8.270007943999099,20.084552549409906,129.065434602911,31.28001241338869,70.82410941077259,161.7794320103447,90.9553225995721,9.220884273056331,23.091485023471478,137.13456001544648,36.085673872607586,72.69163000323744,178.78083971308257,106.08920970984514,10.781860886827225,21.21909531762644,136.91732475024452,37.67709154470982,71.13145796268826,179.5660058631017,108.43454790041345,11.001387117792088,22.947371444367377,0.6049667579810578,0.24223454213818074,0.1568834285389583,0.8915019699663442,0.7346185414273859,0.07074900072714284,0.22389265799064684,0.5981193777853283,0.28236608334552155,0.1188246590884009,0.9254493487836738,0.8066246896952729,0.08019514296117496,0.22061719119752943,0.0,0.0,0.0,0.0,0.0,0.0,0.0,0.839694322052568
squats_22,squat,102.0374685393535,56.94027440435273,38.67264846845786,179.94703157297067,141.27438310451282,13.576048530645457,54.431572753901676,100.54064980996353,57.60850264684363,36.77810630059527,179.4391780128543,142.66107171225906,13.576696707540743,52.2694095098216,31.22236060007952,3.962737842012631,24.674686515672995,37.269158335698556,12.59447182002556,1.6517340648049403,7.186116956234496,28.255350457368102,3.6348205706187597,20.242945679569587,33.63194739311,13.389001713540416,1.3549921171621053,6.768042749525872,123.59876468140011,29.352896831580935,72.41918119766909,156.6057296821809,84.18654848451182,8.819368113201879,20.084552549409906,125.71347645491223,32.20683282128243,70.06209212958645,161.7321380974354,91.67004596784896,9.651500262613949,23.091485023471478,133.73710122427804,37.808310073227055,72.03627641301857,178.9363426194871,106.90006620646854,11.127002380414297,21.21909531762644,132.98849641616206,39.12418537738257,66.61499663466198,179.9135155584226,113.29851892376062,11.593076722873164,22.947371444367377,0.5990032804606179,0.21571653181721423,0.30217917555997287,0.8915019699663442,0.5893227944063714,0.061599386356832105,0.17372838044299432,0.5895888853607363,0.25394320035768586,0.22537180421682912,0.9226824544068647,0.6973106501900356,0.07082903768675265,0.19718416935236238,0.0,0.0,0.0,0.0,0.0,0.0,0.0,0.73218688245648
squats_22,squat,133.08085239171155,53.600300137844336,38.67264846845786,179.94703157297067,141.27438310451282,12.512362473967464,42.60940762704793,129.8658825384929,53.66762134264184,39.64803530133848,179.4391780128543,139.79114271151582,12.466141702768578,52.2694095098216,33.044667478996296,3.4907392869713734,25.285019891352977,37.90454449920401,12.61952460785103,1.5643203255326295,7.186116956234496,30.950726310444562,1.8009658463896074,27.954808038384197,35.823518435090286,7.8687103967060885,1.2315574207309823,6.366888733443627,134.60683264682743,25.88340351128596,72.41918119766909,156.6057296821809,84.18654848451182,6.664585468943761,17.755843710946152,139.42152114436556,28.68019733509334,70.06209212958645,161.7321380974354,91.67004596784896,7.095544020084096,22.930966341015463,149.2936370865572,34.94703464377447,72.03627641301857,179.92221995992006,107.88594354690149,8.971280080718254,20.137832716788296,149.09674844058597,36.718988567845045,66.61499663466198,179.9135155584226,113.29851892376062,9.066778370744352,22.820866819072023,0.7232856668196848,0.19251986147693284,0.317433106462232,0.9197833755031013,0.6023502690408693,0.05956097043696432,0.2176863612538908,0.7358814077853796,0.22200275331714248,0.2857732311803849,0.9588863396280038,0.673113108447619,0.06250046537406347,0.18410344831623338,0.0,0.0,0.0,0.0,0.0,0.0,0.0,0.8734580088330424
squats_22,squat,124.82252506746732,57.22972808861302,30.083633276142315,179.95714553570895,149.87351225956664,14.779659131593522,56.13222835430496,121.10266950422832,56.92325787168688,30.75186871241959,177.31536974341762,146.56350103099803,14.766682063357528,53.728079200136705,32.063025409702526,3.7298639189213705,23.518943395459555,37.90454449920401,14.385601103744452,1.6764103321698214,5.669213924575729,29.475433980461666,2.4291420766927416,24.540670700908077,35.823518435090286,11.282847734182209,1.4535927357125709,6.366888733443627,130.3805327011856,27.204081382361146,70.94580843148414,158.05418421547014,87.108375783986,7.878109940326611,22.179018097132655,135.30205283743456,28.942496044093296,69.7864933359459,161.71733315559922,91.93083981965331,8.455100424828894,24.019781997102,142.72224049741615,35.836258352873095,72.76915107839402,179.92221995992006,107.15306888152604,10.356752291198957,21.085207156561637,144.23557864344696,36.60396874520955,69.59791019263521,179.88567239154352,110.28776219890831,10.62563689240751,23.918914404068403,0.6873763339787643,0.2284278290039826,0.21282341756224865,0.9197833755031013,0.7069599579408526,0.07486266608672851,0.2544224207502973,0.6910698742675034,0.25665658787902657,0.18595653977908744,0.9588863396280038,0.7729297998489164,0.078978927302382,0.2770329574040221,0.0,0.0,0.0,0.0,0.0,0.0,0.0,0.8756751776193168
squats_22,squat,97.22163929242839,59.31101204548153,30.083633276142315,179.95714553570895,149.87351225956664,12.387068059309657,56.13222835430496,95.1449572340443,60.77622107889346,30.15358365316279,179.7882461221842,149.6346624690214,12.6919880538826,53.728079200136705,31.129561163110782,3.728555507517503,23.518943395459555,38.22810611961076,14.709162724151202,1.9239523129503207,5.669213924575729,28.858916273110694,2.266883970871488,24.540670700908077,33.920509999946155,9.379839299038078,1.2280834632180884,2.877103837613351,119.60112071076031,31.184974959282794,69.31098047641984,158.05418421547014,88.7432037390503,9.4012138743319,22.179018097132655,122.43613881645193,32.31031556638238,69.7864933359459,159.1722586480288,89.38576531208288,9.907989423332827,24.019781997102,128.64464205082194,38.5577954672238,71.5032944182218,179.74156008346722,108.23826566524542,10.869998242369343,21.085207156561637,129.53692907255075,40.005678854307035,69.59791019263521,179.55980744828534,109.96189725565013,11.228010763466584,23.918914404068403,0.5884152017762031,0.23779097895256404,0.21282341756224865,0.9106476410362155,0.6978242234739669,0.07259037472673803,0.2544224207502973,0.5799035311359337,0.26040905344178106,0.18595653977908744,0.9198331503865459,0.7338766106074585,0.07190700136049906,0.2770329574040221,0.0,0.0,0.0,0.0,0.0,0.0,0.0,0.6817916570291294
squats_24,squat,102.44164953034874,8.635359768200184,85.6474793502058,117.41856523744731,31.77108588724151,2.5983420667644985,13.466618397100078,97.99412234179928,11.120892473844487,78.05215837800785,117.49829357645922,39.44613519845137,2.6173515990888196,13.86995870714641,80.2013463709121,47.01076998964564,0.17182178895056469,123.00794500489926,122.83612321594869,5.262300032145894,32.194292358501684,84.77523597106983,46.99778373443315,0.9224893482217812,129.0732122736692,128.15072292544744,5.331004652508964,30.522136190664266,102.56449261873892,55.002098980268016,42.36970298293543,179.45735755839274,137.08765457545732,4.985392516455893,14.109469808426525,101.17795040548448,53.61312669833283,42.902258739374446,179.13148556538337,136.22922682600893,4.89108525182176,15.098983486114435,107.61916608240878,53.127278051079315,45.7491421172312,178.21994363202452,132.47080151479332,4.772757450527362,17.48560741924115,106.6460520700458,51.20028828342023,50.40832256102496,179.9826225656569,129.57430000463194,4.735072049358762,17.222930902553173,0.1269470887972023,0.37080347627984317,-0.20237131368438355,0.687658927858981,0.8900302415433645,0.03573839878866976,0.1715746753939864,0.11076547760408814,0.367092025188925,-0.22640852975871384,0.6557001599210072,0.882108689679721,0.03397078387845858,0.14671757992535372,0.0,0.0,0.0,0.0,0.0,0.0,0.0,0.8155565288872826
squats_24,squat,100.84846840788956,8.277010311709576,83.55990809302313,110.6542176414355,27.09430954841237,2.8831749414979426,9.13770457317375,97.09300247914499,5.890363592646688,82.81690450731685,102.61655831860972,19.79965381129287,1.6100331483561823,6.10107365185668,92.63888309256821,43.22700283802277,1.297465032828651,123.00794500489926,121.7104799720706,4.7993769842027625,18.10625861155021,95.72023950140355,44.26959825242977,2.8856918279655046,129.0732122736692,126.18752044570371,4.923651978162323,16.837401822163883,79.61739930318883,44.31067095733263,42.36970298293543,179.2490113502353,136.87930836729987,6.135966061292679,17.606370952251723,79.78458138036846,44.473550460605544,42.902258739374446,179.6468150084044,136.74455626902994,6.0238180884902786,17.66683468680006,86.49804194600831,44.92534872369788,45.7491421172312,178.4879859506373,132.7388438334061,6.198072553884918,21.398173367814437,86.92425506301122,42.78084876985049,50.40832256102496,179.4937679206006,129.08544535957563,5.858706361807397,17.000639670717305,0.016629572731705962,0.26950336725490365,-0.20237131368438355,0.5052522905071475,0.707623604191531,0.02750815714103082,0.10435560036414149,0.004905617511544695,0.2758871093505033,-0.22640852975871384,0.5026708626640223,0.7290793924227361,0.029132715477530026,0.10701473172416753,0.0,0.0,0.0,0.0,0.0,0.0,0.0,0.5870460235741222
squats_24,squat,97.37559432023642,10.824293218482865,81.88056970767232,117.41800275973625,35.53743305206393,4.310999071105653,16.570598179550572,91.92703988056856,8.898244920410706,82.28849304006418,113.80120272660706,31.512709686542877,2.1816003202022727,11.226353790111048,36.885278326669955,44.683786204179114,0.976587628001679,122.61233269360592,121.63574506560424,6.405528435795423,19.936293214153075,41.80752099798887,43.75417527627291,2.8856918279655046,126.97903693167535,124.09334510370985,6.638572364371902,19.866418303529688,139.76841496857088,47.86691128067369,43.46957782397586,179.2490113502353,135.77943352625942,5.998146587026811,17.606370952251723,139.40028390466077,48.94180074711055,44.37949436854388,179.93856994947612,135.55907558093224,6.269139234427495,17.66683468680006,144.66514285106345,46.287688543485714,47.309903773815606,179.9887304725108,132.67882669869522,5.500660582777119,21.398173367814437,143.34305765400046,45.43494849679956,51.60998483232535,179.90829039710232,128.29830556477697,5.830235718302675,17.000639670717305,0.3808612785502333,0.2575586126162799,-0.1777061196268931,0.6826947431846101,0.8604008628115032,0.045430934580873036,0.11147786717389241,0.3305447586111036,0.2251584269363012,-0.19245930569608294,0.5026708626640223,0.6951301683601052,0.034333404555435515,0.11512133993725637,0.0,0.0,0.0,0.0,0.0,0.0,0.0,0.8278900505992577
squats_24,squat,106.47701928670796,12.86920385078929,81.88056970767232,122.28420796934459,40.40363826167227,3.6502783781837227,16.570598179550572,99.93796365883638,12.550728460987985,82.28849304006418,115.90020803550193,33.61171499543775,2.1060691129890916,11.226353790111048,60.02225237783298,53.532200993460606,0.976587628001679,125.91975610633718,124.9431684783355,4.593579022418715,19.936293214153075,65.94183457456857,51.981298345775635,3.976182701664906,131.33729080518714,127.36110810352223,4.516442492988261,19.866418303529688,124.27174332147244,52.794887849399665,44.41734353162297,178.7937475727102,134.37640404108723,4.819047329068871,12.9196040584674,123.18270171463422,52.937085045928875,43.82905972983219,179.93856994947612,136.10951021964394,4.738926443989619,13.722516307466009,128.73503583927024,51.59146579426154,45.966674045433344,179.9887304725108,134.02205642707747,4.708746509710079,14.56305118752914,126.15990519675483,51.41014402888524,46.013338946427446,179.90829039710232,133.89495145067488,4.660454006054497,14.395720381151847,0.2031917538673029,0.3608252295578266,-0.235720788818212,0.6826947431846101,0.9184155320028221,0.042140763622315384,0.14477580125670841,0.14782868973006574,0.3186647672930997,-0.27731007161771415,0.49551379371035587,0.77282386532807,0.028720219412383,0.11512133993725637,0.0,0.0,0.0,0.0,0.0,0.0,0.0,0.7854510546436256
squats_24,squat,110.94885941364318,10.577141436553429,82.15178604925241,122.28420796934459,40.132421920092185,3.367650879519292,10.872115787218988,105.15252640037049,7.862355896270996,84.1805885999431,115.90020803550193,31.719619435558826,2.4075516283046414,7.999016787249047,95.84901970332301,36.77091596616321,4.446305162203854,125.91975610633718,121.47345094413332,6.17370183357529,21.19626837881345,99.1408889573161,36.94422402559019,5.722147520472548,131.33729080518714,125.61514328471459,6.073819565247842,17.510369343518917,83.6912585394051,39.3008210504614,42.238494549828886,176.29997017002498,134.0614756201961,7.779900716724316,18.230337837455522,82.4801614285812,38.36404626041854,42.050295173698274,178.8198780171391,136.76958284344084,7.462282833812806,19.385129765898725,89.93035148174742,41.27978232201705,43.49455724133784,178.09418417579715,134.5996269344593,7.999574749823506,18.976698554443487,88.21571909854818,39.247208195305745,45.0096367750145,179.30173698896854,134.29210021395403,7.472515261879743,18.584802598046977,-0.006015598605897562,0.24812979417951675,-0.235720788818212,0.4808689425043664,0.7165897313225784,0.0407769385128818,0.11297007506816137,-0.019349707193942776,0.25728255648143067,-0.27731007161771415,0.49318570621804053,0.7704957778357546,0.041212902092201575,0.11380541634441377,0.0,0.0,0.0,0.0,0.0,0.0,0.0,0.5867865919122343
squats_24,squat,100.10733589160695,11.748461635939416,82.15178604925241,119.78065425209304,37.628868202840636,3.1065115681209248,10.872115787218988,93.5785983280052,8.99486959543172,84.1805885999431,108.81014052981082,24.629551929867716,1.7783750636311104,7.999016787249047,41.01143289632116,50.60084104492867,0.17476441699771128,125.05137033456904,124.87660591757133,4.655404662948802,21.19626837881345,44.628997392671415,50.04878314786969,3.6540239290508105,129.19408897503425,125.54006504598344,4.618390203465742,17.510369343518917,133.73441371121928,53.48726371522693,42.238494549828886,178.95920912558176,136.72071457575288,5.10368325367736,18.230337837455522,134.43409422154096,54.718024470737085,42.050295173698274,179.2750759419534,137.22478076825513,5.015740941243094,19.385129765898725,137.08293411931717,52.198410924200424,43.49455724133784,178.43167789331588,134.93712065197803,4.849059300090568,18.976698554443487,138.10879489141504,52.4710638086493,45.0096367750145,179.4811037955044,134.4714670204899,4.860849591855063,18.584802598046977,0.3472903298568228,0.29318243671102123,-0.20604841695212273,0.6487575936823531,0.8548060106344758,0.032813191012325806,0.11297007506816137,0.3066211228459659,0.27605308167970133,-0.23422725160902957,0.5153952876040245,0.7496225392130541,0.028017900056253695,0.11380541634441377,0.0,0.0,0.0,0.0,0.0,0.0,0.0,0.7140271150896418
squats_24,squat,103.72796934946726,13.073437178932751,86.11336397509645,126.28910211515678,40.17573814006033,3.244159465295793,11.629104612368195,98.77509431152026,13.029010928151362,85.33424575203668,119.85912296575496,34.524877213718284,2.1059860747528494,9.905378755237791,41.605023858219155,48.565689278502276,0.17476441699771128,121.87680707263509,121.70204265563737,4.478592852151662,20.890617138953825,47.293853937400925,47.280896296719256,3.6540239290508105,121.51705217593457,117.86302824688376,4.198430740985241,18.595929703786545,144.78816906378017,41.608849927858735,57.02732800279082,178.95920912558176,121.93188112279094,4.540318101860192,12.261893699844563,143.5069039520316,42.520615253857066,61.36668609927348,179.2750759419534,117.90838984267991,4.333989878713482,12.428901014546199,149.163948133562,37.53027547705854,64.7623854491265,179.6927286956245,114.93034324649801,4.260722303937469,14.223634324462466,146.75611735212922,39.92712165441817,65.01835666017651,179.4811037955044,114.46274713532789,4.164249999770225,12.417736955355394,0.30997707393377133,0.32015992618410133,-0.23516993880959824,0.6487575936823531,0.8839275324919513,0.03663467684473032,0.10420956181520169,0.268683182484506,0.28582709248978316,-0.22369846127461368,0.5153952876040245,0.7390937488786382,0.027734937689138362,0.09992732065463994,0.0,0.0,0.0,0.0,0.0,0.0,0.0,0.8108527581885032
squats_24,squat,111.55461301268598,8.482406610768509,92.28720846358192,126.28910211515678,34.00189365157486,4.112150095597391,11.629104612368195,108.60349306567265,6.073577178123358,93.16749969907528,119.85912296575496,26.691623266679684,3.2234996117593653,9.905378755237791,93.63641449633523,34.06582877026427,4.173144286664863,122.86033511786287,118.68719083119801,6.982281482115207,22.36403468607996,98.34896114150527,30.51835523956383,15.917970534270049,130.55692138593727,114.63895085166722,6.957764029685476,18.595929703786545,90.30283553209757,42.18530076346947,40.402181386398176,176.38897889750095,135.98679751110276,7.996233069367361,17.819305556553772,88.20807876613058,38.33354627429349,41.9188873841126,175.17601309924092,133.25712571512832,7.756142661410854,19.00000107071004,98.2602754405582,42.9427446799528,43.1346207525587,179.6927286956245,136.5581079430658,8.46456637723248,18.48139861424127,95.17787106747245,38.32740133644227,45.57361352409609,176.05468028872227,130.48106676462618,7.875001403028307,16.84392666639104,0.009634433830672565,0.23903036579852716,-0.24757961880072155,0.5781041237012197,0.8256837425019412,0.05248338365224664,0.10420956181520169,-0.0060402795568619905,0.23121536862811817,-0.26159664301940766,0.4773242761687724,0.73892091918818,0.05098028100829098,0.15732019016865173,0.0,0.0,0.0,0.0,0.0,0.0,0.0,0.6629606340868391
squats_24,squat,97.87265970284146,12.994813244304448,81.62551883758603,118.31234413894668,36.686825301360656,3.5684048522726624,12.587854852741955,94.39776401980693,12.41691000156934,80.5595689111319,113.68641241459083,33.12684350345893,2.1636945536673275,8.75035780824372,54.84897063955511,53.451430796473105,0.47944830546754996,122.86033511786287,122.38088681239532,4.650570349110607,22.36403468607996,57.368101739112106,53.89307478409062,2.8185203914435037,130.55692138593727,127.73840099449377,4.9554411211859835,17.892722579520427,120.41668321684816,57.90662427401295,40.402181386398176,178.7040103757373,138.30182898933913,5.373069661153617,17.819305556553772,121.73082672174831,58.272204495124114,41.9188873841126,179.86851183381364,137.94962444970105,5.3863211638570645,19.00000107071004,124.96673165535944,56.22721096115498,43.1346207525587,178.50345578885458,135.36883503629588,5.325075399839269,18.48139861424127,126.0653220625861,55.43634135893641,45.57361352409609,179.1858935444859,133.61228002038982,5.340047326777843,16.84392666639104,0.23891581747792892,0.3090317655489466,-0.24757961880072155,0.6466017006690279,0.8941813194697494,0.035544911879804346,0.09564977181360834,0.2099282534611295,0.3012665718556825,-0.26159664301940766,0.48975530695345937,0.751351949972867,0.031148448107467835,0.15732019016865173,0.0,0.0,0.0,0.0,0.0,0.0,0.0,0.7159140784818994
squats_24,squat,98.96674907474251,15.657988144717995,81.62551883758603,127.30169019735801,45.676171359771985,3.0570305172603547,11.849150393649367,93.01742580171226,14.947321611985409,80.5595689111319,119.22767289049541,38.66810397936351,1.8300972006399563,9.817112343900149,26.06474187891643,36.3134149959934,0.20942777035491333,111.16757814264777,110.95815037229286,4.9681181034265025,15.547761669041812,31.56648314837293,37.96700247217618,2.8185203914435037,114.19843965539503,111.37991926395154,4.909840714357807,17.885394766762527,160.66687355531474,25.19326353524978,92.79641957694662,178.969511359199,86.17309178225238,4.138720982679047,11.577321017325772,159.26992189317073,29.08072632481084,87.60038710480906,179.86851183381364,92.26812472900458,4.3050907240885055,15.275179674088008,165.01758122227272,20.96058117162218,105.69882438209632,178.91129303096028,73.21246864886396,3.2759519346575288,12.494418610659636,163.07396669285464,24.430787651752006,100.63096649325213,179.92189285081707,79.29092635756494,3.63133415924714,13.968784969013,0.41161703883462025,0.22721524676315305,-0.14462418360438933,0.6662045730536759,0.8108287566580652,0.03872937231266055,0.1602121474107736,0.35560854678683756,0.19385665266926635,-0.14517886084024956,0.48975530695345937,0.6349341677937089,0.02486796084721768,0.07633909013394258,0.0,0.0,0.0,0.0,0.0,0.0,0.0,0.9618261004784988
squats_24,squat,116.39631443499334,10.090244671057688,93.26516647645158,128.3768931380617,35.111726661610106,2.9332139194506492,10.033338010332486,109.90694009715338,12.363374384025732,81.37289262188034,121.81627138498462,40.44337876310428,2.307246875173767,9.817112343900149,85.93464519609304,47.754208326511794,0.20942777035491333,129.53389915588502,129.3244713855301,4.6427919840836385,15.547761669041812,90.70362433391593,44.50840626729451,3.7592711343218075,130.42460244179273,126.66533130747092,4.4537302376582035,17.885394766762527,103.14189792322401,49.70587378808702,44.36200421245789,178.969511359199,134.6075071467411,4.733062823461539,11.577321017325772,101.08967835796736,47.751026345290086,46.29003964928047,179.80038171303437,133.5103420637539,4.663851989053024,11.357240492713203,112.35584065713714,47.08263023957264,52.60891869149391,178.91129303096028,126.30237433946637,4.456741504248517,12.494418610659636,109.63551076475044,45.32451742898752,54.315277846538685,179.92189285081707,125.60661500427838,4.442316404075589,11.60785517936182,0.06406867498299057,0.31806617277412164,-0.20310637756053196,0.6662045730536759,0.8693109506142078,0.03264618170402707,0.1602121474107736,0.023566949055378213,0.26406944446265435,-0.21838772534766604,0.4821679533084633,0.7005556786561293,0.02871540900159788,0.07633909013394258,0.0,0.0,0.0,0.0,0.0,0.0,0.0,0.7836141447695089
squats_25,squat,54.50647448281014,5.379837143368799,44.167380083236836,62.04746634061449,17.880086257377656,2.0943199380487827,8.282965833968554,42.100247069915234,3.7600839344554005,36.42007600382211,48.847555393302585,12.427479389480474,1.6382594558562047,6.344427075990026,33.85515205475614,24.68554281869004,4.429868222095945,64.59249459631953,60.16262637422358,2.42470062169974,7.398031377001558,37.57180445901327,23.77123300215054,6.734594366165318,64.48108835755413,57.74649399138881,2.1319170209708846,6.4225393736606975,142.09892668860272,39.25818178645179,74.4468208952002,178.1427519448612,103.695931049661,3.8604313838439164,10.93811636331543,139.87781107696466,36.89367929429418,80.36859587218358,178.12758952215125,97.75899364996768,3.5946151504176984,9.024233211429888,148.7318157574919,32.56113264014178,91.15598375016245,175.4055391763917,84.24955542622925,3.2771449291728483,11.589834288681459,148.68772068462133,29.44615628594426,98.29463355916151,175.86318913316157,77.56855557400006,2.9497696440709804,9.135284527866844,0.236204852710207,0.13484674525539103,0.0696369414229756,0.4119357121989775,0.3422987707760019,0.02026153499337838,0.050952237409921164,0.20453278091935684,0.14388725533635915,0.03277606119704313,0.40014160275211164,0.3673655415550685,0.021257901760894534,0.050685703019735295,-2.4951105996133075e-17,4.13794176970507e-17,-9.540979117872439e-17,0.0,9.540979117872439e-17,1.6210691792748784e-17,9.540979117872439e-17,0.605848603971579
squats_25,squat,79.96758018755044,37.29835476402855,49.19967818788453,153.82108699303834,104.6214088051538,5.881641046023734,24.956893367680337,69.86421689085797,38.87871024617,37.59460899827924,143.1373671522732,105.54275815399397,5.283195060212138,25.19694175398142,40.409912107128626,24.124973914269226,2.2126585137243113,64.71956418032737,62.50690566660305,3.942363988069757,14.952373266567463,41.764605294504136,24.382959735232642,1.1434970036803507,64.6465596047619,63.50306260108155,3.654118194507341,13.02871711842618,127.68120028605479,34.865685063586255,74.4468208952002,178.4816370004437,104.0348161052435,6.604984321071577,13.155421397009562,126.33666575954399,32.25997121839641,80.36859587218358,175.98711153214518,95.6185156599616,5.749792672728119,12.875015232516674,137.70683008028357,29.43476016524961,91.15598375016245,173.8097377845549,82.65375403439245,5.630189676918207,13.986704449746412,137.72239668675184,26.001437909517456,98.29463355916151,174.0999052686656,75.80527170950408,4.862550684507333,11.368661253427916,0.3020834559853091,0.23903198704752562,0.0696369414229756,0.7054766322224273,0.6358396907994517,0.03878100953187769,0.10828291111292387,0.2936903712130009,0.2814785662264571,0.03277606119704313,0.7467478015238241,0.713971740326781,0.03765689526049133,0.16046402911319435,-3.064678140892359e-18,1.650379686952793e-17,-9.194034422677078e-17,0.0,9.194034422677078e-17,6.340713394949709e-18,9.194034422677078e-17,0.8211534757636261
squats_25,squat,80.42625813097762,39.48953013141978,38.396161296782836,153.82108699303834,115.4249256962555,8.25908556642585,26.075248288410037,70.13731700508556,41.19142020823219,27.14726488500421,143.1373671522732,115.99010226726901,7.809873298442798,32.03492285603461,30.48442318379838,23.18564753147962,0.3062554041994147,64.71956418032737,64.41330877612795,5.3757766062446235,14.952373266567463,33.186437029434764,23.959156283077842,1.1434970036803507,66.5924464627354,65.44894945905504,5.142735332102726,13.02871711842618,141.17811078347148,30.425966013093102,82.42871244503861,178.4816370004437,96.05292455540508,6.446794804759403,13.155421397009562,137.75365150578958,29.57073279029173,81.87776352039884,175.98711153214518,94.10934801174633,6.211148295728084,12.875015232516674,148.0592483059829,24.138490475406265,98.53599680267969,173.8097377845549,75.2737409818752,5.069267706699928,13.986704449746412,147.24877730921563,22.218457685484992,104.16347108685996,174.0999052686656,69.93643418180564,4.7048602277048435,11.368661253427916,0.3628848212203863,0.22059889274554487,0.07902247881367008,0.7054766322224273,0.6264541534087572,0.04778651699002944,0.10828291111292387,0.3541371555838851,0.26694758820247416,0.01559768217557489,0.7467478015238241,0.7311501193482492,0.05474155728806968,0.16046402911319435,-3.064678140892359e-18,1.650379686952793e-17,-9.194034422677078e-17,0.0,9.194034422677078e-17,6.340713394949709e-18,9.194034422677078e-17,1.1852436969310665
squats_25,squat,68.39822593973024,38.755717810125034,38.396161296782836,175.907454478883,137.5112931821002,7.7142444660959475,29.417746676011944,57.501414869210386,42.815988918808,27.14726488500421,171.61705881681482,144.4697939318106,7.54862922886747,46.34213095510622,41.410931132479526,21.577800006691053,0.3062554041994147,68.09319434416571,67.78693893996629,5.57239676000767,12.462674664330017,45.53886103596039,22.26849038881114,1.2250959445843221,69.16194320966608,67.93684726508175,4.861086166596295,12.143311017099707,123.73698609548389,33.503973858956286,74.4796145417907,176.02061925733383,101.54100471554314,6.472962739792198,13.064046075185303,120.66577657330201,30.966127039541806,78.86550998747687,172.20183281347485,93.33632282599798,6.007345950572718,9.920580682196388,135.2929379789075,28.37723015313711,92.47366558804458,172.66105473867196,80.18738915062738,5.4206323557706835,13.29330804605101,135.74013943295813,24.629192240314396,101.40443609787083,172.150456160761,70.74602006289017,4.72940633074033,9.255430061570564,0.30514361418054226,0.23298472815200882,0.07902247881367008,0.9009865180636587,0.8219640392499886,0.05192123224898974,0.15514557525516365,0.2825537478056861,0.2901296881447589,0.01559768217557489,1.0427872899160038,1.027189607740429,0.060561797626738405,0.20189581228213205,0.0,0.0,0.0,0.0,0.0,0.0,0.0,1.1354821997926707
squats_25,squat,113.54574282851793,55.70823557762386,43.73887817709436,179.72362241758805,135.98474424049368,9.493470718636702,29.417746676011944,104.36550007646636,60.063251624998124,29.017685271506238,172.28717690565978,143.26949163415355,9.952992112256325,46.34213095510622,28.54151079370289,24.432164446154715,0.02365499695580781,68.09319434416571,68.0695393472099,4.865247625793516,13.783276054068097,31.892029826731346,25.070298469283067,0.9037981254024886,69.16194320966608,68.25814508426359,4.765088437915218,11.901954617150153,139.02262002751985,36.48155856322662,74.4796145417907,179.60897190822936,105.12935736643867,5.285173684443479,13.064046075185303,137.34203312040626,35.51408706073146,78.86550998747687,179.4882898741802,100.62277988670333,5.205981372808096,9.920580682196388,147.6572251622364,29.711556880430464,92.47366558804458,176.8979170694279,84.42425148138332,4.147170262937417,13.29330804605101,148.46243645785316,27.70765848017264,101.40443609787083,177.90618156528356,76.50174546741273,3.8684952562436825,9.255430061570564,0.5622193975712662,0.314304584788719,0.11864535814806798,0.9516953174989428,0.8330499593508748,0.06026659277436136,0.15514557525516365,0.600460430997804,0.3948702939619948,0.07190360986883049,1.1004247931193416,1.0285211832505112,0.06895363866781136,0.20189581228213205,0.0,0.0,0.0,0.0,0.0,0.0,0.0,1.5711396117185745
squats_25,squat,96.77132946443363,57.772409026719075,39.131644701077875,179.72362241758805,140.59197771651017,6.158685521130175,25.286389894940683,84.3572146666239,62.42137707784392,29.5844851791095,172.28717690565978,142.70269172655028,5.335960062535461,45.94067595995173,33.748135321329535,24.333139800451125,0.02365499695580781,65.76801742529828,65.74436242834247,3.49479827348725,13.783276054068097,37.72439525755064,24.667458774736836,0.9037981254024886,66.35543890791863,65.45164078251614,2.974949333381,9.04661024031655,130.79655147564512,38.98504113867851,76.5048893210563,179.60897190822936,103.10408258717307,5.140505755781474,14.478284751210438,128.84970619337506,37.91553881979786,80.60190285993085,179.4882898741802,98.88638701424935,4.715632188074215,9.518330376272473,139.1418090056295,31.899646036897373,92.87362915263327,176.8979170694279,84.02428791679463,4.167747614753643,11.662085358111199,140.68102016414315,30.07047565184746,100.10018957056329,177.90618156528356,77.80599199472027,3.729662608657436,8.990380838343981,0.4730255359044797,0.32123348403152424,0.05527742073662956,0.9516953174989428,0.8964178967623132,0.0427576856217499,0.1405937074658421,0.4894038922326508,0.39878640648152003,0.07465433340743921,1.1004247931193416,1.0257704597119024,0.043428399492161804,0.15842103575115263,0.0,0.0,0.0,0.0,0.0,0.0,0.0,1.011876218842601
squats_27,squat,101.53012882786811,4.711465784533685,92.67999029926243,108.22569169184607,15.545701392583638,1.6607584872237875,5.057017103960561,123.42739687886805,1.634788360734997,120.797005337014,126.72585901229404,5.928853675280038,0.776006529833058,2.8395297135699877,104.70133942615001,1.0899649207179212,103.28646887252303,106.82532989780728,3.5388610252842483,0.40883861147783307,1.3496853320530846,97.32692665329644,0.8643327197066437,95.48719646374585,99.15682157008459,3.669625106338742,0.6187053539231099,1.3894631869310246,92.18387881090098,2.017019792598094,89.53935820804092,96.87386226356207,7.334504055521151,0.6449195013196781,2.292907347464677,97.26523766367121,2.2259930436682756,94.14948655584348,101.87399017433931,7.724503618495831,0.7084224095301108,2.13181690744743,107.0328079186795,11.203122914933608,92.05854111321531,127.08254797936513,35.02400686614982,2.8972795549032706,8.13026040749881,114.75863936457174,12.005257787298403,99.78588335939752,135.21843157997972,35.432548220582206,3.0248403574231357,9.0168062799561,1.0552078883104576,0.02287834097100292,1.0237314785899498,1.1043575534967718,0.08062607490682194,0.008077499393835156,0.022658615142947536,1.0633643193850673,0.020718031654220065,1.0259174326695435,1.1036521325978694,0.07773469992832593,0.00666228373090278,0.019168070905283496,-5.906733435701028e-17,6.31545572247436e-17,-1.2836953722228372e-16,0.0,1.2836953722228372e-16,6.167241047352028e-17,1.2836953722228372e-16,0.47616344730476506
squats_27,squat,101.41971872981905,8.990228922749354,92.67999029926243,133.3743463504023,40.69435605113988,2.6796362766795907,14.344129127102747,123.99813430448472,2.9798664987300025,120.797005337014,134.42545413687816,13.62844879986416,0.9994539365619214,4.039046792870721,104.158989392578,2.0010915270007765,96.95986564974426,106.82532989780728,9.86546424806302,0.6310135661514478,3.725728387885809,97.1110111796018,1.288532213798367,93.07522176588601,99.15682157008459,6.081599804198575,0.56981998688084,1.7495389379450188,92.04853055205565,2.6260125544299213,88.03546972024037,96.87386226356207,8.838392543321703,0.8996286442447584,3.8081257889181614,97.34579762963894,2.257132704343391,94.70135589118586,101.87399017433931,7.172634283153457,0.7053671451214638,2.13181690744743,105.42391255209294,12.134105631981408,92.05854111321531,127.08254797936513,35.02400686614982,3.2565315546377995,8.13026040749881,112.93086044160191,12.648077295052511,99.60554371230496,135.21843157997972,35.61288786767476,3.3358234058200953,9.0168062799561,1.062202261771472,0.05573544220212242,1.0205337927896831,1.2993819253948657,0.2788481326051826,0.01445762109882021,0.09644564875913586,1.07423784684512,0.04047170505152478,1.0259174326695435,1.2367117796735019,0.21079434700395838,0.011192938393646672,0.08488818432586132,-6.380891185801355e-17,6.381946971527686e-17,-1.3183898417423734e-16,0.0,1.3183898417423734e-16,7.940846256411074e-17,1.3183898417423734e-16,0.5953049851354114
squats_27,squat,133.1811302998391,31.421953543660365,92.88290173215195,171.15357704662767,78.27067531447572,3.177498256389915,14.344129127102747,143.56450969135986,18.97433769937933,122.30962793869095,168.30506151888397,45.99543358019302,1.9515082255942238,8.829074275708336,79.29193121967448,30.22900058726001,18.811696532865735,106.51576649027827,87.70406995741253,3.132469235411464,8.672819522693093,73.87266386093248,28.922194638617327,15.318404989768688,98.60579135387064,83.28738636410196,2.899747721260207,9.415467602707565,110.10855807147189,23.650068370027082,88.03546972024037,160.08798422841326,72.05251450817289,2.7819958931382525,6.760194982569743,114.74411130805403,22.510425207795933,94.70135589118586,161.3476215316003,66.64626564041446,2.487238043476566,6.367209321864578,119.41933164104941,18.71465000297589,92.64520094028497,143.46561193923475,50.82041099894978,2.7682076879322994,7.666342532966482,125.49403119888785,17.576730512740365,99.60554371230496,148.95577362379026,49.3502299114853,2.769490434763772,8.643378269570647,1.273998489376479,0.25408105707588036,1.0205337927896831,1.7945158711889273,0.7739820783992442,0.04863839825762705,0.17220132419992007,1.2301409623015709,0.2024854193300693,1.0168739413389498,1.634789145990475,0.6179152046515253,0.0427601731505852,0.145156220241339,-6.007925638466342e-17,6.428234426688418e-17,-1.3704315460216776e-16,0.0,1.3704315460216776e-16,8.428363371211452e-17,1.3704315460216776e-16,1.0327837148786065
squats_27,squat,166.23760105426246,7.608430540742733,137.5363691291826,171.97623380628997,34.43986467710738,1.7074850251528972,9.37875601803259,163.8942997993535,6.763138968125666,137.51874818776096,170.57975033856988,33.06100215080892,1.7662849034194872,8.829074275708336,45.675252597137494,23.467581694297934,18.39802060465038,94.48871131093453,76.09069070628415,4.382751905757269,8.672819522693093,41.30384479513192,22.904133276224602,14.679280656061543,91.53311239297882,76.85383173691727,4.278453688623256,9.415467602707565,138.91759808074272,20.14729201663525,96.3666049173837,162.5264757274669,66.1598708100832,3.6362777302225058,6.760194982569743,143.01402064257462,19.026682814365586,100.01728196054032,163.50671302891578,63.48943106837547,3.363299575749649,6.367209321864578,138.86263633864695,7.0783846619018185,115.05965216396694,143.59161254384645,28.531960379879507,1.3058611742674946,6.1200781762804155,143.19983490294644,6.0619592448639175,123.39146532356477,149.37461470489825,25.983149381333476,1.2472589339590123,5.446336131032041,1.4608717966667515,0.20238831234797686,1.1944646020216372,1.7945158711889273,0.6000512691672901,0.05431289851012437,0.17220132419992007,1.3554776670928232,0.2264730944701558,0.9976018252832665,1.676719911317399,0.6791180860341325,0.057149004810188676,0.15283588804356207,-5.0458769107475374e-17,6.193850429828752e-17,-1.3704315460216776e-16,0.0,1.3704315460216776e-16,8.262368279975741e-17,1.3704315460216776e-16,1.2703192613340895
squats_27,squat,171.56988192354143,2.2683798881288,167.55085267048523,175.41408755472813,7.8632348842429,0.6266380333157536,2.1084941927787213,167.99547596052628,2.4973638000984995,163.14345567173925,173.1654589366996,10.022003264960347,0.8063167161488295,3.1496151131570684,61.181893430458715,27.862525344806553,18.39802060465038,93.15846860000015,74.76044799534976,2.577946482598268,7.414055683969998,54.77649193969835,25.85272982931593,14.679280656061543,85.71835787006147,71.03907721399992,2.4581040412332356,6.405356132908686,127.47423099650145,24.12724942873807,97.3773138310363,162.5264757274669,65.1491618964306,2.2744986221389483,6.600408677640388,132.17917789322414,23.21731472228717,103.02750788158181,163.50671302891578,60.47920514733397,2.124473216291574,5.960024598407784,133.09227632658667,9.485583709386205,120.71316517715674,143.59161254384645,22.878447366689713,0.8428013884128126,2.549630192688454,136.8799675889377,9.541858482911639,124.35355012249028,149.37461470489825,25.021064582407973,0.9346557738728734,2.6265274188193075,1.5946161657960725,0.19889114625156032,1.2014638348127549,1.8226090667864145,0.6211452319736597,0.03168952189874127,0.11435112528463143,1.473807912461084,0.21755570361742968,0.9976018252832665,1.676719911317399,0.6791180860341325,0.030427111354825294,0.15283588804356207,-6.829750885210354e-17,6.400989773846343e-17,-1.3183898417423734e-16,0.0,1.3183898417423734e-16,6.548581121812447e-17,1.3183898417423734e-16,1.0473698107022602
squats_27,squat,174.07217735046044,1.1929920756591375,171.5337355286473,175.45076977715772,3.9170342485104186,0.3662207629776686,1.3187548868370413,171.65175954281696,2.2462858608329177,168.2334766151538,175.12196011990184,6.888483504748052,0.5997287826699023,3.1496151131570684,92.08772119071367,7.415886552693401,73.24429207678067,100.21952856654721,26.975236489766544,1.0165666933685913,4.264413534616082,84.07999982477466,7.249537854008888,65.33911392107797,92.27878726512687,26.9396733440489,1.0222596345127848,5.04848673549084,99.69221440929384,7.789609371043253,91.14181299624671,119.61625154777073,28.474438551524017,1.1095301340677326,3.64409581019666,105.51800832107773,7.122567417010431,97.66104181320564,125.81783264116196,28.156790827956314,1.1698616104309933,4.868681217648572,120.12540971875686,6.086181896154968,108.59976437113056,132.8168724545219,24.217108083391338,1.5376540073907863,5.790697235430784,125.36903530797298,5.138211083051483,116.723213293429,138.20531397686815,21.482100683439157,1.4389140573828598,4.127831055634132,1.760706551710853,0.04584707031005897,1.6673169350944224,1.8226090667864145,0.15529213169199219,0.020907058850929465,0.0637546056693814,1.6004384782430863,0.02970777159699352,1.5216907123432775,1.6546119991640174,0.1329212868207399,0.013485146523527104,0.0447202929625079,-7.372213372177269e-17,6.447956408679231e-17,-1.3183898417423734e-16,0.0,1.3183898417423734e-16,6.706351231049993e-17,1.3183898417423734e-16,0.5716892789454043
squats_27,squat,174.6754046145494,0.6286775221591782,173.5043096742562,176.06782510274567,2.563515428489467,0.3903619117956578,1.3458830712665701,173.47087284144658,0.6503654033946508,172.1391497171472,175.12196011990184,2.9828104027546374,0.5057967052173863,2.5432363189960654,96.69483460935486,2.5611766304373385,92.437398899211,100.21952856654721,7.782129667336207,0.6688670052814303,3.296311324460291,89.1429859330877,2.1200414355166144,85.13837991513883,92.27878726512687,7.140407349988038,0.6135760302437999,2.302844843888437,94.05471502595768,3.6758336094294566,88.65620094361495,100.90000618860721,12.24380524499226,1.0170103820546952,4.9837112045618,100.27735059825815,3.583129695908756,95.04105247434651,106.6761087133661,11.63505623901959,0.9870355909131842,3.6887423812500515,115.4562050479158,11.300780954975167,95.67698960876444,135.08220641281426,39.405216804049815,3.475918104993312,12.894808692693573,122.18366253773107,10.90616321799469,102.91419963478148,141.4980525547198,38.58385291993832,3.2525948802332896,11.078730079742442,1.774962361956476,0.04099303811207311,1.700346709407296,1.8539072658168507,0.1535605564095548,0.021482763833918207,0.09535635488663652,1.5830849293275233,0.02456194248848835,1.5369209305030318,1.6210016944351748,0.08408076393214303,0.012489454695160208,0.0447202929625079,-6.037921898571774e-17,6.455331813778921e-17,-1.3140530330524314e-16,0.0,1.3140530330524314e-16,7.570722066493608e-17,1.3053794156725473e-16,0.24948032563741385
squats_28,squat,160.28594490186438,11.950021603346944,135.92975679852847,172.24917597812856,36.31941917960009,3.1097784729700866,11.827372514876686,162.78102314303746,14.00520405322356,135.28138690932488,175.49454039648552,40.21315348716064,2.890338110415167,11.141138729907624,30.63722689711362,31.766728960708072,0.2341044448122804,79.72023718330152,79.48613273848925,3.0509688966123663,15.03901595232773,35.03662694980168,32.75930933591078,3.9108786749359954,85.37969432674328,81.46881565180728,3.089108706975757,12.587131077367268,158.84045659250796,24.803858962839072,107.36516398484385,179.89248664277665,72.5273226579328,2.5061998097386433,7.611532533459467,156.3312602608501,26.39316378354876,104.38314137539422,179.07647279709028,74.69333142169606,2.598423122912252,8.026348438424208,159.67911053451036,20.471198663472563,114.56976117597588,176.90370290715757,62.33394173118168,2.1798948379928187,5.96757443953436,160.75298138404386,22.184922243489712,115.85362947427105,179.7885144973432,63.93488502307214,2.2102366438803256,7.283008097452409,0.6431275744817241,0.31314414613048835,0.18594072389230587,0.9481179591332758,0.7621772352409699,0.028735439220700324,0.10838100129769157,0.665265576352718,0.36305985293536436,0.1249349067575456,1.024737725003833,0.8998028182462874,0.033554519944044785,0.10443284716254475,-4.125298916126304e-17,4.41716739453024e-17,-1.0061396160665481e-16,0.0,1.0061396160665481e-16,5.2458561321483987e-17,1.0061396160665481e-16,1.2786211898648618
squats_28,squat,149.43665322263828,7.793427343517515,135.92975679852847,166.95484535350312,31.025088554974644,4.142269700602316,11.827372514876686,151.45642420477822,11.684571923278462,135.28138690932488,173.32589373556937,38.044506826244486,4.520988907245283,11.141138729907624,61.52771682075637,22.083655742186043,15.352865506965145,84.94735007486109,69.59448456789595,5.019188176503005,15.39053574080301,66.66328769579981,21.960245563943648,20.630950786152756,93.20712762285463,72.57617683670188,5.301627705289607,12.587131077367268,133.61692764843627,21.310750125283647,104.0689032962472,171.19351950973788,67.12461621349068,4.316753195433834,8.909757588300081,130.9438517606085,21.859210266996545,101.00861956051135,171.52863047878208,70.52001091827073,4.731542176866336,9.229273652916618,139.45742615899906,19.20417667101452,110.9405394981132,169.44710695762944,58.50656745951625,3.9538831631080704,7.959650330493602,139.40585800086035,18.97119831619024,112.72918416014191,173.1528799004316,60.42369574028969,4.127068617066454,7.549660526913954,0.3319653917180778,0.20470045002921516,0.11310657356636022,0.7980033989089504,0.6848968253425902,0.050101717099522845,0.16908877197588323,0.319587592832888,0.24029783086251025,0.03946885564191749,0.8476433709791452,0.8081745153372277,0.05738248059868408,0.12240282068726704,-2.7801880083412147e-17,4.2538610698213226e-17,-1.0061396160665481e-16,0.0,1.0061396160665481e-16,3.87868653921463e-17,1.0061396160665481e-16,1.1082842299287827
squats_28,squat,153.24481760237526,9.426965799321602,136.62593203106718,170.21344365855603,33.58751162748885,3.979584964663006,10.812645889102072,155.4318102473899,12.127210612264445,133.86230846643346,173.32589373556937,39.463585269135905,3.9137447579490154,12.340543726537703,47.300316591139705,29.497090905983548,2.6497338071930883,84.94735007486109,82.297616267668,5.3302644854195655,15.39053574080301,52.035021299148546,29.656711210083316,5.481072171983546,93.20712762285463,87.72605545087109,5.654580666302458,15.209582727908405,142.58447434159424,23.192842403168008,104.0689032962472,171.6976086923974,67.62870539615021,4.071256790296636,8.909757588300081,140.2930161254289,24.374472522312274,101.00861956051135,172.2915656468201,71.28294608630874,4.352973826740571,9.229273652916618,146.65165815346077,20.67701527511215,110.9405394981132,172.25559444346078,61.31505494534758,3.619196751409359,7.959650330493602,147.0257760230633,21.28596016427308,112.72918416014191,175.03167036988307,62.30248620974116,3.8886224924095303,8.340677315742823,0.47884177113121934,0.2998519806463658,0.11310657356636022,0.9584313113518509,0.8453247377854907,0.059303986612674754,0.16908877197588323,0.4796640458557928,0.32449007196975044,0.03946885564191749,0.9564339924462205,0.916965136804303,0.0615334700779187,0.13008023998031948,-3.370716791621653e-17,4.438300511818895e-17,-9.8879238130678e-17,0.0,9.8879238130678e-17,3.845412748403868e-17,9.8879238130678e-17,1.184918139172811
squats_28,squat,150.67489324074137,12.458458676322431,126.4849534712943,170.21344365855603,43.72849018726173,4.370829803209438,16.280890278826988,151.43075592424597,14.670130901387209,129.15195132570952,170.58034217491732,41.4283908492078,3.853229749491071,12.340543726537703,44.802799263177604,26.334902546767914,2.6497338071930883,74.3315911844662,71.68185737727312,4.775861318395067,15.938848038660964,49.12665205518667,26.506746766326057,5.481072171983546,79.12366285540871,73.64259068342517,4.849815569345101,15.209582727908405,141.5187573617144,22.375379189627747,108.98845003024996,171.6976086923974,62.709158662147445,4.095852611588079,8.641365257826038,138.66842188228813,23.73470939488709,105.26645207183415,172.2915656468201,67.02511357498594,4.238646102319086,9.1739028621775,144.94548276669187,19.748997911715737,115.68316318249254,172.25559444346078,56.572431260968244,3.5887792917435077,9.500352876520878,144.81104316905387,21.03547161885795,116.01096236902083,175.03167036988307,59.02070800086224,3.7550494031547683,8.340677315742823,0.5028582940440108,0.2787255698926377,0.20495624049096306,0.9584313113518509,0.7534750708608878,0.051483725578064625,0.15384163219225466,0.501391806559103,0.30351260009238146,0.17370579986149715,0.9564339924462205,0.7827281925847234,0.05364893695309529,0.14755229712656726,-2.749898110147401e-17,4.2093679693843286e-17,-9.8879238130678e-17,0.0,9.8879238130678e-17,2.872014168632291e-17,9.8879238130678e-17,1.138497492431221
squats_28,squat,152.04508932952896,12.755005181785458,126.4849534712943,172.5478879841025,46.062934512808184,4.327454183060302,16.280890278826988,153.06961235353415,14.768751440594054,129.15195132570952,173.31173391245872,44.1597825867492,3.4153516311449614,12.871860137920294,42.86735502998629,26.86500887649786,2.2578883530032883,74.3315911844662,72.07370283146292,5.132404274490435,17.250291275985674,47.61131842850785,26.593829235294248,5.177563580353678,79.12366285540871,73.94609927505503,5.0946814039435315,14.80017804448483,143.82732036286018,22.959751913512164,108.98845003024996,173.01750900886063,64.02905897861066,4.028224227057224,8.641365257826038,140.93797814798577,23.69489279770212,105.26645207183415,172.12177457260827,66.85532250077412,4.2141114772754324,8.502594983230608,147.07822161402436,20.115092360616575,115.68316318249254,172.77054223838817,57.08737905589564,3.5627679877544804,9.500352876520878,147.3571221022897,21.318235001756957,116.01096236902083,175.1299906855176,59.11902831649678,3.650981936970509,8.237692360870028,0.5275544523656956,0.2916751781760474,0.20495624049096306,0.992690335832841,0.787734095341878,0.05606154845793306,0.15384163219225466,0.5233738085682283,0.3123166940028415,0.17370579986149715,0.9937447137224843,0.8200389138609872,0.057231717260817494,0.14755229712656726,-2.4399518140881074e-17,4.0514318352338536e-17,-9.71445146547012e-17,0.0,9.71445146547012e-17,3.2306420768932293e-17,9.71445146547012e-17,1.1626418178517073
squats_28,squat,150.58120384929785,12.227320587180879,132.84885681011224,172.5478879841025,39.69903117399025,3.8005577628243277,11.70594368225892,149.98696176415086,14.558451601803089,132.12097967225034,173.31173391245872,41.19075424020838,2.880868070097549,12.871860137920294,48.03534135268794,28.152169902107808,2.2578883530032883,75.59134675470906,73.33345840170577,3.593702085494213,17.250291275985674,52.48048752791348,27.418210024688353,5.177563580353678,77.94052411198511,72.76296053163144,3.62300069296875,14.80017804448483,138.8512838045782,25.05476609099046,106.41746190204996,173.01750900886063,66.60004710681066,3.554059666539525,7.269726164341705,135.63189737913515,25.33029547104561,103.13439800346224,172.12177457260827,68.98737656914604,3.5937220173291644,7.504145166625619,142.35609514814695,22.024685221917817,112.86211159546386,172.77054223838817,59.908430642924316,3.2020251438565634,6.225176141349323,142.73922726864313,22.743236167893606,114.24172131052146,175.1299906855176,60.888269374996156,3.0899514911646846,5.7151690341936785,0.480657735804564,0.29713500135837684,0.18419313333648646,0.992690335832841,0.8084972024963546,0.04135517256040762,0.14935194199969448,0.46525460068434304,0.31302449142089744,0.1762253985251827,0.9937447137224843,0.8175193151973016,0.04090374161700224,0.1471147945818535,-2.1305927942055768e-17,3.8687181217483507e-17,-1.0061396160665481e-16,0.0,1.0061396160665481e-16,2.5905889323086832e-17,1.0061396160665481e-16,1.0341055457709125
squats_28,squat,153.10482691810142,14.252032201704095,132.84885681011224,175.7313710109986,42.88251420088636,3.3680598102134467,13.28474706607986,152.94382177056497,16.661977003211103,132.12097967225034,174.49491428621025,42.373934613959904,2.6605151387804287,9.419006335721974,41.558876333588486,30.86095303651895,0.938440374187998,75.59134675470906,74.65290638052106,2.8640519381676306,10.670798178985834,45.470021241623,30.81913278625701,3.5570220527384646,77.94052411198511,74.38350205924665,2.8884576535268534,9.282230984338515,140.4918954196078,26.35150471266079,106.41746190204996,174.64946593387845,68.23200403182848,3.2136981113909395,7.511747345319719,138.67835366797348,27.317868605930425,103.13439800346224,173.18929558660307,70.05489758314083,3.160039903291811,8.59649000609349,144.20115006850617,23.477347173397906,112.86211159546386,173.862210647879,61.00009905241515,2.939290964806555,6.517747955298887,145.11577801800433,24.428520464078765,114.24172131052146,176.57630477933975,62.334583468818295,2.815551298644317,8.61348182655027,0.5570261086716733,0.33392439703211974,0.18419313333648646,1.041704030692516,0.8575108973560296,0.03554505110429177,0.13520536468697786,0.5553654641525029,0.36060075428806376,0.1762253985251827,1.055897126045719,0.8796717275205364,0.03527937387407435,0.12550652417138808,-3.30916573078784e-17,4.356285940919081e-17,-1.0061396160665481e-16,0.0,1.0061396160665481e-16,2.5370330836160804e-17,1.0061396160665481e-16,0.9713490178177113
squats_29,squat,138.7627707495619,12.540162998397033,128.4659688129821,171.21627776100965,42.75030894802754,3.087242320081016,15.15161455782058,135.14145613298635,14.277436061365526,119.53246915227189,169.85129700426853,50.318827851996645,2.655365018762557,11.232192677485443,60.272703391291074,31.200847996701587,0.38514660490317376,89.40203661897662,89.01689001407345,3.43765228404021,14.391053323292018,58.48259336776007,29.190469011891523,2.5753661547608004,89.81330914272243,87.23794298796163,3.0354192241591447,10.832360765091224,162.89118931076865,18.66409214359283,118.3006704629812,178.8949921641906,60.594321701209395,2.108392750325371,5.926240217469541,161.4476032741972,20.579640052392925,115.7006985206115,179.04715317020705,63.34645464959556,2.226850480985856,6.651359636181127,167.42904683125852,13.726584944354295,132.7308485884458,178.65022051074882,45.919371922303014,1.688873030576955,5.399828043322856,165.46323058112648,14.29905800048795,131.4005016418785,177.9325461686844,46.53204452680592,1.7040797873786853,5.001869756775989,0.21090132957528201,0.3783487504807719,-0.07460369281412993,1.0250789363464028,1.0996826291605326,0.04480073072652525,0.1833267817792783,0.22731669583310773,0.39518419429391627,-0.05252166563278848,1.1035826117411998,1.1561042773739882,0.044931582968181935,0.18409234294211507,-3.994200803436598e-17,4.8933137033809894e-17,-1.0451708942760263e-16,0.0,1.0451708942760263e-16,3.8029325856974314e-17,1.0451708942760263e-16,1.5806636851819724
squats_29,squat,134.74101678181705,4.789838891541772,129.11777403063056,146.2821200800433,17.164346049412757,2.242386086008204,6.1646186265199105,129.4943793971735,3.5017183503699982,124.67165497974494,136.07719450085744,11.405539521112502,1.4412256056647923,5.206778394191218,89.24901445098186,6.721429961338049,77.85476406052156,100.85427090951843,22.999506848996873,1.7596948091673068,5.113630684351904,87.2051997746943,7.871298170725179,70.37798434606928,96.7169835917601,26.338999245690815,1.6104586702915389,5.129728756749287,138.48319522756844,20.272957851601287,112.57656640972071,172.25812036396167,59.681553954240954,3.71488085040103,8.610215634358752,135.72008226607466,20.935165665836582,108.53826090979722,172.30934639161885,63.77108548182163,3.910130416086645,8.645577106519738,148.86441816421032,17.064843464426243,126.21488015934102,174.778777256971,48.56389709762999,3.162696913750261,8.482114479531191,146.91762850873155,16.573801808945884,123.89469152033442,171.94081558936324,48.04612406902882,3.1264901240517946,7.8066004138610765,-0.03772584185926641,0.042228379880312465,-0.1375636211123079,0.03168854027479351,0.16925216138710142,0.014113817749792644,0.048725481633549506,-0.04198667781487453,0.03552896564077311,-0.1193977515892155,0.006122233635258989,0.1255199852244745,0.010991552037770625,0.03404515841693445,-1.6826817716975028e-17,3.763880259170797e-17,-1.0451708942760263e-16,0.0,1.0451708942760263e-16,1.7451916348835636e-17,1.0451708942760263e-16,0.5069472934676498
squats_29,squat,140.6836368309383,10.078341386902535,130.884306749453,169.55057545530616,38.666268705853156,3.4318179499435897,33.25634139572199,134.5273339056857,11.73781064350455,124.62382526039411,170.9849730220083,46.36114776161418,2.8051466405812424,15.128746891675007,78.15353487571251,31.526615545237092,2.912165705571662,101.12484308350255,98.21267737793089,4.463672200828009,18.20155589499545,73.65890649792432,28.92043698227004,4.993676422749389,96.7169835917601,91.72330716901071,3.9963806236661408,20.30143117034605,150.29977432233167,25.6408636780796,112.57656640972071,179.01277899820897,66.43621258848826,2.455112417264832,8.610215634358752,149.64280663854007,27.345784976874874,108.53826090979722,179.90989473295156,71.37163382315434,2.758930763392308,8.645577106519738,157.84854370200006,21.00667813784955,126.21488015934102,178.8387560787013,52.62387591936027,2.0554725958323257,8.482114479531191,156.77807543585652,21.087153120876632,123.89469152033442,179.27807304048883,55.383381520154416,2.161948592419088,7.8066004138610765,0.07790553049769453,0.34255699791380234,-0.1986568497925726,1.0111172596962428,1.2097741094888153,0.05073539877801642,0.25438894099838627,0.08902683919302529,0.3576980103486321,-0.17303401930089968,1.0942443383655691,1.2672783576664688,0.05181377872407989,0.24463191654975047,-2.0036056147532123e-17,4.0076179802407156e-17,-1.0191500421363742e-16,0.0,1.0191500421363742e-16,3.1165204516686774e-17,1.0191500421363742e-16,1.5582964468877891
squats_29,squat,156.62832370571292,14.82399986609213,133.95053260089662,170.58511172452833,36.63457912363171,2.5310061134005934,33.25634139572199,152.95931611344832,17.944688486013558,124.62382526039411,170.9849730220083,46.36114776161418,2.4238220818116774,15.128746891675007,31.369656032542377,39.90717255505879,0.14911693016039299,101.12484308350255,100.97572615334217,3.8340456539018417,18.20155589499545,28.965008810075712,33.324719760973366,0.7946407204939144,87.25771335358849,86.46307263309457,3.6025455481096778,20.30143117034605,175.53853475681456,4.452350793918857,162.6349087977871,179.9411805314681,17.306271733681,0.9101646099262023,2.905972224640891,176.06438679275416,4.160939280402538,162.76402934973987,179.90989473295156,17.145865383211685,0.9986591567001514,3.7972084969976265,176.4006657965394,2.4537148091564456,170.9925879298235,179.46947023312978,8.476882303306297,0.8018682464308808,3.3440452285905735,175.40949327934402,2.878920503547286,169.1909090433587,179.27807304048883,10.087163997130148,0.8410633189896162,2.9505445443883787,0.6015937699889521,0.5058344610165209,-0.1986568497925726,1.0132783832800851,1.2119352330726576,0.04834558662860569,0.25438894099838627,0.6635191664160078,0.5321771991671986,-0.17303401930089968,1.1052157215604992,1.2782497408613989,0.051765618475331975,0.24463191654975047,-3.669843653501352e-17,4.8235474094988254e-17,-1.0191500421363742e-16,0.0,1.0191500421363742e-16,4.8536740359631244e-17,1.0191500421363742e-16,3.488815596451208
squats_29,squat,148.81801579614518,21.73981638854911,111.24892129586765,170.58511172452833,59.336190428660686,3.1875679773946946,17.332166347011935,145.29908882338813,24.84869365287901,106.89955310954957,170.89213867060727,63.992585561057695,3.523495532378965,14.335573359576543,30.87346203985359,34.265194237568544,0.14911693016039299,86.7493314206126,86.60021449045222,3.274095371310378,12.369450779109542,29.768827974514924,30.611680457031756,0.7946407204939144,82.77096816200742,81.9763274415135,3.0545683586261183,10.549353720377226,172.80398884762909,9.867153714453575,142.1330558927032,179.9411805314681,37.808124638764895,1.5850866175687173,6.092710759560731,171.88755169375477,11.503268691339082,136.8109125311245,179.84458058461132,43.03366805348682,1.7798811058676292,7.426284507358417,173.89990040801462,7.047292437756108,152.22553936099806,179.46947023312978,27.243930872131727,1.4076952655471002,5.630622076103634,172.2329514597291,7.575927014146544,149.2580300834334,178.9093299003176,29.651299816884205,1.4516963968301808,5.663928738339308,0.5644458488241537,0.48414712373537155,-0.1388465684239154,1.0132783832800851,1.1521249517040006,0.04290307490562119,0.2221633234090351,0.6177437913058073,0.5180084414870565,-0.15738927697707494,1.1052157215604992,1.262604998537574,0.04616637181380942,0.20189260871882575,-2.6702092504697165e-17,4.428235865338604e-17,-1.0148132334464322e-16,0.0,1.0148132334464322e-16,4.154363634709974e-17,1.0148132334464322e-16,2.094950890758318
squats_29,squat,119.34145318409668,13.203814601806027,105.64235069986115,161.16361934271572,55.521268642854565,3.8722150705392155,17.332166347011935,114.26281636124834,14.664941935611349,101.70216508236471,161.88371613594558,60.18155105358086,3.8064985489869523,14.335573359576543,71.59224577006073,21.13282297344696,7.139430812156165,87.86112891154997,80.7216980993938,3.7034125625064376,12.369450779109542,69.15988831426012,20.536236506286624,15.519269041265455,86.3876869214767,70.86841788021124,2.91963067721726,10.549353720377226,146.53231287188464,23.353449183040347,117.1630461381507,178.86056435268964,61.69751821453893,2.8845663340280354,6.092710759560731,144.13834144605917,24.30847978652122,114.55989935305601,179.41255968886986,64.85266033581385,3.0427678536252114,7.678636161059586,154.47106701318364,18.502724440738774,130.78421311111774,178.79665652459903,48.01244341348129,2.220333038707328,5.630622076103634,152.26443123171353,18.44838751088705,128.7269971792827,177.77178696512854,49.044789785845836,2.2755942437006986,5.663928738339308,0.03618836382154889,0.23856439661694476,-0.1388465684239154,0.8601718228073436,0.999018391231259,0.042088186995685964,0.2221633234090351,0.03721179671509851,0.24766595565148658,-0.15738927697707494,0.8803742900284706,1.0377635670055456,0.04445058007442121,0.20189260871882575,-1.003971211721577e-17,3.012043726208464e-17,-1.0148132334464322e-16,0.0,1.0148132334464322e-16,2.077181817354987e-17,1.0148132334464322e-16,1.3720999804455443
squats_29,squat,117.24784224366577,8.715250264897845,105.64235069986115,135.0680346689024,29.42568396904126,3.0969970646329457,10.527794187132955,110.957113443307,8.97001740916307,101.70216508236471,140.56131799005547,38.859152907690756,2.6113809637712864,11.984286501907107,76.55200375256418,17.628856310625086,14.175613983731477,90.0469212002242,75.87130721649272,3.7698430901815225,17.597811869912952,71.36945669156805,17.491204526590675,18.959464702605608,86.3876869214767,67.4282222188711,2.8740612076195466,14.937653360535599,146.22180577245965,22.389422606053287,117.1630461381507,176.3392279383354,59.17618180018469,2.7878287636292156,7.943454529482665,145.2343120236339,24.392655546121862,114.55989935305601,177.81932572517323,63.25942637211722,2.8367044424758197,7.885569923896611,154.03833490948014,17.514162012790965,130.78421311111774,175.9275479631997,45.14333485208195,2.2402132718975567,8.999737590056867,152.22140909339743,17.77161829166239,128.7269971792827,174.26546667014495,45.53846949086224,2.1875454719308354,8.190885394292025,-0.026708344213664397,0.17795836472444052,-0.19159438903843895,0.615977704228544,0.807572093266983,0.03678450243148557,0.18645788375889205,-0.0187013923700924,0.18387443657707664,-0.14690938740078918,0.6667092642995078,0.813618651700297,0.03788017113920322,0.2004890462509995,-2.0202300480646567e-17,4.0410357748766445e-17,-1.0343288725511712e-16,0.0,1.0343288725511712e-16,2.116063550437226e-17,1.0343288725511712e-16,1.2288025842989077
squats_30,squat,41.05207315772005,17.54932688787459,26.83269336935653,101.10359878766496,74.27090541830843,3.452687237502038,18.914513830948977,37.47513855925525,19.26735214155995,23.764237882339536,106.11458935449146,82.35035147215191,3.515164625436422,24.443517803581983,16.222360275875555,1.3718515549620343,13.958637970537884,18.932803396735395,4.97416542619751,0.39943474511902133,1.332966827937934,20.11884354399984,2.21853248160183,15.90568071896335,23.358452146911297,7.452771427947948,0.5094470316597627,1.4995504416133407,144.776654720236,16.575347271734948,119.27807422320332,165.83826638108613,46.56019215788281,2.156085545387523,9.096190773366487,143.21266371107836,16.29360451974168,117.44364181015673,163.4989196338447,46.05527782368797,2.137836096613227,8.302393869825082,151.23576402641376,18.222062614052202,124.52958146126477,177.03201004467815,52.502428583413376,2.376439045843451,9.09031580970941,149.8074233076886,17.096592706147785,124.22816544902959,174.39492524380205,50.16675979477246,2.2829606892962024,8.234940620727542,0.29663416721645025,0.13913518897283658,0.13102859126481092,0.6639115670779876,0.5328829758131767,0.0313656718059344,0.08126947404016094,0.3465027778994231,0.11744593911689963,0.20948835509100783,0.6592384240577585,0.4497500689667506,0.02704947653618596,0.07803036020136456,-2.9738762089466984e-17,4.6060870765142724e-17,-1.192622389734055e-16,0.0,1.192622389734055e-16,3.053711498228138e-17,1.192622389734055e-16,0.8797554904963087
squats_30,squat,32.44278975849433,3.500797655881101,27.708854989326802,40.99642122819047,13.287566238863668,1.1972347485452979,3.1010785345773257,27.749492900645972,3.204586658800549,23.74349262863092,33.68130294995453,9.937810321323607,1.157486620534373,2.9581437701266395,15.047759786761414,1.0012748185342064,12.58860551693595,16.17943365935901,3.59082814242306,0.3055922280288833,0.9025125248107866,21.04617389639646,1.136932088599283,19.150594375888865,22.740499872261072,3.5899054963722072,0.3680437920853131,1.0351590752845006,142.84045859799534,14.994062015511556,119.27807422320332,161.92213716187425,42.64406293867093,2.4926578386028697,9.096190773366487,141.23008235897976,15.125593012490834,117.44364181015673,162.06178813513813,44.618146324981396,2.553269016715919,8.302393869825082,149.03539707290508,16.34726022289341,124.52958146126477,171.95302800389285,47.423446542628085,2.6789784202396763,9.09031580970941,147.48027478229366,15.412188152805657,124.22816544902959,170.11446179220476,45.886296343175175,2.5522490506184057,8.234940620727542,0.1917541176656333,0.0728996841161659,0.1038567118019097,0.3439568477630063,0.24010013596109658,0.020057417102658355,0.0530618022957382,0.25644569587247396,0.05946420217331635,0.17073227722714635,0.35856324634741366,0.1878309691202673,0.020142127283451106,0.05472582047650565,-2.8947294503552565e-17,4.819436207120792e-17,-1.192622389734055e-16,0.0,1.192622389734055e-16,1.5582602258343387e-17,1.192622389734055e-16,0.2946688638780445
squats_30,squat,31.27848090764242,2.7415473733617897,27.17892725940932,37.86289198926217,10.683964729852846,0.9227402892063169,2.389905005821781,27.653236971797334,2.786924320637248,23.74349262863092,32.996808444633075,9.253315816002154,0.8217633056959073,2.262190054551734,15.343368732077495,1.231068893732676,12.58860551693595,16.94118826091951,4.352582743983561,0.3294856138950164,0.9025125248107866,20.651899356035678,1.1647619739014057,19.103901884944264,22.740499872261072,3.636597987316808,0.35126073878679265,1.0351590752845006,146.864211053464,13.585093090015192,119.61767897006285,161.92213716187425,42.30445819181139,2.395807261995232,5.654443687761045,146.00449052217942,14.024239905994248,118.08111865291691,162.06178813513813,43.98066948222122,2.5022974508436553,5.9911065087363795,153.94114665612932,14.532399304539402,125.83714267457789,171.95302800389285,46.11588532931496,2.6948833504572325,5.607695676591618,152.32416601648336,14.36321146821212,124.51085100688921,170.11446179220476,45.60361078531555,2.626069678768781,5.604116847512671,0.19539079551135546,0.07915338041111072,0.1038567118019097,0.3373731981088184,0.2335164863069087,0.01619643667056509,0.05366091289521013,0.27135852452079157,0.06893646307647744,0.17073227722714635,0.36595747448394567,0.19522519725679932,0.01578164158811319,0.03442440148049852,-3.3096174816930427e-17,5.082074009890102e-17,-1.2663481374630692e-16,0.0,1.2663481374630692e-16,3.158393087295704e-17,1.2663481374630692e-16,0.23732618102361147
squats_30,squat,31.047251607854744,3.0899061806502526,27.17892725940932,37.86289198926217,10.683964729852846,1.0110890143468136,2.9637429873643306,28.116899025319082,3.243301655306629,23.3932637360111,34.37551520600947,10.982251469998367,1.1417777330243224,6.272734069484429,15.847905566741058,1.3107283436194723,12.775826771032714,17.272444538454987,4.496617767422274,0.29067841195161664,0.7711122761614941,20.549440833120574,1.1851158316444819,18.23211260236908,22.719942281575868,4.487829679206786,0.4435739755444129,1.8557030006920385,144.59062195654312,14.087033633349872,119.61767897006285,164.05873361122914,44.44105464116629,2.876578037256108,10.933142781450556,143.4056041201078,14.431681187299622,118.08111865291691,162.73087041599976,44.64975176308285,2.960610947035153,10.18343730675143,151.6036850941709,15.013126639811189,125.83714267457789,174.26199865060926,48.42485597603137,3.0782456022668367,10.543500387810411,149.8586805417521,14.781585754649537,124.51085100688921,171.88103137602712,47.37018036913791,3.0861033516637844,10.028918769644804,0.21055864155944296,0.07761557551522939,0.0993822550340101,0.3373731981088184,0.23799094307480828,0.020496326872241073,0.07416490891183236,0.28614743043818913,0.0678508330961387,0.1744319471421324,0.3782139200048482,0.20378197286271582,0.020035301925446176,0.1023590097770245,-2.924635360279648e-17,4.878639671861298e-17,-1.2663481374630692e-16,0.0,1.2663481374630692e-16,3.816017784330877e-17,1.2663481374630692e-16,0.24056243039255973
squats_30,squat,29.78835030940952,2.5745590200577007,25.127032874367636,35.407539859328615,10.28050698496098,1.1455977346077593,2.9637429873643306,26.37414443762786,3.3484704659725057,21.884750128142446,34.37551520600947,12.490765077867021,1.532063495322624,6.272734069484429,14.94277513447025,1.4035464627331027,12.775826771032714,17.272444538454987,4.496617767422274,0.287363830274179,0.7711122761614941,20.311839298528053,1.3113757987928532,18.125553652519688,22.719942281575868,4.59438862905618,0.4398369147520804,1.8557030006920385,149.45071080221956,12.199769421937349,123.81787537323395,164.05873361122914,40.2408582379952,2.6861941632983823,10.933142781450556,148.25148303629643,12.406231537228152,122.54213624850641,162.73087041599976,40.18873416749335,2.7076461416329334,10.18343730675143,156.64901243179008,13.380709594072853,129.53528899026907,174.26199865060926,44.72670966034019,2.965147633727398,10.543500387810411,155.04176229731556,13.188058532669938,128.07946539970908,171.88103137602712,43.801565976318045,2.896646911791664,10.028918769644804,0.1865311156013941,0.07317868546169885,0.08531145700664622,0.33581593738933213,0.2505044803826859,0.02320107788274743,0.07416490891183236,0.2677583513480695,0.06458586617378378,0.1744319471421324,0.39468725655517045,0.22025530941303806,0.02437563110728069,0.1023590097770245,-4.992208903209505e-17,5.3831142566931275e-17,-1.2576745200831851e-16,0.0,1.2576745200831851e-16,4.4485936725534544e-17,1.2576745200831851e-16,0.3025028814630036
squats_30,squat,44.15746548101308,27.508254564957788,25.127032874367636,133.86286007827363,108.73582720390598,4.2480561970966475,25.08880389145223,41.86616743741068,31.298263100185906,21.884750128142446,141.90610775491905,120.0213576267766,4.509926493562992,34.017738962064726,15.353788951893117,1.5954261478451308,12.870363260285899,19.72556812345937,6.855204863173473,0.358372435530738,0.9932882637378775,20.022837615089998,1.167971923278846,18.125553652519688,22.51935047561111,4.393796823091421,0.4157521253091535,1.3300778055985951,144.95409379687803,13.513590401294465,122.1987786605046,163.74321169004332,41.54443302953872,2.7838860458244095,7.837588791415897,143.8020579640819,13.580140569524232,121.1142170283059,162.5502911656032,41.4360741372973,2.756040259946477,7.375829226424571,151.40402622205136,14.351967543503756,128.00681373516488,173.32788845496802,45.321074719803136,3.037614711691092,7.3473493179836,150.41056803837893,14.317690762376985,127.10464436441315,171.73530766901038,44.630663304597235,2.9346761910808548,7.357194386771596,0.3450406027155998,0.20057692476462305,0.08531145700664622,0.8782582571624683,0.7929468001558221,0.03416029632496269,0.12279596186219766,0.40784090280135227,0.17096910691002384,0.22968116436822117,0.8918736397745862,0.662192475406365,0.030003138174708923,0.12369264191279183,-3.986249987505038e-17,5.280202855404497e-17,-1.2576745200831851e-16,0.0,1.2576745200831851e-16,3.491504858221423e-17,1.2576745200831851e-16,0.8279992532130187
squats_30,squat,112.00847593220487,58.84773903597341,34.27602180678035,174.77383273663625,140.49781092985592,5.043397793915334,25.08880389145223,114.38465743348775,63.399198720310885,31.80041221638572,179.99496254288363,148.1945503264979,5.227633924658191,34.017738962064726,15.634115861313823,1.800746788961848,13.248760082935611,19.72556812345937,6.4768080405237605,0.4684255434903584,1.06421216149044,16.918082577171724,3.8720585293985477,10.45648319364925,22.51935047561111,12.062867281961859,0.633198760982471,2.5423889687652483,153.55381068602534,15.229354977710999,122.1987786605046,166.10724656231727,43.90846790181267,1.6249193642209443,7.837588791415897,152.9541359236712,16.241516366372355,121.1142170283059,167.8460735128984,46.73185648459251,1.7464971706202272,7.375829226424571,162.84098826028213,18.20317587026359,128.00681373516488,178.95995478356852,50.95314104840364,1.8574297441966399,7.3473493179836,161.80188960727392,18.326736116898523,127.10464436441315,179.78482753929651,52.68018317488337,1.9191784348254024,7.357194386771596,0.776100766441491,0.32718088599690165,0.31513593347538893,1.1493472378978513,0.8342113044224624,0.032355202630105655,0.12279596186219766,0.8091052975342222,0.3185904612293057,0.37343487854806556,1.1859110279604799,0.8124761494124143,0.029253128519406757,0.12369264191279183,-1.958069123508821e-17,3.966320770617918e-17,-1.1850329745266563e-16,0.0,1.1850329745266563e-16,3.261579225090876e-17,1.1850329745266563e-16,1.5910208034101636
squats_32,squat,161.9603501070082,5.721315861108534,148.19084380788462,170.19249903317976,22.00165522529514,1.766457125596701,6.600872687648518,155.44285002009383,5.251533628556236,140.60973752265286,163.05423400542648,22.444496482773616,2.570006569724176,12.178050582886215,57.86812124148104,21.495071233362385,16.6656020867617,82.08267259102264,65.41707050426095,4.7664838423634475,13.041162296927872,57.65456852903672,24.17072012759223,18.05511029601807,86.68777303140651,68.63266273538844,5.609963586072683,16.759219593108455,149.99226761672026,5.3956046047676365,142.2398904831881,159.44292952987462,17.203039046686513,0.9936583918808336,3.0494255453186554,140.47187488226226,4.042801213392877,132.5591097628787,154.07054047441784,21.511430711539134,1.1024700386085824,5.4554294076163785,148.0562661617459,9.794604709635328,137.5116958294803,177.91018965718408,40.39849382770379,3.5556061597985473,35.95469195798705,174.40027687239382,7.5286012150073995,141.5190425927956,179.79030716384577,38.27126457105015,3.2570975446685835,20.690832803562756,1.5830537376253917,0.35557268818566556,0.8343173646957601,1.921735361517202,1.0874179968214417,0.08278351855553591,0.2855849530043768,1.332226380637842,0.27421851259127145,0.7440530622612749,1.5890414038292238,0.8449883415679489,0.06821163150187694,0.28738316602914105,-5.85180052562843e-17,6.25638763165376e-17,-1.2836953722228372e-16,0.0,1.2836953722228372e-16,7.345656649998342e-17,1.2836953722228372e-16,1.651497177281674
squats_32,squat,160.08483883618746,5.08452541388928,148.19084380788462,170.19249903317976,22.00165522529514,1.9793907789175693,6.600872687648518,151.46901182166238,5.441704194350381,140.60973752265286,163.05423400542648,22.444496482773616,2.726297757854554,12.178050582886215,66.7260966033592,28.867389904100392,16.6656020867617,97.38674108248117,80.72113899571946,4.6787226014474435,13.041162296927872,67.39770490621478,32.869489993581624,18.05511029601807,104.17987030499783,86.12476000897976,5.428304670481459,16.759219593108455,145.5739380147448,2.579266055843562,142.2398904831881,151.89245083229315,9.652560349105045,0.9807051929021546,3.0494255453186554,135.6335175966779,3.2882406401668622,130.14177831883774,140.39682269544335,10.25504437660561,0.740196439570471,1.9665796048125515,148.57651663830364,9.469573760321872,137.5116958294803,177.91018965718408,40.39849382770379,3.3824779443728077,35.95469195798705,172.87625990455908,7.07835418674932,141.5190425927956,179.79030716384577,38.27126457105015,3.2262454311415296,20.690832803562756,1.4392845401560457,0.31358268025758923,0.8343173646957601,1.907720870109509,1.073403505413749,0.09400731091764473,0.2855849530043768,1.1843505456111332,0.273923019245865,0.7440530622612749,1.5890414038292238,0.8449883415679489,0.07808527209891304,0.28738316602914105,-5.85180052562843e-17,6.26664037001773e-17,-1.3877787807814457e-16,0.0,1.3877787807814457e-16,6.245004513516506e-17,1.3877787807814457e-16,1.7783172465144195
squats_32,squat,160.87046095327244,4.819468705204868,144.55667245592923,166.82141407409324,22.26474161816401,1.7705460748109618,6.188129083836742,151.30746451859056,4.2704452670311515,145.05942585243722,160.3765522509603,15.317126398523072,1.851699490136541,6.507690485458596,75.88236745138866,28.041157528161015,3.3560771797717326,97.38674108248117,94.03066390270943,4.2322021210113006,13.36428600745781,77.49638933400749,32.9262563203191,4.732246846171999,104.17987030499783,99.44762345882583,4.777191262064889,14.11017276781267,149.60466035633775,5.051995465785155,142.4611477665871,161.50028461740558,19.039136850818494,0.7099903331257804,3.4337807111957375,138.20297325970157,7.499021992939394,130.14177831883774,153.10306186356382,22.961283544726086,1.0278757926172513,5.121054713307046,147.99574316952425,1.14921599528998,144.78269616181066,149.66608112011338,4.883384958302713,0.3619295271882193,1.0119086649825704,175.37645373975903,2.350619820147608,168.4341693822991,179.66142471558163,11.227255333282528,0.8809322875894021,7.245502915492949,1.4854305677645,0.2562841457382006,0.7972929118312889,1.907720870109509,1.11042795827822,0.06843010855993936,0.28185799878793927,1.1742836628124371,0.23273282935729342,0.6552827676288453,1.5860272831908775,0.9307445155620322,0.06694736854939914,0.22001711982866445,-6.985153196599943e-17,6.128090566676595e-17,-1.3877787807814457e-16,0.0,1.3877787807814457e-16,7.178166107490236e-17,1.3877787807814457e-16,4.23776983343783
squats_32,squat,155.36334964656697,8.314718020720512,142.6891079929274,166.82141407409324,24.132306081165837,1.85406919904746,7.752225733824218,151.149880728242,3.747379644078735,145.16601045638828,160.3765522509603,15.21054179457201,2.0259133726670466,6.507690485458596,39.38336461732094,32.70065136950939,1.2813544125356666,96.56074304929786,95.27938863676219,5.30524549710724,13.36428600745781,37.17575489136731,34.883751959750064,2.488802219977191,103.15406543194736,100.66526321197017,5.355103572333338,14.11017276781267,158.06297095797598,5.908781202323694,148.57781647174724,165.08958003272386,16.51176356097662,0.8875441587676607,3.4337807111957375,147.05849885809528,6.407725415022402,133.9138959222337,153.10306186356382,19.189165941330117,1.2773874119345614,5.121054713307046,150.37569947790908,2.5671851627882374,147.63157074167339,155.94976902443977,8.318198282766389,0.7431366566554104,3.83249536713609,175.3893712855897,3.2005079587923015,166.7552018810599,179.66142471558163,12.906222834521742,1.7408673240731845,8.371179703269803,1.2957872915914,0.35308589513182764,0.7774755061653751,1.8723704139969297,1.0948949078315546,0.0860707664234373,0.28185799878793927,1.0709193305430937,0.31826883894502506,0.6215919046743281,1.6171736395735334,0.9955817348992053,0.0814948557338958,0.236120849879484,-7.355227538141662e-17,6.016198419393883e-17,-1.249000902703301e-16,0.0,1.249000902703301e-16,6.556058378174416e-17,1.249000902703301e-16,3.127669007302104
squats_32,squat,158.834343031979,10.09700689713667,142.6891079929274,171.55786068716566,28.868752694238253,1.5071974276264979,7.752225733824218,152.9046118329902,3.859898861576603,145.16601045638828,157.28796679729817,12.12195634090989,1.2419792176167106,4.5037311737115715,51.99000570044151,35.813929774489715,1.2813544125356666,91.60933768928568,90.32798327675002,3.2327543701915227,10.638974320009094,53.19933367630837,39.24350196278693,2.488802219977191,97.76115632167219,95.272354101695,3.4373332158152134,12.877154839016233,157.51202982057535,6.647055473466299,139.9092959698677,165.08958003272386,25.180284062856146,0.9956190995604828,3.317162165884298,143.38614536569796,8.730640909442522,122.23999797561031,153.07265386071407,30.83265588510376,1.334223200877145,3.657736704616468,148.6833086141444,7.014897221018243,123.71441653452791,155.94976902443977,32.23535248991186,1.4413097197324078,7.107632296433081,172.38727082745362,7.99829668318972,146.2943880912272,178.57713427516808,32.28274618394087,2.0548470589091723,8.371179703269803,1.3998432181881808,0.3697503861164412,0.7774755061653751,1.9314101863719075,1.1539346802065324,0.05685339698206427,0.2692896539447509,1.1510670492766961,0.31877141796141867,0.6215919046743281,1.6171736395735334,0.9955817348992053,0.0491869694218939,0.236120849879484,-6.198745220823791e-17,6.211332918979404e-17,-1.3877787807814457e-16,0.0,1.3877787807814457e-16,6.1014411913667e-17,1.3877787807814457e-16,1.616763769337679
squats_32,squat,164.9347485279022,3.8829832410954657,158.3469266021716,171.55786068716566,13.21093408499405,1.59583201290417,7.5358604817211585,155.16012717359206,1.2333995580216244,152.14164842508436,157.28796679729817,5.146318372213813,0.8213155499794282,2.7891945708739456,86.87702054055505,6.348606275822146,64.80269313355014,91.60933768928568,26.806644555735545,1.4335211283953755,5.985912250360002,93.43910551755668,7.675110209910006,64.15007650119054,99.39485021359852,35.24477371240798,1.543115038082429,9.799446818089933,148.25144803796155,7.105524109452203,134.48821497280534,156.8265244954441,22.338309522638752,1.8244323432792515,7.901613118431186,130.77191598752992,8.04237588069536,117.18476634937225,144.0010028531671,26.816236503794855,1.7251197497933723,5.003917196192248,139.101968737011,11.338089603068426,119.9561481115757,150.43276176509806,30.476613653522364,3.0100166828049777,11.992210733817643,162.42880037655704,12.646117766228327,143.84402949902255,178.57713427516808,34.733104776145524,2.965585863627689,8.822518725165395,1.5486341825885492,0.15259593297251256,1.4303290662757417,1.9314101863719075,0.5010811200961658,0.023091179309483893,0.09541845932029225,1.2587052841815813,0.12134422294888089,1.159048540223492,1.6005360946149059,0.44148755439141385,0.01903822721617446,0.08738936953790133,-5.3198186596622086e-17,6.102896460066212e-17,-1.3877787807814457e-16,0.0,1.3877787807814457e-16,5.551115123125783e-17,1.3877787807814457e-16,0.5662673136025369
squats_32,squat,161.48053055008762,2.5749347896429833,157.20494466978056,168.34732509475793,11.142380424977375,1.3898605401396347,7.5358604817211585,154.59557571328662,1.3126956788344943,152.08308618402006,156.95373102294215,4.8706448389220895,0.8191098552201794,2.7442142056764283,89.1406180998058,1.1104063513501798,87.40432977463001,92.12563669599686,4.721306921366846,0.6578276220886343,2.4953450397072743,97.31056495208577,1.4406131303949874,94.24390862891102,99.62821205991955,5.384303431008533,0.5753157709848448,1.6235192095271032,145.0723613766055,6.39421330258881,133.7675924552884,153.1747291721489,19.407136716860492,1.7774150156596429,7.901613118431186,126.79512159945891,5.71952557408807,116.8004238766057,133.6395852847296,16.8391614081239,1.5755470599202304,5.226633948766207,138.25059977594873,11.762162082495356,119.9561481115757,150.77007591591848,30.813927804342782,3.100246781620741,11.992210733817643,158.98521354401814,10.707815267592137,143.08279994618331,172.51460609662044,29.431806150437126,2.9095040476566396,10.439090373320568,1.4829582706604831,0.0338455377474343,1.4303290662757417,1.5237389797355674,0.09340991345982563,0.009290132399957424,0.03040163257209061,1.206679139276058,0.02608619703030471,1.159048540223492,1.2570214588916189,0.09797291866812685,0.007998464394641473,0.032954244797503085,-6.47630097698008e-17,6.073899739526306e-17,-1.249000902703301e-16,0.0,1.249000902703301e-16,7.32172942964004e-17,1.249000902703301e-16,0.36764064255858675
squats_35,squat,157.71782353939344,6.510698967207045,145.44502605076343,174.52421719152892,29.079191140765488,2.5187863739888443,6.473810215362846,158.57207814211867,5.656806995573637,147.53477886485908,168.63295708917258,21.0981782243135,2.511966886538091,7.777569782614989,82.19712868194478,31.32183645966819,18.65861587968588,116.15202017067683,97.49340429099095,3.950774400671499,7.517482388010961,81.4043427372682,28.589417525854838,19.33488928885902,114.00475583727919,94.66986654842017,3.592818858837371,10.12060561334545,123.415188565253,16.970842865593465,101.45650448238209,150.69145333873485,49.23494885635276,1.9332030013544057,4.983328240535869,118.68174484665067,15.778102590131779,99.3442027054664,147.61150866283984,48.26730595737344,1.809259748608957,4.664206710798851,159.49005879748213,6.28250911669126,149.369809117558,166.64238588825634,17.27257677069835,0.832763970596606,3.1025549541061253,156.3407901358088,9.991707111591408,140.93569264672908,168.80204564621886,27.866352999489777,1.3159365964463348,3.600371410263051,0.6935706625843784,0.3876863099400373,0.31173994694590934,1.4623045177712555,1.1505645708253462,0.04645925525255181,0.16918360579270786,0.5924313981420056,0.33883544110345937,0.2592998197971082,1.310619839572171,1.051320019775063,0.04169538667737796,0.10418038221238168,-6.06864096012553e-17,5.73616176608522e-17,-1.3010426069826053e-16,0.0,1.3010426069826053e-16,7.214056938027687e-17,1.3010426069826053e-16,2.1344420182236052
squats_35,squat,156.79748502329576,3.4392120819834138,145.44502605076343,160.4965205276881,15.05149447692466,1.6139294015511483,6.473810215362846,158.42496326260652,4.097788047677183,147.53477886485908,164.1694678041614,16.634688939302322,1.745995193265495,6.7660351764502025,112.90381364232393,6.097622307036498,92.32118233056774,121.11322705607166,28.792044725503928,2.0736059328067564,7.517482388010961,109.54923663064939,5.52520081037966,96.17954976097236,119.3935917038811,23.214041942908736,1.5978710473667588,4.668906281355959,99.88247649884705,9.863630018448509,87.2891330828175,125.33163861029482,38.04250552747732,1.8184922284147385,4.983328240535869,97.08628187601481,9.118059809078183,85.45187102767635,118.39486246756093,32.94299143988458,1.4874367173774037,4.472406926658792,146.97449333570788,8.088868507736468,134.10600132747598,162.53400828163993,28.428006954163948,1.478938011299387,3.8987430407380828,140.8550570762885,8.088504028182868,128.64419006243568,157.918173751526,29.27398368909033,1.774894423538882,5.273646258691656,0.3914647485391348,0.04433362766920085,0.31173994694590934,0.4690253835535583,0.15728543660764893,0.020495951778045876,0.05973735694854576,0.3181825208158464,0.03160084916502215,0.2592998197971082,0.36936988489722633,0.11007006510011813,0.015264358000597134,0.04513929897880187,-5.0798485788187504e-17,6.227378755721546e-17,-1.3183898417423734e-16,0.0,1.3183898417423734e-16,6.155277437172878e-17,1.3183898417423734e-16,1.071898986410146
squats_35,squat,156.59349099396567,1.6895722609546397,152.73546410387783,158.96048898094713,6.225024877069302,0.8574940463028777,2.864418718862794,159.36522638048766,2.4567947622874056,155.06064967548082,164.1694678041614,9.108818128680582,1.1844896212952465,4.338009110803455,111.97835936238302,6.728216588989134,99.22142108518365,121.11322705607166,21.891805970888015,1.3839466859481433,4.324913405964608,110.43009736493423,5.978760723564021,99.20170482354249,119.3935917038811,20.191886880338615,1.419389919265875,4.532673828731973,103.25645478336689,14.163181609684422,87.2891330828175,127.05858483170958,39.76945174889208,1.8787148908304894,4.389246201929524,101.45382533391621,14.210910985487532,85.45187102767635,125.5522077663991,40.10033673872276,1.8282379473688337,4.3082277367355175,149.0713182936734,11.31144158769254,134.10600132747598,166.91425488997166,32.80825356249568,1.7271679211328692,3.8987430407380828,145.29897838660034,12.880884420139344,128.64419006243568,165.8157062438233,37.17151618138763,1.8187839006475344,5.273646258691656,0.3658366003524491,0.03371086889415551,0.30420830995897874,0.41576767392323816,0.11155936396425942,0.013974095039760005,0.042593686133597375,0.29420023160248654,0.025575450826896273,0.2534994152641266,0.3396193911509771,0.0861199758868505,0.01070112446206797,0.02890921066673313,-4.920832260187543e-17,6.044747329015845e-17,-1.3183898417423734e-16,0.0,1.3183898417423734e-16,5.569060538394509e-17,1.3183898417423734e-16,0.6680523872797861
squats_35,squat,155.41765912796637,1.6282035360572327,152.6585069691517,158.26553737360683,5.607030404455145,1.0993670000940552,2.7874885325975924,156.16150840009198,3.5564111639042073,149.74199126168517,164.07389595791054,14.331904696225365,1.4545166593188745,6.631050816581876,107.86364464118394,6.788099656701875,99.22142108518365,117.51809103747571,18.296669952292063,1.5586405188300452,4.820550677085677,104.82101994047409,5.672417141180323,99.06687991306742,118.75660573926406,19.689725826196636,1.5502299505201595,4.953045002775653,113.53072387584676,11.941118864163661,94.33481762465416,127.05858483170958,32.72376720705542,2.1978318969997046,5.750138842073426,112.13787955502193,11.491541884991426,93.73721022778746,125.8654012683999,32.12819104061245,2.2342807486360465,4.968653683911299,156.8826211016391,8.810028927981456,141.80572051331487,166.91425488997166,25.10853437665679,1.7022946026209338,3.9233894344762064,152.9877698434948,10.588009506696421,135.65858018815078,165.8157062438233,30.157126055672535,1.9281092875093548,5.164672095062343,0.34025970186313326,0.03268063351553983,0.29019161126692006,0.4178581013720236,0.12766649010510356,0.013386748772950766,0.03245675239999435,0.28636413765669233,0.035873639312161656,0.2279463839199713,0.38672287047571363,0.15877648655574234,0.012040105515614009,0.04547072065827251,-4.7068830314837365e-17,5.779950646782883e-17,-1.2836953722228372e-16,0.0,1.2836953722228372e-16,5.748514691081765e-17,1.2836953722228372e-16,0.7023556607471941
squats_35,squat,156.85819568001858,2.391474590841391,152.6585069691517,161.6655811142262,9.007074145074512,1.247851595979364,4.162237303362758,156.6772347457377,3.9024110946831896,149.74199126168517,163.83793887504967,14.095947613364501,1.6172496901592852,6.631050816581876,108.88743743285865,5.534508393615408,99.39751821052245,117.51809103747571,18.120572826953264,1.5012324279936329,4.820550677085677,105.56579452762004,3.998476648360733,99.06687991306742,111.61787623441974,12.550996321352315,1.4234189778299091,4.953045002775653,110.90590342156742,11.242626817108894,94.33481762465416,126.95960526054334,32.62478763588918,2.1579322652710338,5.750138842073426,108.367967856125,10.553803103338074,93.73721022778746,125.8654012683999,32.12819104061245,1.905914060483739,4.968653683911299,154.59045942643633,8.505749098669584,141.80572051331487,166.01200728960652,24.20628677629165,1.627519579767884,3.9233894344762064,149.12539894955938,9.633684368595084,135.65858018815078,165.6924890551421,30.03390886699131,1.8361923737391639,5.164672095062343,0.3567251998235479,0.04741869105357389,0.29019161126692006,0.44202538654021617,0.1518337752732961,0.013754116581646386,0.03245675239999435,0.302854021879315,0.04860152841062229,0.2279463839199713,0.3872648291445041,0.1593184452245328,0.011825959025738424,0.04547072065827251,-5.2157352511036e-17,5.978118749690459e-17,-1.2836953722228372e-16,0.0,1.2836953722228372e-16,6.233040903337355e-17,1.2836953722228372e-16,0.7691408657589236
squats_35,squat,158.4931667208518,2.4842955639370983,152.9885115180789,163.73900271245276,10.750491194373865,1.3145202437999624,4.257663089939882,158.34427485731948,3.1518413506810363,153.63273961503216,163.83793887504967,10.205199260017508,2.005270003628627,8.641031617041932,112.7112148767637,4.62736508937682,105.37767652551919,120.38341893338112,15.00574240786193,1.4578615812061757,5.152977650282409,108.61633764686096,2.1953382086193973,103.95252922322314,113.47269207748319,9.52016285426005,1.5514272696056615,5.6230274945605885,103.54461843352314,10.24572662523428,90.49081341098027,120.76524886623825,30.274435455257986,2.2784395950446683,6.328260704674349,100.74076707085405,8.821066336488611,89.20383951796349,114.54090183848542,25.337062320521937,1.8174926256090864,6.736669827545697,150.96559968576608,7.405193768249518,142.20094485613566,163.40909820222964,21.20815334609398,1.5711022037408802,5.463365062670334,144.93049968948392,7.204031740985477,136.91069223366637,157.35373999881514,20.443047765148776,1.6123241096399,5.401972356659883,0.39882834181573185,0.07483952464662719,0.2632359837761937,0.5316558311596371,0.2684198473834434,0.020052615358234063,0.06810772851546887,0.34662955899388387,0.06867273899729336,0.26431246408725,0.468032285934361,0.20371982184711102,0.015961613853072005,0.07263897745252856,-6.262351748276274e-17,6.271827094160263e-17,-1.3183898417423734e-16,0.0,1.3183898417423734e-16,7.309765819460891e-17,1.3183898417423734e-16,0.8694556077501759
squats_35,squat,157.16367942870298,2.7527069305278937,152.96950640284288,163.73900271245276,10.769496309609877,1.2546878670783403,4.257663089939882,158.30918716094703,2.638459481117119,153.63273961503216,163.81483812200952,10.182098506977354,1.5974858860346155,8.641031617041932,114.95158516332283,4.117725194043876,107.71203849779091,121.81698733090697,14.104948833116055,1.756744357806908,7.643714798278822,110.9371001797463,2.9935269378295017,105.56250915058762,115.67258793289616,10.110078782308548,1.5506085112245798,5.6230274945605885,102.45854816320895,8.6191556140969,90.49081341098027,116.79140002917396,26.30058661819369,2.5594323977492346,6.328260704674349,99.81225004469063,7.652442354348864,89.20383951796349,112.81095005465649,23.607110536693,2.1812459278761143,6.736669827545697,151.2669416104254,5.591360443126561,143.14516927499614,161.27985729468955,18.134688019693414,1.5003307230833514,5.463365062670334,144.56599674471485,5.498245146056292,136.91069223366637,154.3888134987862,17.478121265119825,1.5843187981922064,5.401972356659883,0.37183924573709326,0.08638881336364453,0.23954426610749124,0.5316558311596371,0.29211156505214586,0.02770708975380351,0.07599087365500845,0.32201635492109865,0.08321371010014561,0.21062670411209589,0.468032285934361,0.25740558182226514,0.022219863976359527,0.07263897745252856,-5.426793274014112e-17,6.214075680470607e-17,-1.3183898417423734e-16,0.0,1.3183898417423734e-16,6.544094767995266e-17,1.3183898417423734e-16,0.7871269731636643
squats_36,squat,126.6846738106223,3.9386395946533845,119.33709347083935,136.58248609243705,17.245392621597702,0.9904560157943595,2.7409140649690897,130.93536820931106,7.018599733934303,117.39356090782965,147.9326347687032,30.539073860873543,1.4421197521729945,5.0158228095633035,35.20853471170305,2.727056429840019,30.536699377329168,40.78833686997019,10.25163749264102,0.7208106050366484,1.5941101858536584,34.640982463015234,4.050269124220973,29.020106979381104,43.499595640384854,14.47948866100375,0.9350304051808943,2.7342034504289856,159.41451404358858,9.430030926776404,138.90898576681985,167.35490798145713,28.445922214637278,0.9933576872800353,2.9795768331065915,158.10831155178792,10.875424309101662,131.9210879842638,167.2045392293138,35.28345124505,1.2166707325879311,3.64142822040904,168.94913440889,12.790095473609837,142.30252282334433,179.806953474116,37.50443065077167,1.3492789657675472,4.399366930878102,167.14564828501364,14.131960054517156,135.8695815767025,179.74323374028776,43.87365216358526,1.5943511650778865,4.049160221330851,0.7598808129235101,0.05375562167366505,0.6874751273014574,0.840366815358558,0.15289168805710052,0.009513552519377723,0.030238222232293,0.7612817289636384,0.0482470937015381,0.6823527087685644,0.8278511336453266,0.14549842487676223,0.009898799653992445,0.05213345290939686,-3.146354704552934e-17,4.4542718277212883e-17,-1.0495077029659683e-16,0.0,1.0495077029659683e-16,3.618992079192994e-17,1.0495077029659683e-16,0.7933037739993376
squats_36,squat,121.82960873324716,4.899113408802664,114.75428308991357,130.3955505320741,15.64126744216054,0.9514333425596078,2.8690401920157313,121.70304820662973,7.612510577164677,111.11931219573164,135.4839296874332,24.364617491701566,1.3926898259381322,3.143158194803746,38.498624167947874,3.891200197481187,30.638754697282206,43.918957182179085,13.28020248489688,0.8120034463557941,2.351271396156534,40.12656849291173,6.18920246537622,29.020106979381104,48.2834692482752,19.2633622688941,1.0966491532476434,2.4950705046408146,145.21314232009306,10.51704736351046,129.55216876609452,164.2682465590546,34.71607779296008,2.04755136727701,5.752504546063392,141.7126211003234,12.768655291983176,123.80390853485552,163.76538851847343,39.961479983617906,2.3054975788050105,5.205062790085464,150.34292914071213,13.249720192426754,132.70945988486008,177.4500539831665,44.74059409830642,2.4326189470842663,5.723511298267084,146.8674248896783,14.036543177994755,128.36537079974522,173.2765021240621,44.91113132431687,2.4755420297430044,5.014894624667164,0.8077675232205711,0.024184347953554893,0.7433546324839532,0.840366815358558,0.09701218287460478,0.008153996321143239,0.025299570001390492,0.8037873347728722,0.0170926426265147,0.771442837268611,0.8332101235195838,0.06176728625097283,0.007861878822059954,0.0321420627507617,-3.498359009886561e-18,1.8839239822763015e-17,-1.0495077029659683e-16,0.0,1.0495077029659683e-16,7.237984158385988e-18,1.0495077029659683e-16,0.4592030418812948
squats_36,squat,124.34560048653836,6.455980007640103,114.75428308991357,131.94258045243024,17.188297362516664,0.8138797389931859,2.8690401920157313,125.34100803383294,9.73529779151473,111.11931219573164,136.81826619888375,25.69895400315211,1.0725122880617124,3.143158194803746,36.04229066432628,5.461358594986044,28.85393383172794,43.918957182179085,15.065023350451145,0.6957749996620144,2.351271396156534,37.557495126545874,7.49463841509209,28.81741870194178,48.2834692482752,19.466050546333424,0.7989188845293153,2.4950705046408146,151.31629890401484,14.287202906167721,129.55216876609452,167.9568214056206,38.40465263952606,1.6096778458188412,5.752504546063392,147.92315666625075,16.1101645451408,123.80390853485552,165.29995200931887,41.49604347446335,1.6836776653719772,5.205062790085464,158.40043130204054,18.197490431811243,132.70945988486008,179.82427088344653,47.11481099858645,1.9638800895812547,5.723511298267084,155.91031431382353,19.832711412825297,128.36537079974522,179.83718267162965,51.47181187188443,2.0112221490006763,5.014894624667164,0.7795286575982641,0.035322360573532934,0.7258599518487119,0.8252221003137261,0.09936214846501423,0.007195070429426916,0.02299944963769729,0.787613400424534,0.024129346930606924,0.7408860025860358,0.8332101235195838,0.09232412093354803,0.00818843863378751,0.02401950282547416,-2.832658875980461e-17,4.327505231049904e-17,-9.77950359581925e-17,0.0,9.77950359581925e-17,1.9784820333769963e-17,9.77950359581925e-17,0.4651723966273229
squats_36,squat,131.09729315288635,1.5110113477069929,127.0627838961825,132.3527893396828,5.290005443500306,0.2593716701142454,1.249524568808397,135.6962512802317,2.487935440384561,128.5690784295564,137.40011192189144,8.831033492335024,0.34220044735741145,1.8884834258183218,30.07382123792002,1.5538750467477416,28.81149988472883,33.7190024574349,4.907502572706068,0.2436816409419857,0.9822676071472003,29.875109411145505,1.5545722056180704,28.68500463528753,34.606460653685794,5.921456018398263,0.24841826612378734,1.3063256612344922,165.85069273710266,3.1605943710672486,155.60653823038595,168.02466796167212,12.418129731286172,0.4753957725102219,2.36409617762493,163.96793289326735,3.1173672903781595,152.81446287714235,165.72992195977614,12.915459082633788,0.48939846390220115,2.7554178320357323,176.8755144874548,4.347287244605906,161.21594939191382,179.90608605230554,18.690136660391715,0.7528790026430948,4.142652957787931,176.73274743128735,5.546526324167074,158.36975258698178,179.91773305804674,21.54798047106496,0.8196638553780109,3.970283111916558,0.7440627693184532,0.016852940369675152,0.7258599518487119,0.8098334596430836,0.08397350779437174,0.003986058813863893,0.02299944963769729,0.775156558482356,0.013329385085620373,0.7408860025860358,0.8103428309633026,0.06945682837726685,0.004545223646511596,0.02401950282547416,-5.664594950512599e-17,4.625661655588185e-17,-9.77950359581925e-17,0.0,9.77950359581925e-17,4.5925308575213576e-17,9.77950359581925e-17,0.4310314254013603
squats_36,squat,130.57602696507695,2.718574630994933,122.5468428859395,132.3527893396828,9.805946453743303,0.3711344132982455,1.6605578491157758,134.47811829134224,4.504686074044729,121.96793027698148,137.40011192189144,15.43218164490996,0.5770645958739464,2.1757651170012764,31.030976737638152,2.973322621035043,28.81149988472883,38.625531812532024,9.814031927803196,0.34536158890188856,1.331354240393214,30.864819278171176,3.0517478418842336,28.68500463528753,39.32881103056831,10.64380639528078,0.376323254070538,1.5851224810157163,162.5295728918692,7.085051447406418,145.2698317442318,168.02466796167212,22.754836217440328,0.7846495247393217,2.5521446998344004,161.21370583551277,6.37569492262709,143.4849971281867,165.72992195977614,22.24492483158943,0.7857180919996914,3.488228802808379,172.6152886150108,9.126557546941507,150.0288635936643,179.90608605230554,29.877222458641228,1.0914849976115533,3.5916591478263626,172.13226170330933,10.279585398245915,146.7090975775485,179.91773305804674,33.20863548049823,1.1775673686585797,4.266922777056067,0.7616185403986737,0.03333201037764967,0.7360581002910155,0.8379390241624072,0.1018809238713917,0.003907955270334955,0.021562628614276047,0.7893659061616293,0.017593899699000652,0.7791786205010414,0.8399060141715698,0.060727393670528484,0.0024316828113322753,0.022780442535818568,-3.841870398202385e-17,4.7102986613468194e-17,-1.0467971975347545e-16,0.0,1.0467971975347545e-16,3.9969673882905266e-17,1.0467971975347545e-16,0.4349312811660283
squats_36,squat,123.84701750579985,5.8814637264019245,116.36118444650289,132.03096115314216,15.669776706639269,0.7583945505190036,2.7315785305825955,124.51519807974115,8.344328246829612,113.87604877115828,137.32850223078952,23.452453459631244,1.1695729671078896,2.2536753076049507,37.067128871145535,4.7249915542120355,29.22446312208488,42.906087381518574,13.681624259433693,0.6833681627925059,2.046049721545465,38.1613358031287,6.21666476183183,29.10152452493595,47.01225715886036,17.910732633924408,0.9091034785704817,2.194597949868111,148.84792561060252,10.358538787243964,135.51692571686277,166.31797289705136,30.80104718018859,1.5201081149391524,4.352689320254484,146.5382955093579,11.946419946692975,130.56621452050655,164.6023026342633,34.03608811375676,1.675771847785914,4.4445631735385405,155.39731562091546,13.485667828134284,139.4804984820939,179.35820562617266,39.877707144078755,1.824923354745711,4.369346966170895,152.45639058002118,14.754644109945914,134.77633562709718,178.40856881228416,43.632233185186976,1.9894397346494697,4.266922777056067,0.8016938899085291,0.030536323621575254,0.7421069180240802,0.8379390241624072,0.09583210613832693,0.005914836722933202,0.021562628614276047,0.8097118206857492,0.019828257055902118,0.7795972067257955,0.8399060141715698,0.06030880744577438,0.00568411447608246,0.022780442535818568,-1.0099343236702474e-17,3.032126386651061e-17,-1.0467971975347545e-16,0.0,1.0467971975347545e-16,1.3829185641461658e-17,1.0467971975347545e-16,0.5021850359275524
squats_36,squat,124.07761468948644,6.098485823210616,116.36118444650289,133.19499089073275,16.833806444229864,0.768077111906042,2.7315785305825955,125.57602707401712,9.334240669905963,113.87604877115828,139.3043504432519,25.428301672093625,1.141422901362075,2.2536753076049507,36.237152113680814,5.406091678032005,27.95928701788977,42.906087381518574,14.946800363628803,0.6888277380912153,2.046049721545465,37.357492205806,6.896530300089991,27.78339858770468,47.01225715886036,19.228858571155676,0.9010988561005608,2.194597949868111,150.80601770229697,11.596149434563184,135.51692571686277,166.68788458516232,31.17095886829955,1.3621902255070888,4.352689320254484,148.2027580891055,13.266967761719508,130.56621452050655,165.50937152476675,34.9431570042602,1.5990161542286452,4.4445631735385405,158.03088078981838,15.467233919030612,139.4804984820939,179.90802757139858,40.42752908930467,1.7260534077467713,4.369346966170895,155.4395749304073,17.225276590684082,134.77633562709718,179.99982727376283,45.22349164666565,1.9234658310338189,4.479899611779814,0.7938245586438112,0.02912803764493667,0.7516450391385431,0.8324385956042841,0.08079355646574105,0.00462815132504696,0.019548936399556238,0.8034120372821412,0.0224333504447207,0.7532146549832551,0.8337947010343786,0.08058004605112346,0.008372738377831226,0.02484886679545717,-1.2784550617224907e-17,3.259874022342321e-17,-9.806608650131388e-17,0.0,9.806608650131388e-17,1.9803513474674887e-17,9.806608650131388e-17,0.5293558997000523
squats_37,squat,143.31767393773666,16.56204767718285,119.9983469250363,169.09537811175252,49.09703118671622,2.2002354339577357,7.113159409835788,143.97227763715344,14.258966649309967,127.65536871670548,166.61878964258028,38.9634209258748,1.8601125435475856,8.839347962253555,47.36847891205657,22.0377054374224,4.102095919799009,69.38353659268543,65.28144067288642,2.3110527795938127,5.205124326128804,44.950309876740555,20.87473331945914,6.765887714751774,66.09530613988663,59.329418425134854,2.1384602039716647,6.317359774428468,131.60043523541253,23.840521837257473,100.24678838467632,167.7181119495339,67.47132356485757,2.383552592589485,4.691918736475515,132.71069136762947,22.123118410725088,105.65586630903309,167.6254327309604,61.96956642192731,2.1784757340478427,5.845446122017307,153.23522021762003,14.626959067254328,130.93241394991026,172.54302661199998,41.61061266208972,1.5118432286054888,3.4854743651190745,152.17756885153415,14.518663026819427,132.41664515977297,172.1056856075188,39.68904044774584,1.4979850185113042,3.8406802227864034,0.7871874537703313,0.22263275568756402,0.5407173702585351,1.2459894394937774,0.7052720692352423,0.0260919600873201,0.08646621993982107,0.7603394761827442,0.20180954337915352,0.568039402840495,1.1149774320052013,0.5469380291647062,0.0207979981099294,0.05873073639444881,-4.853611725493442e-17,5.2472019931722436e-17,-1.196959198423997e-16,0.0,1.196959198423997e-16,4.342790495031593e-17,1.196959198423997e-16,1.1238803691247965
squats_37,squat,132.7867567411904,12.626652707473124,118.20574409820519,164.85491325948342,46.64916916127824,2.844531412011572,8.667270303406752,134.20311546388461,10.77478145458911,120.76145701520662,161.36269316231994,40.601236147113326,2.2778893279042345,6.656824033065249,58.122291260027175,13.351859368594132,23.12029065212295,69.38353659268543,46.263245940562484,2.0737745798616527,6.495768969378911,55.750132383285546,12.970309830848075,20.94283704121391,66.80168455573867,45.85884751452477,2.1686320463672315,5.635417255657327,119.19149483762062,16.053597878934912,100.24678838467632,153.5817456218705,53.33495723719419,2.764861121484305,4.857474743554235,120.57039084280267,14.559375114383172,105.65586630903309,152.8047055009146,47.14883919188151,2.4548689255298166,4.869278184437746,146.12686850012773,11.098871451177876,130.93241394991026,165.5903118627829,34.65789791287264,1.9794305500094254,5.282599700066214,144.42746173565158,10.134217504054623,132.41664515977297,164.46184981660866,32.04520465683569,1.7600579018861355,4.807555636820496,0.6649496412304784,0.14227499879426428,0.5407173702585351,1.0942081825437642,0.5534908122852291,0.025813196672360348,0.09657686389186448,0.6427182644006602,0.12311344944927455,0.5456546559397997,1.0346448668708008,0.48899021093100115,0.02332071939167961,0.07929669356359859,-5.125746470787303e-17,5.509453951443306e-17,-1.196959198423997e-16,0.0,1.196959198423997e-16,4.6224398829692336e-17,1.196959198423997e-16,1.0452727955328216
squats_37,squat,154.1862918347222,20.3135213521007,118.20574409820519,174.04968597067315,55.843941872467965,2.5277451396235033,8.667270303406752,152.9443200789705,18.404591603423203,120.76145701520662,174.19909835250775,53.43764133730113,2.6959052835527895,6.656824033065249,30.067132289937078,23.211329059138148,4.531042407398656,68.13986168378925,63.60881927639059,2.696384945132087,6.495768969378911,29.339661163782754,22.589438192172516,5.816410562744126,66.80168455573867,60.98527399299455,2.4788907794072315,5.635417255657327,143.91592918268688,19.927277910234345,102.63302446776234,163.0173571825092,60.38433271474685,2.3827479943927212,4.857474743554235,142.78754418197747,18.48675431447021,105.97176262063024,159.8476794958388,53.87591687520856,2.1743689214523987,4.869278184437746,161.62906911589474,12.480379020431403,132.72876595197707,172.69833886892832,39.96957291695125,1.519550605745154,5.282599700066214,158.3950908649235,11.463765318906587,134.0426026922799,168.40966708846847,34.36706439618857,1.4612622351614473,4.807555636820496,0.9651509597886947,0.26917570654098305,0.5495846371267232,1.2750530295002045,0.7254683923734813,0.02833092294688699,0.09657686389186448,0.9179815560201289,0.25053935888169365,0.5456546559397997,1.224193801339243,0.6785391453994434,0.02892567512131674,0.07929669356359859,-4.692065601793101e-17,5.04830710907929e-17,-1.1796119636642288e-16,0.0,1.1796119636642288e-16,4.836289414921547e-17,1.1796119636642288e-16,1.379546703576177
squats_37,squat,158.6794683067216,16.5644570161472,125.43409395003839,174.04968597067315,48.615592020634764,2.044128527857427,6.51928887048237,158.0128085102321,14.258692988553936,129.95813280140177,174.19909835250775,44.24096555110597,2.29865303306712,10.960117064201825,27.213731426472854,19.775729291402644,4.531042407398656,59.864546134978546,55.33350372757989,2.4389179750804413,5.713726935839874,26.616635160190533,19.591542643003873,5.816410562744126,61.28781320797452,55.4714026452304,2.349077880938528,4.742018700704122,150.28410770915556,10.376194679886904,135.67709731844135,163.0173571825092,27.340259864067832,1.1812788389093734,2.7543038351276152,149.01524274829725,9.140219523888517,135.58417291485682,159.8476794958388,24.263506580981982,1.1151864371942992,3.3882974368573002,166.88827969151802,5.0240071047012895,159.13624298037553,172.69833886892832,13.56209588855279,0.6680745539399556,2.1376807418507724,163.83625525063135,3.471052919104447,158.05476564560857,168.40966708846847,10.354901442859898,0.6887158494665765,1.996858475499124,1.0183447001196368,0.2683784519428599,0.4517014014135343,1.2750530295002045,0.8233516280866702,0.03576036277129253,0.0987715126097084,0.9600422726807736,0.25641923946942885,0.42081238524574616,1.224193801339243,0.8033814160934969,0.03550306371101926,0.09152362720087281,-4.225497266900173e-17,4.839480595397438e-17,-1.0408340855860843e-16,0.0,1.0408340855860843e-16,5.428488118789491e-17,1.0408340855860843e-16,2.4993535131293316
squats_37,squat,133.49010939218337,16.75254030256688,117.02409070072372,167.03012463087947,50.00603393015575,1.9356747470915114,6.51928887048237,135.92571867530194,15.69184811041064,116.56722771543124,164.0091665211163,47.441938805685055,1.9094067860288566,10.960117064201825,52.934728841664004,11.81400644295782,22.07945162879965,63.52331961648771,41.443867987688066,1.6094980197856226,5.118427433923991,52.06030621998035,12.631229972856726,19.05938646349359,62.07568997290469,43.0163035094111,1.6773071533452506,4.742018700704122,136.76613146551327,5.533447370691072,126.52682905169577,151.66421898151563,25.13738992981986,0.8671435945104554,2.700026932608324,137.5270654377615,4.684358454042375,129.53465715055938,151.73026917535188,22.195612024792496,0.8217844684161372,3.3882974368573002,160.0027246267718,3.1458013400205553,154.62508374814698,168.1191045885147,13.49402084036771,0.4858819980911576,1.5683092387496913,158.51157054888367,2.367101550216758,153.44609433646895,164.28697988795952,10.840885551490572,0.4499126617023411,1.996858475499124,0.6302826672891062,0.2808502479352552,0.41179326223595014,1.2478503539407275,0.8360570917047774,0.030658200704592367,0.0987715126097084,0.5867335959035085,0.26289835383451565,0.3791042505458618,1.1552172057509305,0.7761129552050687,0.028749975488095277,0.09152362720087281,-4.758563335038879e-17,5.091151695273842e-17,-1.0668549377257364e-16,0.0,1.0668549377257364e-16,5.998255053571529e-17,1.0668549377257364e-16,2.717196237345871
squats_37,squat,119.6139116833862,3.0291895795680674,114.45594191057431,124.98131214993805,10.525370239363738,1.4351046602901534,6.1381958629555555,121.89398899381045,3.7262082446399263,116.56722771543124,128.8183798624696,12.251152147038368,1.1108223432536977,4.128255503898785,63.464455854731085,2.8085426296394886,59.36793144667699,68.5305224404619,9.162590993784903,0.6918809116639297,1.9173047410849549,62.0953137626169,2.116018581681551,58.41780037040416,66.5461988033824,8.128398432978237,0.7392958958891483,2.1537498269415636,123.84258905961671,9.787593347642469,109.79089064277953,135.15337625644145,25.362485613661917,1.243267808718452,3.665280250682116,124.97487518500924,10.274643118289346,110.14752913028002,135.638983176796,25.49145404651597,1.2831023378707653,3.930318139915684,151.18958247177224,7.14812526221877,140.45626675095068,159.0440358589389,18.587769107988237,0.9246873380889038,3.4524317032300758,148.8695740732039,8.300721230026157,136.85173450409744,157.9549910492335,21.103256545136077,0.9733098809380436,4.148104717816466,0.4667766066558538,0.04668960491996407,0.41179326223595014,0.5604849570355035,0.14869169479955335,0.008535348062410653,0.04407677874573068,0.43711994793703884,0.04827610193957986,0.3791042505458618,0.5178689369815661,0.13876468643570433,0.00838525869919035,0.03531680546350918,-3.941797698433132e-17,5.192965244881852e-17,-1.1796119636642288e-16,0.0,1.1796119636642288e-16,6.016200468840254e-17,1.1796119636642288e-16,0.8989090377089546
squats_37,squat,121.73169089109949,4.605695074045768,114.45594191057431,133.90546042689664,19.44951851632233,1.8973032272166344,6.1381958629555555,121.152738228998,2.8999053535110266,116.70973041505869,129.4583307808696,12.748600365810915,1.8570978897706527,6.57913887646221,55.96666190492692,12.31206722516483,26.734665585072968,68.5305224404619,41.79585685538893,1.6101046601852367,4.328026062036809,54.33999486027983,12.306246517020087,25.036396807717104,66.5461988033824,41.50980199566529,1.7923218768832527,4.297065092610069,129.17382395061685,16.790159296947373,109.79089064277953,160.04842432494524,50.257533682165715,2.2640990605332814,4.222723227707846,129.35742247104534,16.252732653809616,110.14752913028002,157.64291612883076,47.49538699855074,2.2754552152239986,4.23884923730246,152.88489699189296,9.492237213777091,140.45626675095068,168.80765480787474,28.351388056924065,1.4393646806800222,3.4524317032300758,150.08206977828442,10.284737659554116,136.85173450409744,165.1652663673648,28.31353186326737,1.5093555876000424,4.148104717816466,0.516536294165747,0.046682635441827186,0.43979041793828183,0.6814450896095994,0.24165467167131754,0.014827321902147377,0.07099050772495108,0.4817164287419002,0.04404153551970809,0.41346716147826906,0.6300142821593705,0.21654712068110143,0.01630251526225667,0.06848695320506748,-4.1004526163401776e-17,5.0610029398385115e-17,-1.1796119636642288e-16,0.0,1.1796119636642288e-16,4.504299232450123e-17,1.1796119636642288e-16,0.9557378822007151
